	
--CREATE RM Fields

--Get next available ProductTypeID
if not exists(select PRODUCTTYPE_ID from SYSTEM_LIST_PRODUCTTYPE where PRODUCTTYPE_ID = '213')
Insert Into SYSTEM_LIST_PRODUCTTYPE (PRODUCTTYPE_ID,PRODUCTTYPE_DEBUG,DELETED) Values ('213','Holiday Property',0)

IF NOT EXISTS (SELECT PRODUCTTYPE_ID FROM SYSTEM_LIST_PRODUCTTYPE_ALIAS WHERE PRODUCTTYPE_ID = '213')
INSERT SYSTEM_LIST_PRODUCTTYPE_ALIAS VALUES ('213', 'LDHP', '0')   
    
IF NOT EXISTS (SELECT PRODUCTTYPE_ID FROM SYSTEM_LIST_PRODUCTTYPE_VERSION WHERE PRODUCTTYPE_ID = '213' AND TYPE = '1' AND VERSION = 1)
BEGIN
  INSERT SYSTEM_LIST_PRODUCTTYPE_VERSION VALUES ('213', '1', getdate(), '1', '1')
  UPDATE SYSTEM_LIST_PRODUCTTYPE_VERSION SET LIVE = 0 WHERE PRODUCTTYPE_ID = '213' AND TYPE = '1' AND VERSION < 1
END
GO    
      

--Create Navigation Tables
    	

if exists (select * from dbo.sysobjects where id = object_id(N'[dbo].[NAV_PERM_LDHP_NEW]') and OBJECTPROPERTY(id, N'IsUserTable') = 1)
	drop table [dbo].[NAV_PERM_LDHP_NEW]
GO
if exists (select * from dbo.sysobjects where id = object_id(N'[dbo].[NAV_FIELDS_LDHP_NEW]') and OBJECTPROPERTY(id, N'IsUserTable') = 1)
	drop table [dbo].[NAV_FIELDS_LDHP_NEW]
GO
if exists (select * from dbo.sysobjects where id = object_id(N'[dbo].[NAV_FORMS_LDHP_NEW]') and OBJECTPROPERTY(id, N'IsUserTable') = 1)
	drop table [dbo].[NAV_FORMS_LDHP_NEW]
GO

CREATE TABLE [DBO].[NAV_FIELDS_LDHP_NEW] (
	[NAV_LDHP_NEW_ID] [CHAR] (8) NOT NULL ,
	[PARENTID] [CHAR] (8) NOT NULL ,
	[FIELDNAME] [VARCHAR] (40) NULL ,
	[ENABLED_044] [BIT] NOT NULL ,
	[NAV_LDHP_NEW_044] [VARCHAR] (50) NULL ,
	[SCRIPT_044] [VARCHAR] (255) NULL ,
	[MANDATORY_044] [BIT] NULL ,
	[MANDATORY_MESSAGE_044] [VARCHAR] (255) NULL ,
	[DEFAULT_VALUE_044] [VARCHAR] (100) NULL ,
	[DEFAULT_DATATYPE_044] [VARCHAR] (1) NULL ,
	[TAB_INDEX_044] [INT] NULL 
) ON [PRIMARY]
GO

ALTER TABLE [DBO].[NAV_FIELDS_LDHP_NEW] WITH NOCHECK ADD 
	CONSTRAINT [PK_NAV_FIELDS_LDHP_NEW] PRIMARY KEY  CLUSTERED 
	(
		[NAV_LDHP_NEW_ID]
	)  ON [PRIMARY] 
GO

GRANT  SELECT , UPDATE ON [DBO].[NAV_FIELDS_LDHP_NEW]  TO [TRANSACTORPMUSERS]
GO

GRANT  SELECT ON [DBO].[NAV_FIELDS_LDHP_NEW]  TO [TRANSACTORUSERS]
GO	

CREATE TABLE [DBO].[NAV_FORMS_LDHP_NEW] (
	[NAV_LDHP_NEW_ID] [CHAR] (8) NOT NULL ,
	[NAV_LDHP_NEW] [VARCHAR] (50) NULL ,
	[MOVEABLE] [BIT] NOT NULL ,
	[ENABLED_044] [BIT] NOT NULL ,
	[SEQUENCE_044] [INT] NOT NULL ,
	[NAV_LDHP_NEW_044] [VARCHAR] (50) NULL ,
	[NAV_TBL_TAG_044] [VARCHAR] (255) NULL 
) ON [PRIMARY]
GO

ALTER TABLE [DBO].[NAV_FORMS_LDHP_NEW] WITH NOCHECK ADD 
	CONSTRAINT [PK_NAV_FORMS_LDHP_NEW] PRIMARY KEY  CLUSTERED 
	(
		[NAV_LDHP_NEW_ID]
	)  ON [PRIMARY] 
GO

GRANT SELECT, UPDATE ON [DBO].[NAV_FORMS_LDHP_NEW] TO [TRANSACTORPMUSERS]
GO

GRANT SELECT ON [DBO].[NAV_FORMS_LDHP_NEW] TO [TRANSACTORUSERS]
GO

CREATE TABLE [DBO].[NAV_PERM_LDHP_NEW] (
	[PERM_LDHP_NEW_ID] [CHAR] (36) NOT NULL ,
	[NAV_LDHP_NEW_ID] [CHAR] (8) NOT NULL ,
	[ROLE_ID] [INT] NOT NULL 
) ON [PRIMARY]
GO

ALTER TABLE [DBO].[NAV_PERM_LDHP_NEW] WITH NOCHECK ADD 
	CONSTRAINT [PK_NAV_PERM_LDHP_NEW] PRIMARY KEY  CLUSTERED 
	(
		[PERM_LDHP_NEW_ID]
	)  ON [PRIMARY] 
GO

CREATE  UNIQUE  INDEX [IDX_NAV_PERM_LDHP_NEW] ON [DBO].[NAV_PERM_LDHP_NEW]([NAV_LDHP_NEW_ID], [ROLE_ID]) ON [PRIMARY]
GO

GRANT SELECT, UPDATE, INSERT, DELETE ON [DBO].[NAV_PERM_LDHP_NEW]  TO [TRANSACTORUSERS]
GO

ALTER TABLE [DBO].[NAV_FIELDS_LDHP_NEW] ADD 
	CONSTRAINT [FK_PNFNFILDHP_NEW] FOREIGN KEY 
	(
		[PARENTID]
	) REFERENCES [DBO].[NAV_FORMS_LDHP_NEW] (
		[NAV_LDHP_NEW_ID]
	) NOT FOR REPLICATION
GO

ALTER TABLE [DBO].[NAV_PERM_LDHP_NEW] ADD 
	CONSTRAINT [FK_NFINPLDHP_NEW] FOREIGN KEY 
	(
		[NAV_LDHP_NEW_ID]
	) REFERENCES [DBO].[NAV_FIELDS_LDHP_NEW] (
		[NAV_LDHP_NEW_ID]
	) NOT FOR REPLICATION,
	CONSTRAINT [FK_SR_NPLDHP_NEW] FOREIGN KEY 
	(
		[ROLE_ID]
	) REFERENCES [DBO].[SYSTEM_ROLE] (
		[ROLE_ID]
	) NOT FOR REPLICATION
GO		

	
if exists (select * from dbo.sysobjects where id = object_id(N'[dbo].[NAV_PERM_LDHP_PROPDET_NEW]') and OBJECTPROPERTY(id, N'IsUserTable') = 1)
	drop table [dbo].[NAV_PERM_LDHP_PROPDET_NEW]
GO
if exists (select * from dbo.sysobjects where id = object_id(N'[dbo].[NAV_FIELDS_LDHP_PROPDET_NEW]') and OBJECTPROPERTY(id, N'IsUserTable') = 1)
	drop table [dbo].[NAV_FIELDS_LDHP_PROPDET_NEW]
GO
if exists (select * from dbo.sysobjects where id = object_id(N'[dbo].[NAV_FORMS_LDHP_PROPDET_NEW]') and OBJECTPROPERTY(id, N'IsUserTable') = 1)
	drop table [dbo].[NAV_FORMS_LDHP_PROPDET_NEW]
GO
              
IF NOT EXISTS (SELECT * FROM DBO.SYSOBJECTS WHERE ID = OBJECT_ID(N'[DBO].[NAV_FIELDS_LDHP_PROPDET_NEW]') AND OBJECTPROPERTY(ID, N'ISUSERTABLE') = 1)
BEGIN
  CREATE TABLE [DBO].[NAV_FIELDS_LDHP_PROPDET_NEW] (
	  [NAV_LDHP_PROPDET_NEW_ID] [CHAR] (8) NOT NULL ,
	  [PARENTID] [CHAR] (8) NOT NULL ,
	  [FIELDNAME] [VARCHAR] (40) NULL ,
	  [ENABLED_044] [BIT] NOT NULL ,
	  [NAV_LDHP_PROPDET_NEW_044] [VARCHAR] (50) NULL ,
	  [SCRIPT_044] [VARCHAR] (255) NULL ,
	  [MANDATORY_044] [BIT] NULL ,
	  [MANDATORY_MESSAGE_044] [VARCHAR] (255) NULL ,
	  [DEFAULT_VALUE_044] [VARCHAR] (100) NULL ,
	  [DEFAULT_DATATYPE_044] [VARCHAR] (1) NULL ,
	  [TAB_INDEX_044] [INT] NULL 
  ) ON [PRIMARY]

  ALTER TABLE [DBO].[NAV_FIELDS_LDHP_PROPDET_NEW] WITH NOCHECK ADD 
	  CONSTRAINT [PK_NAV_FIELDS_LDHP_PROPDET_NEW] PRIMARY KEY  CLUSTERED 
	  (
		  [NAV_LDHP_PROPDET_NEW_ID]
	  )  ON [PRIMARY] 

  GRANT  SELECT , UPDATE ON [DBO].[NAV_FIELDS_LDHP_PROPDET_NEW]  TO [TRANSACTORPMUSERS]
  GRANT  SELECT ON [DBO].[NAV_FIELDS_LDHP_PROPDET_NEW]  TO [TRANSACTORUSERS]
END
GO    
  
IF NOT EXISTS (SELECT * FROM DBO.SYSOBJECTS WHERE ID = OBJECT_ID(N'[DBO].[NAV_FORMS_LDHP_PROPDET_NEW]') AND OBJECTPROPERTY(ID, N'ISUSERTABLE') = 1)
BEGIN
  CREATE TABLE [DBO].[NAV_FORMS_LDHP_PROPDET_NEW] (
	  [NAV_LDHP_PROPDET_NEW_ID] [CHAR] (8) NOT NULL ,
	  [NAV_LDHP_PROPDET_NEW] [VARCHAR] (50) NULL ,
	  [MOVEABLE] [BIT] NOT NULL ,
	  [ENABLED_044] [BIT] NOT NULL ,
	  [SEQUENCE_044] [INT] NOT NULL ,
	  [NAV_LDHP_PROPDET_NEW_044] [VARCHAR] (50) NULL ,
	  [NAV_TBL_TAG_044] [VARCHAR] (255) NULL 
  ) ON [PRIMARY]

  ALTER TABLE [DBO].[NAV_FORMS_LDHP_PROPDET_NEW] WITH NOCHECK ADD 
	  CONSTRAINT [PK_NAV_FORMS_LDHP_PROPDET_NEW] PRIMARY KEY  CLUSTERED 
	  (
		  [NAV_LDHP_PROPDET_NEW_ID]
	  )  ON [PRIMARY] 

  GRANT SELECT, UPDATE ON [DBO].[NAV_FORMS_LDHP_PROPDET_NEW] TO [TRANSACTORPMUSERS]
  GRANT SELECT ON [DBO].[NAV_FORMS_LDHP_PROPDET_NEW] TO [TRANSACTORUSERS]
END
GO	      
    
IF NOT EXISTS (SELECT * FROM DBO.SYSOBJECTS WHERE ID = OBJECT_ID(N'[DBO].[NAV_PERM_LDHP_PROPDET_NEW]') AND OBJECTPROPERTY(ID, N'ISUSERTABLE') = 1)
BEGIN
  CREATE TABLE [DBO].[NAV_PERM_LDHP_PROPDET_NEW] (
	  [PERM_LDHP_PROPDET_NEW_ID] [CHAR] (36) NOT NULL ,
	  [NAV_LDHP_PROPDET_NEW_ID] [CHAR] (8) NOT NULL ,
	  [ROLE_ID] [INT] NOT NULL 
  ) ON [PRIMARY]

  ALTER TABLE [DBO].[NAV_PERM_LDHP_PROPDET_NEW] WITH NOCHECK ADD 
	  CONSTRAINT [PK_NAV_PERM_LDHP_PROPDET_NEW] PRIMARY KEY  CLUSTERED 
	  (
		  [PERM_LDHP_PROPDET_NEW_ID]
	  )  ON [PRIMARY] 

  CREATE  UNIQUE  INDEX [IDX_NAV_PERM_LDHP_PROPDET_NEW] ON [DBO].[NAV_PERM_LDHP_PROPDET_NEW]([NAV_LDHP_PROPDET_NEW_ID], [ROLE_ID]) ON [PRIMARY]

  GRANT SELECT, UPDATE, INSERT, DELETE ON [DBO].[NAV_PERM_LDHP_PROPDET_NEW]  TO [TRANSACTORUSERS]
END
GO
  
IF NOT EXISTS (SELECT * FROM DBO.SYSOBJECTS WHERE ID = OBJECT_ID(N'[DBO].[FK_NFNFILDHP_PROPDET_NEW]') AND OBJECTPROPERTY(ID, N'ISCONSTRAINT') = 1)
ALTER TABLE [DBO].[NAV_FIELDS_LDHP_PROPDET_NEW] ADD 
	CONSTRAINT [FK_NFNFILDHP_PROPDET_NEW] FOREIGN KEY 
	(
		[PARENTID]
	) REFERENCES [DBO].[NAV_FORMS_LDHP_PROPDET_NEW] (
		[NAV_LDHP_PROPDET_NEW_ID]
	) NOT FOR REPLICATION
GO

IF NOT EXISTS (SELECT * FROM DBO.SYSOBJECTS WHERE ID = OBJECT_ID(N'[DBO].[FK_NFINPLDHP_PROPDET_NEW]') AND OBJECTPROPERTY(ID, N'ISCONSTRAINT') = 1)
ALTER TABLE [DBO].[NAV_PERM_LDHP_PROPDET_NEW] ADD 
	CONSTRAINT [FK_NFINPLDHP_PROPDET_NEW] FOREIGN KEY 
	(
		[NAV_LDHP_PROPDET_NEW_ID]
	) REFERENCES [DBO].[NAV_FIELDS_LDHP_PROPDET_NEW] (
		[NAV_LDHP_PROPDET_NEW_ID]
	) NOT FOR REPLICATION

IF NOT EXISTS (SELECT * FROM DBO.SYSOBJECTS WHERE ID = OBJECT_ID(N'[DBO].[FK_SR_NPLDHP_PROPDET_NEW]') AND OBJECTPROPERTY(ID, N'ISCONSTRAINT') = 1)
ALTER TABLE [DBO].[NAV_PERM_LDHP_PROPDET_NEW] ADD 
	CONSTRAINT [FK_SR_NPLDHP_PROPDET_NEW] FOREIGN KEY 
	(
		[ROLE_ID]
	) REFERENCES [DBO].[SYSTEM_ROLE] (
		[ROLE_ID]
	) NOT FOR REPLICATION
GO    
  	

if exists (select * from dbo.sysobjects where id = object_id(N'[dbo].[NAV_PERM_LDHP_ADD]') and OBJECTPROPERTY(id, N'IsUserTable') = 1)
	drop table [dbo].[NAV_PERM_LDHP_ADD]
GO
if exists (select * from dbo.sysobjects where id = object_id(N'[dbo].[NAV_FIELDS_LDHP_ADD]') and OBJECTPROPERTY(id, N'IsUserTable') = 1)
	drop table [dbo].[NAV_FIELDS_LDHP_ADD]
GO
if exists (select * from dbo.sysobjects where id = object_id(N'[dbo].[NAV_FORMS_LDHP_ADD]') and OBJECTPROPERTY(id, N'IsUserTable') = 1)
	drop table [dbo].[NAV_FORMS_LDHP_ADD]
GO

CREATE TABLE [DBO].[NAV_FIELDS_LDHP_ADD] (
	[NAV_LDHP_ADD_ID] [CHAR] (8) NOT NULL ,
	[PARENTID] [CHAR] (8) NOT NULL ,
	[FIELDNAME] [VARCHAR] (40) NULL ,
	[ENABLED_044] [BIT] NOT NULL ,
	[NAV_LDHP_ADD_044] [VARCHAR] (50) NULL ,
	[SCRIPT_044] [VARCHAR] (255) NULL ,
	[MANDATORY_044] [BIT] NULL ,
	[MANDATORY_MESSAGE_044] [VARCHAR] (255) NULL ,
	[DEFAULT_VALUE_044] [VARCHAR] (100) NULL ,
	[DEFAULT_DATATYPE_044] [VARCHAR] (1) NULL ,
	[TAB_INDEX_044] [INT] NULL 
) ON [PRIMARY]
GO

ALTER TABLE [DBO].[NAV_FIELDS_LDHP_ADD] WITH NOCHECK ADD 
	CONSTRAINT [PK_NAV_FIELDS_LDHP_ADD] PRIMARY KEY  CLUSTERED 
	(
		[NAV_LDHP_ADD_ID]
	)  ON [PRIMARY] 
GO

GRANT  SELECT , UPDATE ON [DBO].[NAV_FIELDS_LDHP_ADD]  TO [TRANSACTORPMUSERS]
GO

GRANT  SELECT ON [DBO].[NAV_FIELDS_LDHP_ADD]  TO [TRANSACTORUSERS]
GO	

CREATE TABLE [DBO].[NAV_FORMS_LDHP_ADD] (
	[NAV_LDHP_ADD_ID] [CHAR] (8) NOT NULL ,
	[NAV_LDHP_ADD] [VARCHAR] (50) NULL ,
	[MOVEABLE] [BIT] NOT NULL ,
	[ENABLED_044] [BIT] NOT NULL ,
	[SEQUENCE_044] [INT] NOT NULL ,
	[NAV_LDHP_ADD_044] [VARCHAR] (50) NULL ,
	[NAV_TBL_TAG_044] [VARCHAR] (255) NULL 
) ON [PRIMARY]
GO

ALTER TABLE [DBO].[NAV_FORMS_LDHP_ADD] WITH NOCHECK ADD 
	CONSTRAINT [PK_NAV_FORMS_LDHP_ADD] PRIMARY KEY  CLUSTERED 
	(
		[NAV_LDHP_ADD_ID]
	)  ON [PRIMARY] 
GO

GRANT SELECT, UPDATE ON [DBO].[NAV_FORMS_LDHP_ADD] TO [TRANSACTORPMUSERS]
GO

GRANT SELECT ON [DBO].[NAV_FORMS_LDHP_ADD] TO [TRANSACTORUSERS]
GO

CREATE TABLE [DBO].[NAV_PERM_LDHP_ADD] (
	[PERM_LDHP_ADD_ID] [CHAR] (36) NOT NULL ,
	[NAV_LDHP_ADD_ID] [CHAR] (8) NOT NULL ,
	[ROLE_ID] [INT] NOT NULL 
) ON [PRIMARY]
GO

ALTER TABLE [DBO].[NAV_PERM_LDHP_ADD] WITH NOCHECK ADD 
	CONSTRAINT [PK_NAV_PERM_LDHP_ADD] PRIMARY KEY  CLUSTERED 
	(
		[PERM_LDHP_ADD_ID]
	)  ON [PRIMARY] 
GO

CREATE  UNIQUE  INDEX [IDX_NAV_PERM_LDHP_ADD] ON [DBO].[NAV_PERM_LDHP_ADD]([NAV_LDHP_ADD_ID], [ROLE_ID]) ON [PRIMARY]
GO

GRANT SELECT, UPDATE, INSERT, DELETE ON [DBO].[NAV_PERM_LDHP_ADD]  TO [TRANSACTORUSERS]
GO

ALTER TABLE [DBO].[NAV_FIELDS_LDHP_ADD] ADD 
	CONSTRAINT [FK_PNFNFILDHP_ADD] FOREIGN KEY 
	(
		[PARENTID]
	) REFERENCES [DBO].[NAV_FORMS_LDHP_ADD] (
		[NAV_LDHP_ADD_ID]
	) NOT FOR REPLICATION
GO

ALTER TABLE [DBO].[NAV_PERM_LDHP_ADD] ADD 
	CONSTRAINT [FK_NFINPLDHP_ADD] FOREIGN KEY 
	(
		[NAV_LDHP_ADD_ID]
	) REFERENCES [DBO].[NAV_FIELDS_LDHP_ADD] (
		[NAV_LDHP_ADD_ID]
	) NOT FOR REPLICATION,
	CONSTRAINT [FK_SR_NPLDHP_ADD] FOREIGN KEY 
	(
		[ROLE_ID]
	) REFERENCES [DBO].[SYSTEM_ROLE] (
		[ROLE_ID]
	) NOT FOR REPLICATION
GO		

	
if exists (select * from dbo.sysobjects where id = object_id(N'[dbo].[NAV_PERM_LDHP_PROPDET_ADD]') and OBJECTPROPERTY(id, N'IsUserTable') = 1)
	drop table [dbo].[NAV_PERM_LDHP_PROPDET_ADD]
GO
if exists (select * from dbo.sysobjects where id = object_id(N'[dbo].[NAV_FIELDS_LDHP_PROPDET_ADD]') and OBJECTPROPERTY(id, N'IsUserTable') = 1)
	drop table [dbo].[NAV_FIELDS_LDHP_PROPDET_ADD]
GO
if exists (select * from dbo.sysobjects where id = object_id(N'[dbo].[NAV_FORMS_LDHP_PROPDET_ADD]') and OBJECTPROPERTY(id, N'IsUserTable') = 1)
	drop table [dbo].[NAV_FORMS_LDHP_PROPDET_ADD]
GO
              
IF NOT EXISTS (SELECT * FROM DBO.SYSOBJECTS WHERE ID = OBJECT_ID(N'[DBO].[NAV_FIELDS_LDHP_PROPDET_ADD]') AND OBJECTPROPERTY(ID, N'ISUSERTABLE') = 1)
BEGIN
  CREATE TABLE [DBO].[NAV_FIELDS_LDHP_PROPDET_ADD] (
	  [NAV_LDHP_PROPDET_ADD_ID] [CHAR] (8) NOT NULL ,
	  [PARENTID] [CHAR] (8) NOT NULL ,
	  [FIELDNAME] [VARCHAR] (40) NULL ,
	  [ENABLED_044] [BIT] NOT NULL ,
	  [NAV_LDHP_PROPDET_ADD_044] [VARCHAR] (50) NULL ,
	  [SCRIPT_044] [VARCHAR] (255) NULL ,
	  [MANDATORY_044] [BIT] NULL ,
	  [MANDATORY_MESSAGE_044] [VARCHAR] (255) NULL ,
	  [DEFAULT_VALUE_044] [VARCHAR] (100) NULL ,
	  [DEFAULT_DATATYPE_044] [VARCHAR] (1) NULL ,
	  [TAB_INDEX_044] [INT] NULL 
  ) ON [PRIMARY]

  ALTER TABLE [DBO].[NAV_FIELDS_LDHP_PROPDET_ADD] WITH NOCHECK ADD 
	  CONSTRAINT [PK_NAV_FIELDS_LDHP_PROPDET_ADD] PRIMARY KEY  CLUSTERED 
	  (
		  [NAV_LDHP_PROPDET_ADD_ID]
	  )  ON [PRIMARY] 

  GRANT  SELECT , UPDATE ON [DBO].[NAV_FIELDS_LDHP_PROPDET_ADD]  TO [TRANSACTORPMUSERS]
  GRANT  SELECT ON [DBO].[NAV_FIELDS_LDHP_PROPDET_ADD]  TO [TRANSACTORUSERS]
END
GO    
  
IF NOT EXISTS (SELECT * FROM DBO.SYSOBJECTS WHERE ID = OBJECT_ID(N'[DBO].[NAV_FORMS_LDHP_PROPDET_ADD]') AND OBJECTPROPERTY(ID, N'ISUSERTABLE') = 1)
BEGIN
  CREATE TABLE [DBO].[NAV_FORMS_LDHP_PROPDET_ADD] (
	  [NAV_LDHP_PROPDET_ADD_ID] [CHAR] (8) NOT NULL ,
	  [NAV_LDHP_PROPDET_ADD] [VARCHAR] (50) NULL ,
	  [MOVEABLE] [BIT] NOT NULL ,
	  [ENABLED_044] [BIT] NOT NULL ,
	  [SEQUENCE_044] [INT] NOT NULL ,
	  [NAV_LDHP_PROPDET_ADD_044] [VARCHAR] (50) NULL ,
	  [NAV_TBL_TAG_044] [VARCHAR] (255) NULL 
  ) ON [PRIMARY]

  ALTER TABLE [DBO].[NAV_FORMS_LDHP_PROPDET_ADD] WITH NOCHECK ADD 
	  CONSTRAINT [PK_NAV_FORMS_LDHP_PROPDET_ADD] PRIMARY KEY  CLUSTERED 
	  (
		  [NAV_LDHP_PROPDET_ADD_ID]
	  )  ON [PRIMARY] 

  GRANT SELECT, UPDATE ON [DBO].[NAV_FORMS_LDHP_PROPDET_ADD] TO [TRANSACTORPMUSERS]
  GRANT SELECT ON [DBO].[NAV_FORMS_LDHP_PROPDET_ADD] TO [TRANSACTORUSERS]
END
GO	      
    
IF NOT EXISTS (SELECT * FROM DBO.SYSOBJECTS WHERE ID = OBJECT_ID(N'[DBO].[NAV_PERM_LDHP_PROPDET_ADD]') AND OBJECTPROPERTY(ID, N'ISUSERTABLE') = 1)
BEGIN
  CREATE TABLE [DBO].[NAV_PERM_LDHP_PROPDET_ADD] (
	  [PERM_LDHP_PROPDET_ADD_ID] [CHAR] (36) NOT NULL ,
	  [NAV_LDHP_PROPDET_ADD_ID] [CHAR] (8) NOT NULL ,
	  [ROLE_ID] [INT] NOT NULL 
  ) ON [PRIMARY]

  ALTER TABLE [DBO].[NAV_PERM_LDHP_PROPDET_ADD] WITH NOCHECK ADD 
	  CONSTRAINT [PK_NAV_PERM_LDHP_PROPDET_ADD] PRIMARY KEY  CLUSTERED 
	  (
		  [PERM_LDHP_PROPDET_ADD_ID]
	  )  ON [PRIMARY] 

  CREATE  UNIQUE  INDEX [IDX_NAV_PERM_LDHP_PROPDET_ADD] ON [DBO].[NAV_PERM_LDHP_PROPDET_ADD]([NAV_LDHP_PROPDET_ADD_ID], [ROLE_ID]) ON [PRIMARY]

  GRANT SELECT, UPDATE, INSERT, DELETE ON [DBO].[NAV_PERM_LDHP_PROPDET_ADD]  TO [TRANSACTORUSERS]
END
GO
  
IF NOT EXISTS (SELECT * FROM DBO.SYSOBJECTS WHERE ID = OBJECT_ID(N'[DBO].[FK_NFNFILDHP_PROPDET_ADD]') AND OBJECTPROPERTY(ID, N'ISCONSTRAINT') = 1)
ALTER TABLE [DBO].[NAV_FIELDS_LDHP_PROPDET_ADD] ADD 
	CONSTRAINT [FK_NFNFILDHP_PROPDET_ADD] FOREIGN KEY 
	(
		[PARENTID]
	) REFERENCES [DBO].[NAV_FORMS_LDHP_PROPDET_ADD] (
		[NAV_LDHP_PROPDET_ADD_ID]
	) NOT FOR REPLICATION
GO

IF NOT EXISTS (SELECT * FROM DBO.SYSOBJECTS WHERE ID = OBJECT_ID(N'[DBO].[FK_NFINPLDHP_PROPDET_ADD]') AND OBJECTPROPERTY(ID, N'ISCONSTRAINT') = 1)
ALTER TABLE [DBO].[NAV_PERM_LDHP_PROPDET_ADD] ADD 
	CONSTRAINT [FK_NFINPLDHP_PROPDET_ADD] FOREIGN KEY 
	(
		[NAV_LDHP_PROPDET_ADD_ID]
	) REFERENCES [DBO].[NAV_FIELDS_LDHP_PROPDET_ADD] (
		[NAV_LDHP_PROPDET_ADD_ID]
	) NOT FOR REPLICATION

IF NOT EXISTS (SELECT * FROM DBO.SYSOBJECTS WHERE ID = OBJECT_ID(N'[DBO].[FK_SR_NPLDHP_PROPDET_ADD]') AND OBJECTPROPERTY(ID, N'ISCONSTRAINT') = 1)
ALTER TABLE [DBO].[NAV_PERM_LDHP_PROPDET_ADD] ADD 
	CONSTRAINT [FK_SR_NPLDHP_PROPDET_ADD] FOREIGN KEY 
	(
		[ROLE_ID]
	) REFERENCES [DBO].[SYSTEM_ROLE] (
		[ROLE_ID]
	) NOT FOR REPLICATION
GO    
  	

if exists (select * from dbo.sysobjects where id = object_id(N'[dbo].[NAV_PERM_LDHP_IND]') and OBJECTPROPERTY(id, N'IsUserTable') = 1)
	drop table [dbo].[NAV_PERM_LDHP_IND]
GO
if exists (select * from dbo.sysobjects where id = object_id(N'[dbo].[NAV_FIELDS_LDHP_IND]') and OBJECTPROPERTY(id, N'IsUserTable') = 1)
	drop table [dbo].[NAV_FIELDS_LDHP_IND]
GO
if exists (select * from dbo.sysobjects where id = object_id(N'[dbo].[NAV_FORMS_LDHP_IND]') and OBJECTPROPERTY(id, N'IsUserTable') = 1)
	drop table [dbo].[NAV_FORMS_LDHP_IND]
GO

CREATE TABLE [DBO].[NAV_FIELDS_LDHP_IND] (
	[NAV_LDHP_IND_ID] [CHAR] (8) NOT NULL ,
	[PARENTID] [CHAR] (8) NOT NULL ,
	[FIELDNAME] [VARCHAR] (40) NULL ,
	[ENABLED_044] [BIT] NOT NULL ,
	[NAV_LDHP_IND_044] [VARCHAR] (50) NULL ,
	[SCRIPT_044] [VARCHAR] (255) NULL ,
	[MANDATORY_044] [BIT] NULL ,
	[MANDATORY_MESSAGE_044] [VARCHAR] (255) NULL ,
	[DEFAULT_VALUE_044] [VARCHAR] (100) NULL ,
	[DEFAULT_DATATYPE_044] [VARCHAR] (1) NULL ,
	[TAB_INDEX_044] [INT] NULL 
) ON [PRIMARY]
GO

ALTER TABLE [DBO].[NAV_FIELDS_LDHP_IND] WITH NOCHECK ADD 
	CONSTRAINT [PK_NAV_FIELDS_LDHP_IND] PRIMARY KEY  CLUSTERED 
	(
		[NAV_LDHP_IND_ID]
	)  ON [PRIMARY] 
GO

GRANT  SELECT , UPDATE ON [DBO].[NAV_FIELDS_LDHP_IND]  TO [TRANSACTORPMUSERS]
GO

GRANT  SELECT ON [DBO].[NAV_FIELDS_LDHP_IND]  TO [TRANSACTORUSERS]
GO	

CREATE TABLE [DBO].[NAV_FORMS_LDHP_IND] (
	[NAV_LDHP_IND_ID] [CHAR] (8) NOT NULL ,
	[NAV_LDHP_IND] [VARCHAR] (50) NULL ,
	[MOVEABLE] [BIT] NOT NULL ,
	[ENABLED_044] [BIT] NOT NULL ,
	[SEQUENCE_044] [INT] NOT NULL ,
	[NAV_LDHP_IND_044] [VARCHAR] (50) NULL ,
	[NAV_TBL_TAG_044] [VARCHAR] (255) NULL 
) ON [PRIMARY]
GO

ALTER TABLE [DBO].[NAV_FORMS_LDHP_IND] WITH NOCHECK ADD 
	CONSTRAINT [PK_NAV_FORMS_LDHP_IND] PRIMARY KEY  CLUSTERED 
	(
		[NAV_LDHP_IND_ID]
	)  ON [PRIMARY] 
GO

GRANT SELECT, UPDATE ON [DBO].[NAV_FORMS_LDHP_IND] TO [TRANSACTORPMUSERS]
GO

GRANT SELECT ON [DBO].[NAV_FORMS_LDHP_IND] TO [TRANSACTORUSERS]
GO

CREATE TABLE [DBO].[NAV_PERM_LDHP_IND] (
	[PERM_LDHP_IND_ID] [CHAR] (36) NOT NULL ,
	[NAV_LDHP_IND_ID] [CHAR] (8) NOT NULL ,
	[ROLE_ID] [INT] NOT NULL 
) ON [PRIMARY]
GO

ALTER TABLE [DBO].[NAV_PERM_LDHP_IND] WITH NOCHECK ADD 
	CONSTRAINT [PK_NAV_PERM_LDHP_IND] PRIMARY KEY  CLUSTERED 
	(
		[PERM_LDHP_IND_ID]
	)  ON [PRIMARY] 
GO

CREATE  UNIQUE  INDEX [IDX_NAV_PERM_LDHP_IND] ON [DBO].[NAV_PERM_LDHP_IND]([NAV_LDHP_IND_ID], [ROLE_ID]) ON [PRIMARY]
GO

GRANT SELECT, UPDATE, INSERT, DELETE ON [DBO].[NAV_PERM_LDHP_IND]  TO [TRANSACTORUSERS]
GO

ALTER TABLE [DBO].[NAV_FIELDS_LDHP_IND] ADD 
	CONSTRAINT [FK_PNFNFILDHP_IND] FOREIGN KEY 
	(
		[PARENTID]
	) REFERENCES [DBO].[NAV_FORMS_LDHP_IND] (
		[NAV_LDHP_IND_ID]
	) NOT FOR REPLICATION
GO

ALTER TABLE [DBO].[NAV_PERM_LDHP_IND] ADD 
	CONSTRAINT [FK_NFINPLDHP_IND] FOREIGN KEY 
	(
		[NAV_LDHP_IND_ID]
	) REFERENCES [DBO].[NAV_FIELDS_LDHP_IND] (
		[NAV_LDHP_IND_ID]
	) NOT FOR REPLICATION,
	CONSTRAINT [FK_SR_NPLDHP_IND] FOREIGN KEY 
	(
		[ROLE_ID]
	) REFERENCES [DBO].[SYSTEM_ROLE] (
		[ROLE_ID]
	) NOT FOR REPLICATION
GO		

		

if exists (select * from dbo.sysobjects where id = object_id(N'[dbo].[NAV_PERM_LDHP_QUICK]') and OBJECTPROPERTY(id, N'IsUserTable') = 1)
	drop table [dbo].[NAV_PERM_LDHP_QUICK]
GO
if exists (select * from dbo.sysobjects where id = object_id(N'[dbo].[NAV_FIELDS_LDHP_QUICK]') and OBJECTPROPERTY(id, N'IsUserTable') = 1)
	drop table [dbo].[NAV_FIELDS_LDHP_QUICK]
GO
if exists (select * from dbo.sysobjects where id = object_id(N'[dbo].[NAV_FORMS_LDHP_QUICK]') and OBJECTPROPERTY(id, N'IsUserTable') = 1)
	drop table [dbo].[NAV_FORMS_LDHP_QUICK]
GO

CREATE TABLE [DBO].[NAV_FIELDS_LDHP_QUICK] (
	[NAV_LDHP_QUICK_ID] [CHAR] (8) NOT NULL ,
	[PARENTID] [CHAR] (8) NOT NULL ,
	[FIELDNAME] [VARCHAR] (40) NULL ,
	[ENABLED_044] [BIT] NOT NULL ,
	[NAV_LDHP_QUICK_044] [VARCHAR] (50) NULL ,
	[SCRIPT_044] [VARCHAR] (255) NULL ,
	[MANDATORY_044] [BIT] NULL ,
	[MANDATORY_MESSAGE_044] [VARCHAR] (255) NULL ,
	[DEFAULT_VALUE_044] [VARCHAR] (100) NULL ,
	[DEFAULT_DATATYPE_044] [VARCHAR] (1) NULL ,
	[TAB_INDEX_044] [INT] NULL 
) ON [PRIMARY]
GO

ALTER TABLE [DBO].[NAV_FIELDS_LDHP_QUICK] WITH NOCHECK ADD 
	CONSTRAINT [PK_NAV_FIELDS_LDHP_QUICK] PRIMARY KEY  CLUSTERED 
	(
		[NAV_LDHP_QUICK_ID]
	)  ON [PRIMARY] 
GO

GRANT  SELECT , UPDATE ON [DBO].[NAV_FIELDS_LDHP_QUICK]  TO [TRANSACTORPMUSERS]
GO

GRANT  SELECT ON [DBO].[NAV_FIELDS_LDHP_QUICK]  TO [TRANSACTORUSERS]
GO	

CREATE TABLE [DBO].[NAV_FORMS_LDHP_QUICK] (
	[NAV_LDHP_QUICK_ID] [CHAR] (8) NOT NULL ,
	[NAV_LDHP_QUICK] [VARCHAR] (50) NULL ,
	[MOVEABLE] [BIT] NOT NULL ,
	[ENABLED_044] [BIT] NOT NULL ,
	[SEQUENCE_044] [INT] NOT NULL ,
	[NAV_LDHP_QUICK_044] [VARCHAR] (50) NULL ,
	[NAV_TBL_TAG_044] [VARCHAR] (255) NULL 
) ON [PRIMARY]
GO

ALTER TABLE [DBO].[NAV_FORMS_LDHP_QUICK] WITH NOCHECK ADD 
	CONSTRAINT [PK_NAV_FORMS_LDHP_QUICK] PRIMARY KEY  CLUSTERED 
	(
		[NAV_LDHP_QUICK_ID]
	)  ON [PRIMARY] 
GO

GRANT SELECT, UPDATE ON [DBO].[NAV_FORMS_LDHP_QUICK] TO [TRANSACTORPMUSERS]
GO

GRANT SELECT ON [DBO].[NAV_FORMS_LDHP_QUICK] TO [TRANSACTORUSERS]
GO

CREATE TABLE [DBO].[NAV_PERM_LDHP_QUICK] (
	[PERM_LDHP_QUICK_ID] [CHAR] (36) NOT NULL ,
	[NAV_LDHP_QUICK_ID] [CHAR] (8) NOT NULL ,
	[ROLE_ID] [INT] NOT NULL 
) ON [PRIMARY]
GO

ALTER TABLE [DBO].[NAV_PERM_LDHP_QUICK] WITH NOCHECK ADD 
	CONSTRAINT [PK_NAV_PERM_LDHP_QUICK] PRIMARY KEY  CLUSTERED 
	(
		[PERM_LDHP_QUICK_ID]
	)  ON [PRIMARY] 
GO

CREATE  UNIQUE  INDEX [IDX_NAV_PERM_LDHP_QUICK] ON [DBO].[NAV_PERM_LDHP_QUICK]([NAV_LDHP_QUICK_ID], [ROLE_ID]) ON [PRIMARY]
GO

GRANT SELECT, UPDATE, INSERT, DELETE ON [DBO].[NAV_PERM_LDHP_QUICK]  TO [TRANSACTORUSERS]
GO

ALTER TABLE [DBO].[NAV_FIELDS_LDHP_QUICK] ADD 
	CONSTRAINT [FK_PNFNFILDHP_QUICK] FOREIGN KEY 
	(
		[PARENTID]
	) REFERENCES [DBO].[NAV_FORMS_LDHP_QUICK] (
		[NAV_LDHP_QUICK_ID]
	) NOT FOR REPLICATION
GO

ALTER TABLE [DBO].[NAV_PERM_LDHP_QUICK] ADD 
	CONSTRAINT [FK_NFINPLDHP_QUICK] FOREIGN KEY 
	(
		[NAV_LDHP_QUICK_ID]
	) REFERENCES [DBO].[NAV_FIELDS_LDHP_QUICK] (
		[NAV_LDHP_QUICK_ID]
	) NOT FOR REPLICATION,
	CONSTRAINT [FK_SR_NPLDHP_QUICK] FOREIGN KEY 
	(
		[ROLE_ID]
	) REFERENCES [DBO].[SYSTEM_ROLE] (
		[ROLE_ID]
	) NOT FOR REPLICATION
GO		

		

if exists (select * from dbo.sysobjects where id = object_id(N'[dbo].[NAV_PERM_LDHP_PST]') and OBJECTPROPERTY(id, N'IsUserTable') = 1)
	drop table [dbo].[NAV_PERM_LDHP_PST]
GO
if exists (select * from dbo.sysobjects where id = object_id(N'[dbo].[NAV_FIELDS_LDHP_PST]') and OBJECTPROPERTY(id, N'IsUserTable') = 1)
	drop table [dbo].[NAV_FIELDS_LDHP_PST]
GO
if exists (select * from dbo.sysobjects where id = object_id(N'[dbo].[NAV_FORMS_LDHP_PST]') and OBJECTPROPERTY(id, N'IsUserTable') = 1)
	drop table [dbo].[NAV_FORMS_LDHP_PST]
GO

CREATE TABLE [DBO].[NAV_FIELDS_LDHP_PST] (
	[NAV_LDHP_PST_ID] [CHAR] (8) NOT NULL ,
	[PARENTID] [CHAR] (8) NOT NULL ,
	[FIELDNAME] [VARCHAR] (40) NULL ,
	[ENABLED_044] [BIT] NOT NULL ,
	[NAV_LDHP_PST_044] [VARCHAR] (50) NULL ,
	[SCRIPT_044] [VARCHAR] (255) NULL ,
	[MANDATORY_044] [BIT] NULL ,
	[MANDATORY_MESSAGE_044] [VARCHAR] (255) NULL ,
	[DEFAULT_VALUE_044] [VARCHAR] (100) NULL ,
	[DEFAULT_DATATYPE_044] [VARCHAR] (1) NULL ,
	[TAB_INDEX_044] [INT] NULL 
) ON [PRIMARY]
GO

ALTER TABLE [DBO].[NAV_FIELDS_LDHP_PST] WITH NOCHECK ADD 
	CONSTRAINT [PK_NAV_FIELDS_LDHP_PST] PRIMARY KEY  CLUSTERED 
	(
		[NAV_LDHP_PST_ID]
	)  ON [PRIMARY] 
GO

GRANT  SELECT , UPDATE ON [DBO].[NAV_FIELDS_LDHP_PST]  TO [TRANSACTORPMUSERS]
GO

GRANT  SELECT ON [DBO].[NAV_FIELDS_LDHP_PST]  TO [TRANSACTORUSERS]
GO	

CREATE TABLE [DBO].[NAV_FORMS_LDHP_PST] (
	[NAV_LDHP_PST_ID] [CHAR] (8) NOT NULL ,
	[NAV_LDHP_PST] [VARCHAR] (50) NULL ,
	[MOVEABLE] [BIT] NOT NULL ,
	[ENABLED_044] [BIT] NOT NULL ,
	[SEQUENCE_044] [INT] NOT NULL ,
	[NAV_LDHP_PST_044] [VARCHAR] (50) NULL ,
	[NAV_TBL_TAG_044] [VARCHAR] (255) NULL 
) ON [PRIMARY]
GO

ALTER TABLE [DBO].[NAV_FORMS_LDHP_PST] WITH NOCHECK ADD 
	CONSTRAINT [PK_NAV_FORMS_LDHP_PST] PRIMARY KEY  CLUSTERED 
	(
		[NAV_LDHP_PST_ID]
	)  ON [PRIMARY] 
GO

GRANT SELECT, UPDATE ON [DBO].[NAV_FORMS_LDHP_PST] TO [TRANSACTORPMUSERS]
GO

GRANT SELECT ON [DBO].[NAV_FORMS_LDHP_PST] TO [TRANSACTORUSERS]
GO

CREATE TABLE [DBO].[NAV_PERM_LDHP_PST] (
	[PERM_LDHP_PST_ID] [CHAR] (36) NOT NULL ,
	[NAV_LDHP_PST_ID] [CHAR] (8) NOT NULL ,
	[ROLE_ID] [INT] NOT NULL 
) ON [PRIMARY]
GO

ALTER TABLE [DBO].[NAV_PERM_LDHP_PST] WITH NOCHECK ADD 
	CONSTRAINT [PK_NAV_PERM_LDHP_PST] PRIMARY KEY  CLUSTERED 
	(
		[PERM_LDHP_PST_ID]
	)  ON [PRIMARY] 
GO

CREATE  UNIQUE  INDEX [IDX_NAV_PERM_LDHP_PST] ON [DBO].[NAV_PERM_LDHP_PST]([NAV_LDHP_PST_ID], [ROLE_ID]) ON [PRIMARY]
GO

GRANT SELECT, UPDATE, INSERT, DELETE ON [DBO].[NAV_PERM_LDHP_PST]  TO [TRANSACTORUSERS]
GO

ALTER TABLE [DBO].[NAV_FIELDS_LDHP_PST] ADD 
	CONSTRAINT [FK_PNFNFILDHP_PST] FOREIGN KEY 
	(
		[PARENTID]
	) REFERENCES [DBO].[NAV_FORMS_LDHP_PST] (
		[NAV_LDHP_PST_ID]
	) NOT FOR REPLICATION
GO

ALTER TABLE [DBO].[NAV_PERM_LDHP_PST] ADD 
	CONSTRAINT [FK_NFINPLDHP_PST] FOREIGN KEY 
	(
		[NAV_LDHP_PST_ID]
	) REFERENCES [DBO].[NAV_FIELDS_LDHP_PST] (
		[NAV_LDHP_PST_ID]
	) NOT FOR REPLICATION,
	CONSTRAINT [FK_SR_NPLDHP_PST] FOREIGN KEY 
	(
		[ROLE_ID]
	) REFERENCES [DBO].[SYSTEM_ROLE] (
		[ROLE_ID]
	) NOT FOR REPLICATION
GO		

		
   		
--Insert into Navigation Tables		
		    
--Client Details
INSERT INTO Nav_Forms_LDHP_NEW( Nav_LDHP_NEW_ID, Nav_LDHP_NEW, MoveAble, Enabled_044, Sequence_044, Nav_LDHP_NEW_044, Nav_Tbl_Tag_044) VALUES ( '3SOTMNJ8', 'QE139', 0, 1, 1, 'Client Details', NULL)
INSERT INTO Nav_Fields_LDHP_NEW( Nav_LDHP_NEW_ID, ParentID, FieldName, Enabled_044, Nav_LDHP_NEW_044, Script_044, Mandatory_044, Mandatory_Message_044, Default_Value_044, Default_Datatype_044, Tab_Index_044) VALUES ( '3SOTMNJ9', '3SOTMNJ8', 'QE139_Opt_Company', 1, 'Company', NULL, 1, 'Please select Company', NULL, 'b', NULL)
INSERT INTO Nav_Fields_LDHP_NEW( Nav_LDHP_NEW_ID, ParentID, FieldName, Enabled_044, Nav_LDHP_NEW_044, Script_044, Mandatory_044, Mandatory_Message_044, Default_Value_044, Default_Datatype_044, Tab_Index_044) VALUES ( '3SOTMNJ0', '3SOTMNJ8', 'QE139_Opt_Individual', 1, 'Private individual', NULL, 1, 'Please select Individual', NULL, 'b', NULL)
INSERT INTO Nav_Fields_LDHP_NEW( Nav_LDHP_NEW_ID, ParentID, FieldName, Enabled_044, Nav_LDHP_NEW_044, Script_044, Mandatory_044, Mandatory_Message_044, Default_Value_044, Default_Datatype_044, Tab_Index_044) VALUES ( '3SOTMNJ1', '3SOTMNJ8', 'QE139_Cbo_Title', 1, 'Title', NULL, 1, 'Please select a title', NULL, 't', NULL)
INSERT INTO Nav_Fields_LDHP_NEW( Nav_LDHP_NEW_ID, ParentID, FieldName, Enabled_044, Nav_LDHP_NEW_044, Script_044, Mandatory_044, Mandatory_Message_044, Default_Value_044, Default_Datatype_044, Tab_Index_044) VALUES ( '3SOTMNJ2', '3SOTMNJ8', 'QE139_Txt_Surname', 1, 'Surname', NULL, 1, 'Please enter a surname', NULL, 't', NULL)
INSERT INTO Nav_Fields_LDHP_NEW( Nav_LDHP_NEW_ID, ParentID, FieldName, Enabled_044, Nav_LDHP_NEW_044, Script_044, Mandatory_044, Mandatory_Message_044, Default_Value_044, Default_Datatype_044, Tab_Index_044) VALUES ( '3SOTMNJ3', '3SOTMNJ8', 'QE139_Txt_Initials', 1, 'Initials', NULL, 0, NULL, NULL, 't', NULL)
INSERT INTO Nav_Fields_LDHP_NEW( Nav_LDHP_NEW_ID, ParentID, FieldName, Enabled_044, Nav_LDHP_NEW_044, Script_044, Mandatory_044, Mandatory_Message_044, Default_Value_044, Default_Datatype_044, Tab_Index_044) VALUES ( '3SOTMNK3', '3SOTMNJ8', 'QE139_Txt_Forename', 1, 'Forename', NULL, 1, 'Please enter a forename', NULL, 't', NULL)
INSERT INTO Nav_Fields_LDHP_NEW( Nav_LDHP_NEW_ID, ParentID, FieldName, Enabled_044, Nav_LDHP_NEW_044, Script_044, Mandatory_044, Mandatory_Message_044, Default_Value_044, Default_Datatype_044, Tab_Index_044) VALUES ( '3SOTMNK4', '3SOTMNJ8', 'QE139_Txt_Honours', 1, 'Honours', NULL, 0, NULL, NULL, 't', NULL)
INSERT INTO Nav_Fields_LDHP_NEW( Nav_LDHP_NEW_ID, ParentID, FieldName, Enabled_044, Nav_LDHP_NEW_044, Script_044, Mandatory_044, Mandatory_Message_044, Default_Value_044, Default_Datatype_044, Tab_Index_044) VALUES ( '3SOTMNK5', '3SOTMNJ8', 'QE139_Chk_Proposer', 1, 'Proposer', NULL, 1, 'Please select proposer', NULL, 'b', NULL)
INSERT INTO Nav_Fields_LDHP_NEW( Nav_LDHP_NEW_ID, ParentID, FieldName, Enabled_044, Nav_LDHP_NEW_044, Script_044, Mandatory_044, Mandatory_Message_044, Default_Value_044, Default_Datatype_044, Tab_Index_044) VALUES ( '3SOTMNK6', '3SOTMNJ8', 'QE139_Chk_Deceased', 1, 'Deceased', NULL, 1, 'Please select deceased', NULL, 'b', NULL)
INSERT INTO Nav_Fields_LDHP_NEW( Nav_LDHP_NEW_ID, ParentID, FieldName, Enabled_044, Nav_LDHP_NEW_044, Script_044, Mandatory_044, Mandatory_Message_044, Default_Value_044, Default_Datatype_044, Tab_Index_044) VALUES ( '3SOTMNK7', '3SOTMNJ8', 'QE139_Cbo_DwellingType', 1, 'Dwelling type', NULL, 1, 'Please select dwelling type', NULL, 't', NULL)
INSERT INTO Nav_Fields_LDHP_NEW( Nav_LDHP_NEW_ID, ParentID, FieldName, Enabled_044, Nav_LDHP_NEW_044, Script_044, Mandatory_044, Mandatory_Message_044, Default_Value_044, Default_Datatype_044, Tab_Index_044) VALUES ( '3SOTMNK8', '3SOTMNJ8', 'QE139_Cbo_Dwelling', 1, 'Dwelling', NULL, 1, 'Please select dwelling', NULL, 't', NULL)
INSERT INTO Nav_Fields_LDHP_NEW( Nav_LDHP_NEW_ID, ParentID, FieldName, Enabled_044, Nav_LDHP_NEW_044, Script_044, Mandatory_044, Mandatory_Message_044, Default_Value_044, Default_Datatype_044, Tab_Index_044) VALUES ( '3SOTMNK9', '3SOTMNJ8', 'QE139_Txt_Country', 1, 'Country', NULL, 0, NULL, NULL, 't', NULL)
INSERT INTO Nav_Fields_LDHP_NEW( Nav_LDHP_NEW_ID, ParentID, FieldName, Enabled_044, Nav_LDHP_NEW_044, Script_044, Mandatory_044, Mandatory_Message_044, Default_Value_044, Default_Datatype_044, Tab_Index_044) VALUES ( '3SOTMNK0', '3SOTMNJ8', 'QE139_Txt_County', 1, 'County', NULL, 0, NULL, NULL, 't', NULL)
INSERT INTO Nav_Fields_LDHP_NEW( Nav_LDHP_NEW_ID, ParentID, FieldName, Enabled_044, Nav_LDHP_NEW_044, Script_044, Mandatory_044, Mandatory_Message_044, Default_Value_044, Default_Datatype_044, Tab_Index_044) VALUES ( '3SOTMNK1', '3SOTMNJ8', 'QE139_Txt_City', 1, 'City', NULL, 1, 'Please enter a city', NULL, 't', NULL)
INSERT INTO Nav_Fields_LDHP_NEW( Nav_LDHP_NEW_ID, ParentID, FieldName, Enabled_044, Nav_LDHP_NEW_044, Script_044, Mandatory_044, Mandatory_Message_044, Default_Value_044, Default_Datatype_044, Tab_Index_044) VALUES ( '3SOTMNL1', '3SOTMNJ8', 'QE139_Txt_Locality', 1, 'Locality', NULL, 0, NULL, NULL, 't', NULL)
INSERT INTO Nav_Fields_LDHP_NEW( Nav_LDHP_NEW_ID, ParentID, FieldName, Enabled_044, Nav_LDHP_NEW_044, Script_044, Mandatory_044, Mandatory_Message_044, Default_Value_044, Default_Datatype_044, Tab_Index_044) VALUES ( '3SOTMNL2', '3SOTMNJ8', 'QE139_Txt_Street', 1, 'Street', NULL, 1, 'Please enter a street', NULL, 't', NULL)
INSERT INTO Nav_Fields_LDHP_NEW( Nav_LDHP_NEW_ID, ParentID, FieldName, Enabled_044, Nav_LDHP_NEW_044, Script_044, Mandatory_044, Mandatory_Message_044, Default_Value_044, Default_Datatype_044, Tab_Index_044) VALUES ( '3SOTMNL3', '3SOTMNJ8', 'QE139_Txt_House', 1, 'House', NULL, 1, 'Please enter a house', NULL, 't', NULL)
INSERT INTO Nav_Fields_LDHP_NEW( Nav_LDHP_NEW_ID, ParentID, FieldName, Enabled_044, Nav_LDHP_NEW_044, Script_044, Mandatory_044, Mandatory_Message_044, Default_Value_044, Default_Datatype_044, Tab_Index_044) VALUES ( '3SOTMNL4', '3SOTMNJ8', 'QE139_Txt_Postcode', 1, 'Postcode', NULL, 1, 'Please enter a postcode', NULL, 't', NULL)
INSERT INTO Nav_Fields_LDHP_NEW( Nav_LDHP_NEW_ID, ParentID, FieldName, Enabled_044, Nav_LDHP_NEW_044, Script_044, Mandatory_044, Mandatory_Message_044, Default_Value_044, Default_Datatype_044, Tab_Index_044) VALUES ( '3SOTMNL5', '3SOTMNJ8', 'QE139_Opt_Sex', 1, 'Sex', NULL, 1, 'Please enter a sex', NULL, 'b', NULL)
INSERT INTO Nav_Fields_LDHP_NEW( Nav_LDHP_NEW_ID, ParentID, FieldName, Enabled_044, Nav_LDHP_NEW_044, Script_044, Mandatory_044, Mandatory_Message_044, Default_Value_044, Default_Datatype_044, Tab_Index_044) VALUES ( '3SOTMNL6', '3SOTMNJ8', 'QE139_Cbo_TelephoneType', 1, 'Telephone type', NULL, 0, NULL, NULL, 't', NULL)
INSERT INTO Nav_Fields_LDHP_NEW( Nav_LDHP_NEW_ID, ParentID, FieldName, Enabled_044, Nav_LDHP_NEW_044, Script_044, Mandatory_044, Mandatory_Message_044, Default_Value_044, Default_Datatype_044, Tab_Index_044) VALUES ( '3SOTMNL7', '3SOTMNJ8', 'QE139_Chk_ExDirectory', 1, 'Ex directory', NULL, 0, NULL, NULL, 'b', NULL)
INSERT INTO Nav_Fields_LDHP_NEW( Nav_LDHP_NEW_ID, ParentID, FieldName, Enabled_044, Nav_LDHP_NEW_044, Script_044, Mandatory_044, Mandatory_Message_044, Default_Value_044, Default_Datatype_044, Tab_Index_044) VALUES ( '3SOTMNL8', '3SOTMNJ8', 'QE139_Txt_Extension', 1, 'Telephone extension', NULL, 0, NULL, NULL, 't', NULL)
INSERT INTO Nav_Fields_LDHP_NEW( Nav_LDHP_NEW_ID, ParentID, FieldName, Enabled_044, Nav_LDHP_NEW_044, Script_044, Mandatory_044, Mandatory_Message_044, Default_Value_044, Default_Datatype_044, Tab_Index_044) VALUES ( '3SOTMNL9', '3SOTMNJ8', 'QE139_Txt_Number', 1, 'Telephone number', NULL, 0, NULL, NULL, 't', NULL)
INSERT INTO Nav_Fields_LDHP_NEW( Nav_LDHP_NEW_ID, ParentID, FieldName, Enabled_044, Nav_LDHP_NEW_044, Script_044, Mandatory_044, Mandatory_Message_044, Default_Value_044, Default_Datatype_044, Tab_Index_044) VALUES ( '3SOTMNL0', '3SOTMNJ8', 'QE139_Lvw_Telephone', 1, 'Telephone list', NULL, 0, NULL, NULL, 'n', NULL)
INSERT INTO Nav_Fields_LDHP_NEW( Nav_LDHP_NEW_ID, ParentID, FieldName, Enabled_044, Nav_LDHP_NEW_044, Script_044, Mandatory_044, Mandatory_Message_044, Default_Value_044, Default_Datatype_044, Tab_Index_044) VALUES ( '3SOTMNM0', '3SOTMNJ8', 'QE139_Txt_SecurityAnswer', 1, 'Security Answer', NULL, 0, NULL, NULL, 't', NULL)
INSERT INTO Nav_Fields_LDHP_NEW( Nav_LDHP_NEW_ID, ParentID, FieldName, Enabled_044, Nav_LDHP_NEW_044, Script_044, Mandatory_044, Mandatory_Message_044, Default_Value_044, Default_Datatype_044, Tab_Index_044) VALUES ( '3SOTMNM1', '3SOTMNJ8', 'QE139_Cbo_Security_Question', 1, 'Security Question', NULL, 0, NULL, NULL, 't', NULL)
INSERT INTO Nav_Fields_LDHP_NEW( Nav_LDHP_NEW_ID, ParentID, FieldName, Enabled_044, Nav_LDHP_NEW_044, Script_044, Mandatory_044, Mandatory_Message_044, Default_Value_044, Default_Datatype_044, Tab_Index_044) VALUES ( '3SOTMNM2', '3SOTMNJ8', 'QE139_Chk_RenewalQuote', 1, 'Prior Policy Renewal', NULL, 0, NULL, NULL, 'b', NULL)
INSERT INTO Nav_Fields_LDHP_NEW( Nav_LDHP_NEW_ID, ParentID, FieldName, Enabled_044, Nav_LDHP_NEW_044, Script_044, Mandatory_044, Mandatory_Message_044, Default_Value_044, Default_Datatype_044, Tab_Index_044) VALUES ( '3SOTMNM3', '3SOTMNJ8', 'QE139_Chk_Instalments', 1, 'Instalments', NULL, 0, NULL, NULL, 'b', NULL)
INSERT INTO Nav_Fields_LDHP_NEW( Nav_LDHP_NEW_ID, ParentID, FieldName, Enabled_044, Nav_LDHP_NEW_044, Script_044, Mandatory_044, Mandatory_Message_044, Default_Value_044, Default_Datatype_044, Tab_Index_044) VALUES ( '3SOTMNM4', '3SOTMNJ8', 'QE139_Txt_Email', 1, 'Email', NULL, 0, NULL, NULL, 't', NULL)
INSERT INTO Nav_Fields_LDHP_NEW( Nav_LDHP_NEW_ID, ParentID, FieldName, Enabled_044, Nav_LDHP_NEW_044, Script_044, Mandatory_044, Mandatory_Message_044, Default_Value_044, Default_Datatype_044, Tab_Index_044) VALUES ( '3SOTMNM5', '3SOTMNJ8', 'QE139_Msk_DOB', 1, 'Date of Birth', NULL, 0, NULL, NULL, 'd', NULL)
INSERT INTO Nav_Fields_LDHP_NEW( Nav_LDHP_NEW_ID, ParentID, FieldName, Enabled_044, Nav_LDHP_NEW_044, Script_044, Mandatory_044, Mandatory_Message_044, Default_Value_044, Default_Datatype_044, Tab_Index_044) VALUES ( '3SOTMNM6', '3SOTMNJ8', 'QE139_Txt_Confirm', 1, 'Confirm password', NULL, 0, NULL, NULL, 't', NULL)
INSERT INTO Nav_Fields_LDHP_NEW( Nav_LDHP_NEW_ID, ParentID, FieldName, Enabled_044, Nav_LDHP_NEW_044, Script_044, Mandatory_044, Mandatory_Message_044, Default_Value_044, Default_Datatype_044, Tab_Index_044) VALUES ( '3SOTMNM7', '3SOTMNJ8', 'QE139_Txt_Password', 1, 'Password', NULL, 0, NULL, NULL, 't', NULL)
INSERT INTO Nav_Fields_LDHP_NEW( Nav_LDHP_NEW_ID, ParentID, FieldName, Enabled_044, Nav_LDHP_NEW_044, Script_044, Mandatory_044, Mandatory_Message_044, Default_Value_044, Default_Datatype_044, Tab_Index_044) VALUES ( '3SOTMNM8', '3SOTMNJ8', 'QE139_Txt_MaidenName', 1, 'Maiden name', NULL, 0, NULL, NULL, 't', NULL)
INSERT INTO Nav_Fields_LDHP_NEW( Nav_LDHP_NEW_ID, ParentID, FieldName, Enabled_044, Nav_LDHP_NEW_044, Script_044, Mandatory_044, Mandatory_Message_044, Default_Value_044, Default_Datatype_044, Tab_Index_044) VALUES ( '3SOTMNM9', '3SOTMNJ8', 'QE139_Cbo_Country', 1, 'Country', NULL, 0, NULL, NULL, 't', NULL)
INSERT INTO Nav_Fields_LDHP_NEW( Nav_LDHP_NEW_ID, ParentID, FieldName, Enabled_044, Nav_LDHP_NEW_044, Script_044, Mandatory_044, Mandatory_Message_044, Default_Value_044, Default_Datatype_044, Tab_Index_044) VALUES ( '3SOTMNN9', '3SOTMNJ8', 'QE139_Txt_InputTaxCredit', 1, 'Input Tax Credit', NULL, 0, NULL, NULL, 't', NULL)
INSERT INTO Nav_Fields_LDHP_NEW( Nav_LDHP_NEW_ID, ParentID, FieldName, Enabled_044, Nav_LDHP_NEW_044, Script_044, Mandatory_044, Mandatory_Message_044, Default_Value_044, Default_Datatype_044, Tab_Index_044) VALUES ( '3SOTMNN0', '3SOTMNJ8', 'QE139_Cmd_IND', 1, 'Telephone Add', NULL, 0, NULL, NULL, 'b', NULL)
INSERT INTO Nav_Fields_LDHP_NEW( Nav_LDHP_NEW_ID, ParentID, FieldName, Enabled_044, Nav_LDHP_NEW_044, Script_044, Mandatory_044, Mandatory_Message_044, Default_Value_044, Default_Datatype_044, Tab_Index_044) VALUES ( '3SOTMNN1', '3SOTMNJ8', 'QE139_Cmd_Remove', 1, 'Telephone Remove', NULL, 0, NULL, NULL, 'b', NULL)
INSERT INTO Nav_Fields_LDHP_NEW( Nav_LDHP_NEW_ID, ParentID, FieldName, Enabled_044, Nav_LDHP_NEW_044, Script_044, Mandatory_044, Mandatory_Message_044, Default_Value_044, Default_Datatype_044, Tab_Index_044) VALUES ( '3SOTMNN2', '3SOTMNJ8', 'QE139_Cmd_Search', 1, 'Postcode Search', NULL, 0, NULL, NULL, 'b', NULL)
INSERT INTO Nav_Fields_LDHP_NEW( Nav_LDHP_NEW_ID, ParentID, FieldName, Enabled_044, Nav_LDHP_NEW_044, Script_044, Mandatory_044, Mandatory_Message_044, Default_Value_044, Default_Datatype_044, Tab_Index_044) VALUES ( '3SOTMNN3', '3SOTMNJ8', 'QE139_Msk_DateEstablished', 1, 'Date Established', NULL, 0, NULL, NULL, 'd', NULL)

--Contact and Marketing
INSERT INTO Nav_Forms_LDHP_NEW( Nav_LDHP_NEW_ID, Nav_LDHP_NEW, MoveAble, Enabled_044, Sequence_044, Nav_LDHP_NEW_044, Nav_Tbl_Tag_044) VALUES ( '3SOTMNN4', 'QE140', 1, 1, 2, 'Contact and Marketing Details', NULL)
INSERT INTO Nav_Fields_LDHP_NEW( Nav_LDHP_NEW_ID, ParentID, FieldName, Enabled_044, Nav_LDHP_NEW_044, Script_044, Mandatory_044, Mandatory_Message_044, Default_Value_044, Default_Datatype_044, Tab_Index_044) VALUES ( '3SOTMNN5', '3SOTMNN4', 'QE140_Chk_TelephoneThird', 1, 'Allow telephone contact from third party', NULL, 0, NULL, '0', 'b', NULL)
INSERT INTO Nav_Fields_LDHP_NEW( Nav_LDHP_NEW_ID, ParentID, FieldName, Enabled_044, Nav_LDHP_NEW_044, Script_044, Mandatory_044, Mandatory_Message_044, Default_Value_044, Default_Datatype_044, Tab_Index_044) VALUES ( '3SOTMNN6', '3SOTMNN4', 'QE140_Chk_TelephoneAffinity', 1, 'Allow telephone contact from affinity', NULL, 0, NULL, '0', 'b', NULL)
INSERT INTO Nav_Fields_LDHP_NEW( Nav_LDHP_NEW_ID, ParentID, FieldName, Enabled_044, Nav_LDHP_NEW_044, Script_044, Mandatory_044, Mandatory_Message_044, Default_Value_044, Default_Datatype_044, Tab_Index_044) VALUES ( '3SOTMNN7', '3SOTMNN4', 'QE140_Chk_TelephoneAdministrator', 1, 'Allow telephone contact from administrator', NULL, 0, NULL, '0', 'b', NULL)
INSERT INTO Nav_Fields_LDHP_NEW( Nav_LDHP_NEW_ID, ParentID, FieldName, Enabled_044, Nav_LDHP_NEW_044, Script_044, Mandatory_044, Mandatory_Message_044, Default_Value_044, Default_Datatype_044, Tab_Index_044) VALUES ( '3SOTMNO7', '3SOTMNN4', 'QE140_Chk_MailingThird', 1, 'Allow mailings from third party', NULL, 0, NULL, '0', 'b', NULL)
INSERT INTO Nav_Fields_LDHP_NEW( Nav_LDHP_NEW_ID, ParentID, FieldName, Enabled_044, Nav_LDHP_NEW_044, Script_044, Mandatory_044, Mandatory_Message_044, Default_Value_044, Default_Datatype_044, Tab_Index_044) VALUES ( '3SOTMNO8', '3SOTMNN4', 'QE140_Chk_MailingAffinity', 1, 'Allow mailings from affinity', NULL, 0, NULL, '0', 'b', NULL)
INSERT INTO Nav_Fields_LDHP_NEW( Nav_LDHP_NEW_ID, ParentID, FieldName, Enabled_044, Nav_LDHP_NEW_044, Script_044, Mandatory_044, Mandatory_Message_044, Default_Value_044, Default_Datatype_044, Tab_Index_044) VALUES ( '3SOTMNO9', '3SOTMNN4', 'QE140_Chk_MailingAdministrator', 1, 'Allow mailings from administrator', NULL, 0, NULL, '0', 'b', NULL)
INSERT INTO Nav_Fields_LDHP_NEW( Nav_LDHP_NEW_ID, ParentID, FieldName, Enabled_044, Nav_LDHP_NEW_044, Script_044, Mandatory_044, Mandatory_Message_044, Default_Value_044, Default_Datatype_044, Tab_Index_044) VALUES ( '3SOTMNO0', '3SOTMNN4', 'QE140_Txt_RecommendedBy', 1, 'Referred By', NULL, 0, NULL, NULL, 't', NULL)
INSERT INTO Nav_Fields_LDHP_NEW( Nav_LDHP_NEW_ID, ParentID, FieldName, Enabled_044, Nav_LDHP_NEW_044, Script_044, Mandatory_044, Mandatory_Message_044, Default_Value_044, Default_Datatype_044, Tab_Index_044) VALUES ( '3SOTMNO1', '3SOTMNN4', 'QE140_Txt_Reference', 1, 'Reference', NULL, 0, NULL, NULL, 't', NULL)
INSERT INTO Nav_Fields_LDHP_NEW( Nav_LDHP_NEW_ID, ParentID, FieldName, Enabled_044, Nav_LDHP_NEW_044, Script_044, Mandatory_044, Mandatory_Message_044, Default_Value_044, Default_Datatype_044, Tab_Index_044) VALUES ( '3SOTMNO2', '3SOTMNN4', 'QE140_Cbo_Campaign', 1, 'Marketing source campaign', NULL, 0, NULL, NULL, 't', NULL)
INSERT INTO Nav_Fields_LDHP_NEW( Nav_LDHP_NEW_ID, ParentID, FieldName, Enabled_044, Nav_LDHP_NEW_044, Script_044, Mandatory_044, Mandatory_Message_044, Default_Value_044, Default_Datatype_044, Tab_Index_044) VALUES ( '3SOTMNO3', '3SOTMNN4', 'QE140_Cbo_Activity', 1, 'Marketing source activity', NULL, 0, NULL, NULL, 't', NULL)
INSERT INTO Nav_Fields_LDHP_NEW( Nav_LDHP_NEW_ID, ParentID, FieldName, Enabled_044, Nav_LDHP_NEW_044, Script_044, Mandatory_044, Mandatory_Message_044, Default_Value_044, Default_Datatype_044, Tab_Index_044) VALUES ( '3SOTMNO4', '3SOTMNN4', 'QE140_Cbo_Source', 1, 'Marketing source of business', NULL, 0, NULL, NULL, 't', NULL)
INSERT INTO Nav_Fields_LDHP_NEW( Nav_LDHP_NEW_ID, ParentID, FieldName, Enabled_044, Nav_LDHP_NEW_044, Script_044, Mandatory_044, Mandatory_Message_044, Default_Value_044, Default_Datatype_044, Tab_Index_044) VALUES ( '3SOTMNO5', '3SOTMNN4', 'QE140_Chk_StopCorrespondence', 1, 'Stop Correspondence', NULL, 0, NULL, '0', 'b', NULL)
INSERT INTO Nav_Fields_LDHP_NEW( Nav_LDHP_NEW_ID, ParentID, FieldName, Enabled_044, Nav_LDHP_NEW_044, Script_044, Mandatory_044, Mandatory_Message_044, Default_Value_044, Default_Datatype_044, Tab_Index_044) VALUES ( '3SOTMNO6', '3SOTMNN4', 'QE140_Cbo_Preferred', 1, 'Preferred contact method', NULL, 0, NULL, NULL, 't', NULL)
--Target Premium
INSERT INTO Nav_Forms_LDHP_NEW( Nav_LDHP_NEW_ID, Nav_LDHP_NEW, MoveAble, Enabled_044, Sequence_044, Nav_LDHP_NEW_044, Nav_Tbl_Tag_044) VALUES ( '3SOTMNP6', 'QE141', 1, 1, 3, 'Target Premium', NULL)
INSERT INTO Nav_Fields_LDHP_NEW( Nav_LDHP_NEW_ID, ParentID, FieldName, Enabled_044, Nav_LDHP_NEW_044, Script_044, Mandatory_044, Mandatory_Message_044, Default_Value_044, Default_Datatype_044, Tab_Index_044) VALUES ( '3SOTMNP7', '3SOTMNP6', 'QE141_Cbo_Insurer', 1, 'Best quote given by', NULL, 0, NULL, NULL, 't', NULL)
INSERT INTO Nav_Fields_LDHP_NEW( Nav_LDHP_NEW_ID, ParentID, FieldName, Enabled_044, Nav_LDHP_NEW_044, Script_044, Mandatory_044, Mandatory_Message_044, Default_Value_044, Default_Datatype_044, Tab_Index_044) VALUES ( '3SOTMNP8', '3SOTMNP6', 'QE141_Msk_CurrentRenewalDate', 1, 'Current renewal date', NULL, 0, NULL, NULL, 'd', NULL)
INSERT INTO Nav_Fields_LDHP_NEW( Nav_LDHP_NEW_ID, ParentID, FieldName, Enabled_044, Nav_LDHP_NEW_044, Script_044, Mandatory_044, Mandatory_Message_044, Default_Value_044, Default_Datatype_044, Tab_Index_044) VALUES ( '3SOTMNP9', '3SOTMNP6', 'QE141_CFd_Premium', 1, 'Previously quoted premium', NULL, 0, NULL, NULL, 'n', NULL)
--Cross Sales
INSERT INTO Nav_Forms_LDHP_NEW( Nav_LDHP_NEW_ID, Nav_LDHP_NEW, MoveAble, Enabled_044, Sequence_044, Nav_LDHP_NEW_044, Nav_Tbl_Tag_044) VALUES ( '3SOTMNP0', 'QE107', 1, 1, 4, 'Cross Sales', NULL)
INSERT INTO Nav_Fields_LDHP_NEW( Nav_LDHP_NEW_ID, ParentID, FieldName, Enabled_044, Nav_LDHP_NEW_044, Script_044, Mandatory_044, Mandatory_Message_044, Default_Value_044, Default_Datatype_044, Tab_Index_044) VALUES ( '3SOTMNP1', '3SOTMNP0', 'QE107_Cmb_Product', 1, 'Product', NULL, 0, NULL, NULL, 't', NULL)
INSERT INTO Nav_Fields_LDHP_NEW( Nav_LDHP_NEW_ID, ParentID, FieldName, Enabled_044, Nav_LDHP_NEW_044, Script_044, Mandatory_044, Mandatory_Message_044, Default_Value_044, Default_Datatype_044, Tab_Index_044) VALUES ( '3SOTMNP2', '3SOTMNP0', 'QE107_Msk_RenewalDate', 1, 'Renewal Date', NULL, 0, NULL, NULL, 'd', NULL)
INSERT INTO Nav_Fields_LDHP_NEW( Nav_LDHP_NEW_ID, ParentID, FieldName, Enabled_044, Nav_LDHP_NEW_044, Script_044, Mandatory_044, Mandatory_Message_044, Default_Value_044, Default_Datatype_044, Tab_Index_044) VALUES ( '3SOTMNP3', '3SOTMNP0', 'QE107_CFd_Premium', 1, 'Premium', NULL, 0, NULL, NULL, 'n', NULL)
INSERT INTO Nav_Fields_LDHP_NEW( Nav_LDHP_NEW_ID, ParentID, FieldName, Enabled_044, Nav_LDHP_NEW_044, Script_044, Mandatory_044, Mandatory_Message_044, Default_Value_044, Default_Datatype_044, Tab_Index_044) VALUES ( '3SOTMNP4', '3SOTMNP0', 'QE107_Cmd_Add', 1, 'Add', NULL, 0, NULL, NULL, 'b', NULL)
INSERT INTO Nav_Fields_LDHP_NEW( Nav_LDHP_NEW_ID, ParentID, FieldName, Enabled_044, Nav_LDHP_NEW_044, Script_044, Mandatory_044, Mandatory_Message_044, Default_Value_044, Default_Datatype_044, Tab_Index_044) VALUES ( '3SOTMNP5', '3SOTMNP0', 'QE107_Cmd_Remove', 1, 'Remove', NULL, 0, NULL, NULL, 'b', NULL)
INSERT INTO Nav_Fields_LDHP_NEW( Nav_LDHP_NEW_ID, ParentID, FieldName, Enabled_044, Nav_LDHP_NEW_044, Script_044, Mandatory_044, Mandatory_Message_044, Default_Value_044, Default_Datatype_044, Tab_Index_044) VALUES ( '3SOTMNQ5', '3SOTMNP0', 'QE107_Lvw_Products', 1, 'Product List', NULL, 0, NULL, NULL, 'n', NULL)
INSERT INTO Nav_Fields_LDHP_NEW( Nav_LDHP_NEW_ID, ParentID, FieldName, Enabled_044, Nav_LDHP_NEW_044, Script_044, Mandatory_044, Mandatory_Message_044, Default_Value_044, Default_Datatype_044, Tab_Index_044) VALUES ( '3SOTMNQ6', '3SOTMNP0', 'QE107_Cmb_Rating', 1, 'Rating', NULL, 0, NULL, NULL, 't', NULL)
--Extensions of Cover
INSERT INTO Nav_Forms_LDHP_NEW( Nav_LDHP_NEW_ID, Nav_LDHP_NEW, MoveAble, Enabled_044, Sequence_044, Nav_LDHP_NEW_044, Nav_Tbl_Tag_044) VALUES ( '3SOTMNQ7', 'QE151', 1, 0, 5, 'Extensions of Cover', NULL)
INSERT INTO Nav_Fields_LDHP_NEW( Nav_LDHP_NEW_ID, ParentID, FieldName, Enabled_044, Nav_LDHP_NEW_044, Script_044, Mandatory_044, Mandatory_Message_044, Default_Value_044, Default_Datatype_044, Tab_Index_044) VALUES ( '3SOTMNQ8', '3SOTMNQ7', 'QE151_Lvw_AddOn', 1, 'Extension List', NULL, 0, NULL, NULL, 'n', NULL)
--Add Ons
INSERT INTO Nav_Forms_LDHP_NEW( Nav_LDHP_NEW_ID, Nav_LDHP_NEW, MoveAble, Enabled_044, Sequence_044, Nav_LDHP_NEW_044, Nav_Tbl_Tag_044) VALUES ( '3SOTMNQ9', 'QE165', 1, 0, 6, 'Add Ons', NULL)
INSERT INTO Nav_Fields_LDHP_NEW( Nav_LDHP_NEW_ID, ParentID, FieldName, Enabled_044, Nav_LDHP_NEW_044, Script_044, Mandatory_044, Mandatory_Message_044, Default_Value_044, Default_Datatype_044, Tab_Index_044) VALUES ( '3SOTMNQ0', '3SOTMNQ9', 'QE165_Lvw_AddOn', 1, 'Add On List', NULL, 0, NULL, NULL, 'n', NULL)
--Policy Length
INSERT INTO Nav_Forms_LDHP_NEW( Nav_LDHP_NEW_ID, Nav_LDHP_NEW, MoveAble, Enabled_044, Sequence_044, Nav_LDHP_NEW_044, Nav_Tbl_Tag_044) VALUES ( '3SOTMNQ1', 'frmQE_PolicyLength', 1, 0, 7, 'Policy Length Details', NULL)
INSERT INTO Nav_Forms_LDHP_NEW( Nav_LDHP_NEW_ID, Nav_LDHP_NEW, MoveAble, Enabled_044, Sequence_044, Nav_LDHP_NEW_044, Nav_Tbl_Tag_044) VALUES ( '3SOTMNQ2', 'QE90', 1, 0, 8, 'Payment Plan', NULL)
--FSA
INSERT INTO Nav_Forms_LDHP_NEW( Nav_LDHP_NEW_ID, Nav_LDHP_NEW, MoveAble, Enabled_044, Sequence_044, Nav_LDHP_NEW_044, Nav_Tbl_Tag_044) VALUES ( '3SOTMNQ3', 'frmQE_FSAGeneral', 1, 0, 9, 'General FSA Declaration', NULL)      
    
--Summary
INSERT INTO Nav_Forms_LDHP_NEW( Nav_LDHP_NEW_ID, Nav_LDHP_NEW, MoveAble, Enabled_044, Sequence_044, Nav_LDHP_NEW_044, Nav_Tbl_Tag_044) VALUES ( '3SOTMNR3', 'QS99', 1, 1, 18, 'Holiday Property Summary', NULL)
GO
  
INSERT INTO Nav_Forms_LDHP_NEW( Nav_LDHP_NEW_ID, Nav_LDHP_NEW, MoveAble, Enabled_044, Sequence_044, Nav_LDHP_NEW_044, Nav_Tbl_Tag_044) VALUES ( '3SOTMNR1', 'TES_Screen_Builder\\LDHP\frmGENQUEST.tst', 1, 1, 15, 'General Questions', NULL)
                          
INSERT INTO Nav_Fields_LDHP_NEW( Nav_LDHP_NEW_ID, ParentID, FieldName, Enabled_044, Nav_LDHP_NEW_044, Script_044, Mandatory_044, Mandatory_Message_044, Default_Value_044, Default_Datatype_044, Tab_Index_044) VALUES ( '3SOTMNR2', '3SOTMNR1', 'txtDetails', 1, 'Details', NULL, 0, NULL, NULL, 't', NULL)
					
INSERT INTO Nav_Fields_LDHP_NEW( Nav_LDHP_NEW_ID, ParentID, FieldName, Enabled_044, Nav_LDHP_NEW_044, Script_044, Mandatory_044, Mandatory_Message_044, Default_Value_044, Default_Datatype_044, Tab_Index_044) VALUES ( '3SOTMNS2', '3SOTMNR1', 'chkExtraPre', 1, 'ExtraPre', NULL, 0, NULL, NULL, 'b', NULL)
			
INSERT INTO Nav_Fields_LDHP_NEW( Nav_LDHP_NEW_ID, ParentID, FieldName, Enabled_044, Nav_LDHP_NEW_044, Script_044, Mandatory_044, Mandatory_Message_044, Default_Value_044, Default_Datatype_044, Tab_Index_044) VALUES ( '3SOTMNS3', '3SOTMNR1', 'chkCriminalOffence', 1, 'CriminalOffence', NULL, 0, NULL, NULL, 'b', NULL)
			
INSERT INTO Nav_Fields_LDHP_NEW( Nav_LDHP_NEW_ID, ParentID, FieldName, Enabled_044, Nav_LDHP_NEW_044, Script_044, Mandatory_044, Mandatory_Message_044, Default_Value_044, Default_Datatype_044, Tab_Index_044) VALUES ( '3SOTMNS4', '3SOTMNR1', 'chkRefOrCancel', 1, 'RefOrCancel', NULL, 0, NULL, NULL, 'b', NULL)
			
INSERT INTO Nav_Forms_LDHP_NEW( Nav_LDHP_NEW_ID, Nav_LDHP_NEW, MoveAble, Enabled_044, Sequence_044, Nav_LDHP_NEW_044, Nav_Tbl_Tag_044) VALUES ( '3SOTMNS5', 'TES_Screen_Builder\\LDHP\frmHHDETAIL.tst', 1, 1, 12, 'Holiday Home Details', NULL)
                          
INSERT INTO Nav_Fields_LDHP_NEW( Nav_LDHP_NEW_ID, ParentID, FieldName, Enabled_044, Nav_LDHP_NEW_044, Script_044, Mandatory_044, Mandatory_Message_044, Default_Value_044, Default_Datatype_044, Tab_Index_044) VALUES ( '3SOTMNS6', '3SOTMNS5', 'txtYearBuilt', 1, 'YearBuilt', NULL, 0, NULL, NULL, 't', NULL)
					
INSERT INTO Nav_Fields_LDHP_NEW( Nav_LDHP_NEW_ID, ParentID, FieldName, Enabled_044, Nav_LDHP_NEW_044, Script_044, Mandatory_044, Mandatory_Message_044, Default_Value_044, Default_Datatype_044, Tab_Index_044) VALUES ( '3SOTMNS7', '3SOTMNS5', 'txtSleeps', 1, 'txtSleeps', NULL, 0, NULL, NULL, 't', NULL)
					
INSERT INTO Nav_Fields_LDHP_NEW( Nav_LDHP_NEW_ID, ParentID, FieldName, Enabled_044, Nav_LDHP_NEW_044, Script_044, Mandatory_044, Mandatory_Message_044, Default_Value_044, Default_Datatype_044, Tab_Index_044) VALUES ( '3SOTMNS8', '3SOTMNS5', 'chkCNTCover', 1, 'chkCNTCover', NULL, 0, NULL, NULL, 'b', NULL)
			
INSERT INTO Nav_Fields_LDHP_NEW( Nav_LDHP_NEW_ID, ParentID, FieldName, Enabled_044, Nav_LDHP_NEW_044, Script_044, Mandatory_044, Mandatory_Message_044, Default_Value_044, Default_Datatype_044, Tab_Index_044) VALUES ( '3SOTMNS9', '3SOTMNS5', 'chkBLDCover', 1, 'chkBLDCover', NULL, 0, NULL, NULL, 'b', NULL)
			
INSERT INTO Nav_Fields_LDHP_NEW( Nav_LDHP_NEW_ID, ParentID, FieldName, Enabled_044, Nav_LDHP_NEW_044, Script_044, Mandatory_044, Mandatory_Message_044, Default_Value_044, Default_Datatype_044, Tab_Index_044) VALUES ( '3SOTMNS0', '3SOTMNS5', 'chkBldAD', 1, 'chkBldAD', NULL, 0, NULL, NULL, 'b', NULL)
			
INSERT INTO Nav_Fields_LDHP_NEW( Nav_LDHP_NEW_ID, ParentID, FieldName, Enabled_044, Nav_LDHP_NEW_044, Script_044, Mandatory_044, Mandatory_Message_044, Default_Value_044, Default_Datatype_044, Tab_Index_044) VALUES ( '3SOTMNT0', '3SOTMNS5', 'txtContentValue', 1, 'ContentValue', NULL, 0, NULL, NULL, 't', NULL)
					
INSERT INTO Nav_Fields_LDHP_NEW( Nav_LDHP_NEW_ID, ParentID, FieldName, Enabled_044, Nav_LDHP_NEW_044, Script_044, Mandatory_044, Mandatory_Message_044, Default_Value_044, Default_Datatype_044, Tab_Index_044) VALUES ( '3SOTMNT1', '3SOTMNS5', 'chkADPets', 1, 'ADPets', NULL, 0, NULL, NULL, 'b', NULL)
			
INSERT INTO Nav_Fields_LDHP_NEW( Nav_LDHP_NEW_ID, ParentID, FieldName, Enabled_044, Nav_LDHP_NEW_044, Script_044, Mandatory_044, Mandatory_Message_044, Default_Value_044, Default_Datatype_044, Tab_Index_044) VALUES ( '3SOTMNT2', '3SOTMNS5', 'chkADCover', 1, 'ADCover', NULL, 0, NULL, NULL, 'b', NULL)
			
INSERT INTO Nav_Fields_LDHP_NEW( Nav_LDHP_NEW_ID, ParentID, FieldName, Enabled_044, Nav_LDHP_NEW_044, Script_044, Mandatory_044, Mandatory_Message_044, Default_Value_044, Default_Datatype_044, Tab_Index_044) VALUES ( '3SOTMNT3', '3SOTMNS5', 'txtBuildingValue', 1, 'BuildingValue', NULL, 0, NULL, NULL, 't', NULL)
					
INSERT INTO Nav_Fields_LDHP_NEW( Nav_LDHP_NEW_ID, ParentID, FieldName, Enabled_044, Nav_LDHP_NEW_044, Script_044, Mandatory_044, Mandatory_Message_044, Default_Value_044, Default_Datatype_044, Tab_Index_044) VALUES ( '3SOTMNT4', '3SOTMNS5', 'cboHiring', 1, 'cboHiring', NULL, 0, NULL, NULL, 't', NULL)
			
INSERT INTO Nav_Fields_LDHP_NEW( Nav_LDHP_NEW_ID, ParentID, FieldName, Enabled_044, Nav_LDHP_NEW_044, Script_044, Mandatory_044, Mandatory_Message_044, Default_Value_044, Default_Datatype_044, Tab_Index_044) VALUES ( '3SOTMNT5', '3SOTMNS5', 'chkSmokeDetect', 1, 'chkSmokeDetect', NULL, 0, NULL, NULL, 'b', NULL)
			
INSERT INTO Nav_Fields_LDHP_NEW( Nav_LDHP_NEW_ID, ParentID, FieldName, Enabled_044, Nav_LDHP_NEW_044, Script_044, Mandatory_044, Mandatory_Message_044, Default_Value_044, Default_Datatype_044, Tab_Index_044) VALUES ( '3SOTMNT6', '3SOTMNS5', 'cboAlarm', 1, 'cboAlarm', NULL, 0, NULL, NULL, 't', NULL)
			
INSERT INTO Nav_Fields_LDHP_NEW( Nav_LDHP_NEW_ID, ParentID, FieldName, Enabled_044, Nav_LDHP_NEW_044, Script_044, Mandatory_044, Mandatory_Message_044, Default_Value_044, Default_Datatype_044, Tab_Index_044) VALUES ( '3SOTMNT7', '3SOTMNS5', 'cboBusUse', 1, 'BusUse', NULL, 0, NULL, NULL, 't', NULL)
			
INSERT INTO Nav_Fields_LDHP_NEW( Nav_LDHP_NEW_ID, ParentID, FieldName, Enabled_044, Nav_LDHP_NEW_044, Script_044, Mandatory_044, Mandatory_Message_044, Default_Value_044, Default_Datatype_044, Tab_Index_044) VALUES ( '3SOTMNT8', '3SOTMNS5', 'cboUnoccupancy', 1, 'Unoccupancy', NULL, 0, NULL, NULL, 't', NULL)
			
INSERT INTO Nav_Fields_LDHP_NEW( Nav_LDHP_NEW_ID, ParentID, FieldName, Enabled_044, Nav_LDHP_NEW_044, Script_044, Mandatory_044, Mandatory_Message_044, Default_Value_044, Default_Datatype_044, Tab_Index_044) VALUES ( '3SOTMNT9', '3SOTMNS5', 'chkGSRepair', 1, 'GSRepair', NULL, 0, NULL, NULL, 'b', NULL)
			
INSERT INTO Nav_Fields_LDHP_NEW( Nav_LDHP_NEW_ID, ParentID, FieldName, Enabled_044, Nav_LDHP_NEW_044, Script_044, Mandatory_044, Mandatory_Message_044, Default_Value_044, Default_Datatype_044, Tab_Index_044) VALUES ( '3SOTMNU9', '3SOTMNS5', 'chkWaterSwitch', 1, 'WaterSwitch', NULL, 0, NULL, NULL, 'b', NULL)
			
INSERT INTO Nav_Fields_LDHP_NEW( Nav_LDHP_NEW_ID, ParentID, FieldName, Enabled_044, Nav_LDHP_NEW_044, Script_044, Mandatory_044, Mandatory_Message_044, Default_Value_044, Default_Datatype_044, Tab_Index_044) VALUES ( '3SOTMNU0', '3SOTMNS5', 'chkSCEntrance', 1, 'SCEntrance', NULL, 0, NULL, NULL, 'b', NULL)
			
INSERT INTO Nav_Fields_LDHP_NEW( Nav_LDHP_NEW_ID, ParentID, FieldName, Enabled_044, Nav_LDHP_NEW_044, Script_044, Mandatory_044, Mandatory_Message_044, Default_Value_044, Default_Datatype_044, Tab_Index_044) VALUES ( '3SOTMNU1', '3SOTMNS5', 'chkWindowLocks', 1, 'WindowLocks', NULL, 0, NULL, NULL, 'b', NULL)
			
INSERT INTO Nav_Fields_LDHP_NEW( Nav_LDHP_NEW_ID, ParentID, FieldName, Enabled_044, Nav_LDHP_NEW_044, Script_044, Mandatory_044, Mandatory_Message_044, Default_Value_044, Default_Datatype_044, Tab_Index_044) VALUES ( '3SOTMNU2', '3SOTMNS5', 'chkDoorsLocked', 1, 'DoorsLocked', NULL, 0, NULL, NULL, 'b', NULL)
			
INSERT INTO Nav_Fields_LDHP_NEW( Nav_LDHP_NEW_ID, ParentID, FieldName, Enabled_044, Nav_LDHP_NEW_044, Script_044, Mandatory_044, Mandatory_Message_044, Default_Value_044, Default_Datatype_044, Tab_Index_044) VALUES ( '3SOTMNU3', '3SOTMNS5', 'txtNumofBedrooms', 1, 'NumofBedrooms', NULL, 0, NULL, NULL, 't', NULL)
					
INSERT INTO Nav_Fields_LDHP_NEW( Nav_LDHP_NEW_ID, ParentID, FieldName, Enabled_044, Nav_LDHP_NEW_044, Script_044, Mandatory_044, Mandatory_Message_044, Default_Value_044, Default_Datatype_044, Tab_Index_044) VALUES ( '3SOTMNU4', '3SOTMNS5', 'cboWallConst', 1, 'WallConst', NULL, 0, NULL, NULL, 't', NULL)
			
INSERT INTO Nav_Fields_LDHP_NEW( Nav_LDHP_NEW_ID, ParentID, FieldName, Enabled_044, Nav_LDHP_NEW_044, Script_044, Mandatory_044, Mandatory_Message_044, Default_Value_044, Default_Datatype_044, Tab_Index_044) VALUES ( '3SOTMNU5', '3SOTMNS5', 'cboRoofConst', 1, 'RoofConst', NULL, 0, NULL, NULL, 't', NULL)
			
INSERT INTO Nav_Fields_LDHP_NEW( Nav_LDHP_NEW_ID, ParentID, FieldName, Enabled_044, Nav_LDHP_NEW_044, Script_044, Mandatory_044, Mandatory_Message_044, Default_Value_044, Default_Datatype_044, Tab_Index_044) VALUES ( '3SOTMNU6', '3SOTMNS5', 'cboFlatOrFelt', 1, 'FlatOrFelt', NULL, 0, NULL, NULL, 't', NULL)
			
INSERT INTO Nav_Fields_LDHP_NEW( Nav_LDHP_NEW_ID, ParentID, FieldName, Enabled_044, Nav_LDHP_NEW_044, Script_044, Mandatory_044, Mandatory_Message_044, Default_Value_044, Default_Datatype_044, Tab_Index_044) VALUES ( '3SOTMNU7', '3SOTMNS5', 'cboListStatus', 1, 'ListStatus', NULL, 0, NULL, NULL, 't', NULL)
			
INSERT INTO Nav_Fields_LDHP_NEW( Nav_LDHP_NEW_ID, ParentID, FieldName, Enabled_044, Nav_LDHP_NEW_044, Script_044, Mandatory_044, Mandatory_Message_044, Default_Value_044, Default_Datatype_044, Tab_Index_044) VALUES ( '3SOTMNU8', '3SOTMNS5', 'cboTypeOfProperty', 1, 'TypeOfProperty', NULL, 0, NULL, NULL, 't', NULL)
			
INSERT INTO Nav_Fields_LDHP_NEW( Nav_LDHP_NEW_ID, ParentID, FieldName, Enabled_044, Nav_LDHP_NEW_044, Script_044, Mandatory_044, Mandatory_Message_044, Default_Value_044, Default_Datatype_044, Tab_Index_044) VALUES ( '3SOTMNV8', '3SOTMNS5', 'cmdPostSearch', 1, 'PostSearch', NULL, 0, NULL, NULL, 'b', NULL)
			
INSERT INTO Nav_Fields_LDHP_NEW( Nav_LDHP_NEW_ID, ParentID, FieldName, Enabled_044, Nav_LDHP_NEW_044, Script_044, Mandatory_044, Mandatory_Message_044, Default_Value_044, Default_Datatype_044, Tab_Index_044) VALUES ( '3SOTMNV9', '3SOTMNS5', 'txtCountry', 1, 'Country', NULL, 0, NULL, NULL, 't', NULL)
					
INSERT INTO Nav_Fields_LDHP_NEW( Nav_LDHP_NEW_ID, ParentID, FieldName, Enabled_044, Nav_LDHP_NEW_044, Script_044, Mandatory_044, Mandatory_Message_044, Default_Value_044, Default_Datatype_044, Tab_Index_044) VALUES ( '3SOTMNV0', '3SOTMNS5', 'txtCounty', 1, 'County', NULL, 0, NULL, NULL, 't', NULL)
					
INSERT INTO Nav_Fields_LDHP_NEW( Nav_LDHP_NEW_ID, ParentID, FieldName, Enabled_044, Nav_LDHP_NEW_044, Script_044, Mandatory_044, Mandatory_Message_044, Default_Value_044, Default_Datatype_044, Tab_Index_044) VALUES ( '3SOTMNV1', '3SOTMNS5', 'txtCity', 1, 'City', NULL, 0, NULL, NULL, 't', NULL)
					
INSERT INTO Nav_Fields_LDHP_NEW( Nav_LDHP_NEW_ID, ParentID, FieldName, Enabled_044, Nav_LDHP_NEW_044, Script_044, Mandatory_044, Mandatory_Message_044, Default_Value_044, Default_Datatype_044, Tab_Index_044) VALUES ( '3SOTMNV2', '3SOTMNS5', 'txtLocality', 1, 'Locality', NULL, 0, NULL, NULL, 't', NULL)
					
INSERT INTO Nav_Fields_LDHP_NEW( Nav_LDHP_NEW_ID, ParentID, FieldName, Enabled_044, Nav_LDHP_NEW_044, Script_044, Mandatory_044, Mandatory_Message_044, Default_Value_044, Default_Datatype_044, Tab_Index_044) VALUES ( '3SOTMNV3', '3SOTMNS5', 'txtStreet', 1, 'Street', NULL, 0, NULL, NULL, 't', NULL)
					
INSERT INTO Nav_Fields_LDHP_NEW( Nav_LDHP_NEW_ID, ParentID, FieldName, Enabled_044, Nav_LDHP_NEW_044, Script_044, Mandatory_044, Mandatory_Message_044, Default_Value_044, Default_Datatype_044, Tab_Index_044) VALUES ( '3SOTMNV4', '3SOTMNS5', 'txtHouse', 1, 'House', NULL, 0, NULL, NULL, 't', NULL)
					
INSERT INTO Nav_Fields_LDHP_NEW( Nav_LDHP_NEW_ID, ParentID, FieldName, Enabled_044, Nav_LDHP_NEW_044, Script_044, Mandatory_044, Mandatory_Message_044, Default_Value_044, Default_Datatype_044, Tab_Index_044) VALUES ( '3SOTMNV5', '3SOTMNS5', 'txtPostcode', 1, 'Postcode', NULL, 0, NULL, NULL, 't', NULL)
					                      
INSERT INTO Nav_Forms_LDHP_NEW( Nav_LDHP_NEW_ID, Nav_LDHP_NEW, MoveAble, Enabled_044, Sequence_044, Nav_LDHP_NEW_044, Nav_Tbl_Tag_044) VALUES ( '3SOTMNV6', 'TES_Screen_Builder\\LDHP\frmHPCLAIM.tst+', 1, 1, 13, 'Claim Details Summary', NULL)
                    
INSERT INTO Nav_Fields_LDHP_NEW( Nav_LDHP_NEW_ID, ParentID, FieldName, Enabled_044, Nav_LDHP_NEW_044, Script_044, Mandatory_044, Mandatory_Message_044, Default_Value_044, Default_Datatype_044, Tab_Index_044) VALUES ( '3SOTMO06', '3SOTMNV6', 'lvwSummary', 1, 'Claim Details list', NULL, 0, NULL, NULL, 'n', NULL)
		
INSERT INTO Nav_Forms_LDHP_NEW( Nav_LDHP_NEW_ID, Nav_LDHP_NEW, MoveAble, Enabled_044, Sequence_044, Nav_LDHP_NEW_044, Nav_Tbl_Tag_044) VALUES ( '3SOTMO07', 'TES_Screen_Builder\\LDHP\frmXSANDNCD.tst', 1, 1, 14, 'Excess and NCD Details', NULL)
                          
INSERT INTO Nav_Fields_LDHP_NEW( Nav_LDHP_NEW_ID, ParentID, FieldName, Enabled_044, Nav_LDHP_NEW_044, Script_044, Mandatory_044, Mandatory_Message_044, Default_Value_044, Default_Datatype_044, Tab_Index_044) VALUES ( '3SOTMO08', '3SOTMO07', 'cboNCD', 1, 'NCD', NULL, 0, NULL, NULL, 't', NULL)
			
INSERT INTO Nav_Fields_LDHP_NEW( Nav_LDHP_NEW_ID, ParentID, FieldName, Enabled_044, Nav_LDHP_NEW_044, Script_044, Mandatory_044, Mandatory_Message_044, Default_Value_044, Default_Datatype_044, Tab_Index_044) VALUES ( '3SOTMO09', '3SOTMO07', 'cboExcess', 1, 'Excess', NULL, 0, NULL, NULL, 't', NULL)
			
INSERT INTO Nav_Forms_LDHP_NEW( Nav_LDHP_NEW_ID, Nav_LDHP_NEW,MoveAble, Enabled_044, Sequence_044, Nav_LDHP_NEW_044, Nav_Tbl_Tag_044) VALUES ( '3SOTMO00', '&+LDHP_PROPDET_NEW', 1, 1, 11, 'Proposer Details', NULL)
                        
INSERT INTO Nav_Forms_LDHP_PROPDET_NEW( Nav_LDHP_PROPDET_NEW_ID, Nav_LDHP_PROPDET_NEW, MoveAble, Enabled_044, Sequence_044, Nav_LDHP_PROPDET_NEW_044, Nav_Tbl_Tag_044) VALUES ( '3SOTMO01', 'TES_Screen_Builder\\LDHP\frmPropDet.tst', 1, 1, 9, 'Proposer Details', NULL)
							
INSERT INTO Nav_Fields_LDHP_PROPDET_NEW( Nav_LDHP_PROPDET_NEW_ID, ParentID, FieldName, Enabled_044, Nav_LDHP_PROPDET_NEW_044, Script_044, Mandatory_044, Mandatory_Message_044, Default_Value_044, Default_Datatype_044, Tab_Index_044) VALUES ( '3SOTMO02', '3SOTMO01', 'lvwOccList', 1, 'Occupation List', NULL, 0, NULL, NULL, 'n', NULL)
			
INSERT INTO Nav_Fields_LDHP_PROPDET_NEW( Nav_LDHP_PROPDET_NEW_ID, ParentID, FieldName, Enabled_044, Nav_LDHP_PROPDET_NEW_044, Script_044, Mandatory_044, Mandatory_Message_044, Default_Value_044, Default_Datatype_044, Tab_Index_044) VALUES ( '3SOTMO03', '3SOTMO01', 'cboRelationship', 1, 'Relationship', NULL, 0, NULL, NULL, 't', NULL)
			
INSERT INTO Nav_Fields_LDHP_PROPDET_NEW( Nav_LDHP_PROPDET_NEW_ID, ParentID, FieldName, Enabled_044, Nav_LDHP_PROPDET_NEW_044, Script_044, Mandatory_044, Mandatory_Message_044, Default_Value_044, Default_Datatype_044, Tab_Index_044) VALUES ( '3SOTMO04', '3SOTMO01', 'cboMarital', 1, 'Marital', NULL, 0, NULL, NULL, 't', NULL)
			
INSERT INTO Nav_Fields_LDHP_PROPDET_NEW( Nav_LDHP_PROPDET_NEW_ID, ParentID, FieldName, Enabled_044, Nav_LDHP_PROPDET_NEW_044, Script_044, Mandatory_044, Mandatory_Message_044, Default_Value_044, Default_Datatype_044, Tab_Index_044) VALUES ( '3SOTMO05', '3SOTMO01', 'txtAGe', 1, 'Age', NULL, 0, NULL, NULL, 't', NULL)
					
INSERT INTO Nav_Fields_LDHP_PROPDET_NEW( Nav_LDHP_PROPDET_NEW_ID, ParentID, FieldName, Enabled_044, Nav_LDHP_PROPDET_NEW_044, Script_044, Mandatory_044, Mandatory_Message_044, Default_Value_044, Default_Datatype_044, Tab_Index_044) VALUES ( '3SOTMO15', '3SOTMO01', 'mskDOB', 1, 'DOB', NULL, 0, NULL, NULL, 'd', NULL)
			
INSERT INTO Nav_Fields_LDHP_PROPDET_NEW( Nav_LDHP_PROPDET_NEW_ID, ParentID, FieldName, Enabled_044, Nav_LDHP_PROPDET_NEW_044, Script_044, Mandatory_044, Mandatory_Message_044, Default_Value_044, Default_Datatype_044, Tab_Index_044) VALUES ( '3SOTMO16', '3SOTMO01', 'txtSurname', 1, 'Surname', NULL, 0, NULL, NULL, 't', NULL)
					
INSERT INTO Nav_Fields_LDHP_PROPDET_NEW( Nav_LDHP_PROPDET_NEW_ID, ParentID, FieldName, Enabled_044, Nav_LDHP_PROPDET_NEW_044, Script_044, Mandatory_044, Mandatory_Message_044, Default_Value_044, Default_Datatype_044, Tab_Index_044) VALUES ( '3SOTMO17', '3SOTMO01', 'txtInitials', 1, 'Initials', NULL, 0, NULL, NULL, 't', NULL)
					
INSERT INTO Nav_Fields_LDHP_PROPDET_NEW( Nav_LDHP_PROPDET_NEW_ID, ParentID, FieldName, Enabled_044, Nav_LDHP_PROPDET_NEW_044, Script_044, Mandatory_044, Mandatory_Message_044, Default_Value_044, Default_Datatype_044, Tab_Index_044) VALUES ( '3SOTMO18', '3SOTMO01', 'txtForename', 1, 'Forename', NULL, 0, NULL, NULL, 't', NULL)
					
INSERT INTO Nav_Fields_LDHP_PROPDET_NEW( Nav_LDHP_PROPDET_NEW_ID, ParentID, FieldName, Enabled_044, Nav_LDHP_PROPDET_NEW_044, Script_044, Mandatory_044, Mandatory_Message_044, Default_Value_044, Default_Datatype_044, Tab_Index_044) VALUES ( '3SOTMO19', '3SOTMO01', 'cboTitle', 1, 'Title', NULL, 0, NULL, NULL, 't', NULL)
			
INSERT INTO Nav_Fields_LDHP_PROPDET_NEW( Nav_LDHP_PROPDET_NEW_ID, ParentID, FieldName, Enabled_044, Nav_LDHP_PROPDET_NEW_044, Script_044, Mandatory_044, Mandatory_Message_044, Default_Value_044, Default_Datatype_044, Tab_Index_044) VALUES ( '3SOTMO10', '3SOTMO01', 'optFemale', 1, 'Female', NULL, 0, NULL, NULL, 'b', NULL)
			
INSERT INTO Nav_Fields_LDHP_PROPDET_NEW( Nav_LDHP_PROPDET_NEW_ID, ParentID, FieldName, Enabled_044, Nav_LDHP_PROPDET_NEW_044, Script_044, Mandatory_044, Mandatory_Message_044, Default_Value_044, Default_Datatype_044, Tab_Index_044) VALUES ( '3SOTMO11', '3SOTMO01', 'optMale', 1, 'Male', NULL, 0, NULL, NULL, 'b', NULL)
			
INSERT INTO Nav_Forms_LDHP_NEW( Nav_LDHP_NEW_ID, Nav_LDHP_NEW, MoveAble, Enabled_044, Sequence_044, Nav_LDHP_NEW_044, Nav_Tbl_Tag_044) VALUES ( '3SOTMO12', 'TES_Screen_Builder\\LDHP\frmEXTCOV.tst', 1, 1, 10, 'Extensions Of Cover', NULL)
                          
INSERT INTO Nav_Fields_LDHP_NEW( Nav_LDHP_NEW_ID, ParentID, FieldName, Enabled_044, Nav_LDHP_NEW_044, Script_044, Mandatory_044, Mandatory_Message_044, Default_Value_044, Default_Datatype_044, Tab_Index_044) VALUES ( '3SOTMO13', '3SOTMO12', 'txtPropOnCover', 1, 'txtPropOnCover', NULL, 0, NULL, NULL, 't', NULL)
					
INSERT INTO Nav_Fields_LDHP_NEW( Nav_LDHP_NEW_ID, ParentID, FieldName, Enabled_044, Nav_LDHP_NEW_044, Script_044, Mandatory_044, Mandatory_Message_044, Default_Value_044, Default_Datatype_044, Tab_Index_044) VALUES ( '3SOTMO14', '3SOTMO12', 'cboRSADiscoun', 1, 'cboRSADiscoun', NULL, 0, NULL, NULL, 't', NULL)
			
    
  GO  
    
--Client Details
INSERT INTO Nav_Forms_LDHP_ADD( Nav_LDHP_ADD_ID, Nav_LDHP_ADD, MoveAble, Enabled_044, Sequence_044, Nav_LDHP_ADD_044, Nav_Tbl_Tag_044) VALUES ( '3SOTMO24', 'QE139', 0, 0, 1, 'Client Details', NULL)
INSERT INTO Nav_Fields_LDHP_ADD( Nav_LDHP_ADD_ID, ParentID, FieldName, Enabled_044, Nav_LDHP_ADD_044, Script_044, Mandatory_044, Mandatory_Message_044, Default_Value_044, Default_Datatype_044, Tab_Index_044) VALUES ( '3SOTMO25', '3SOTMO24', 'QE139_Opt_Company', 1, 'Company', NULL, 1, 'Please select Company', NULL, 'b', NULL)
INSERT INTO Nav_Fields_LDHP_ADD( Nav_LDHP_ADD_ID, ParentID, FieldName, Enabled_044, Nav_LDHP_ADD_044, Script_044, Mandatory_044, Mandatory_Message_044, Default_Value_044, Default_Datatype_044, Tab_Index_044) VALUES ( '3SOTMO26', '3SOTMO24', 'QE139_Opt_Individual', 1, 'Private individual', NULL, 1, 'Please select Individual', NULL, 'b', NULL)
INSERT INTO Nav_Fields_LDHP_ADD( Nav_LDHP_ADD_ID, ParentID, FieldName, Enabled_044, Nav_LDHP_ADD_044, Script_044, Mandatory_044, Mandatory_Message_044, Default_Value_044, Default_Datatype_044, Tab_Index_044) VALUES ( '3SOTMO27', '3SOTMO24', 'QE139_Cbo_Title', 1, 'Title', NULL, 1, 'Please select a title', NULL, 't', NULL)
INSERT INTO Nav_Fields_LDHP_ADD( Nav_LDHP_ADD_ID, ParentID, FieldName, Enabled_044, Nav_LDHP_ADD_044, Script_044, Mandatory_044, Mandatory_Message_044, Default_Value_044, Default_Datatype_044, Tab_Index_044) VALUES ( '3SOTMO28', '3SOTMO24', 'QE139_Txt_Surname', 1, 'Surname', NULL, 1, 'Please enter a surname', NULL, 't', NULL)
INSERT INTO Nav_Fields_LDHP_ADD( Nav_LDHP_ADD_ID, ParentID, FieldName, Enabled_044, Nav_LDHP_ADD_044, Script_044, Mandatory_044, Mandatory_Message_044, Default_Value_044, Default_Datatype_044, Tab_Index_044) VALUES ( '3SOTMO29', '3SOTMO24', 'QE139_Txt_Initials', 1, 'Initials', NULL, 0, NULL, NULL, 't', NULL)
INSERT INTO Nav_Fields_LDHP_ADD( Nav_LDHP_ADD_ID, ParentID, FieldName, Enabled_044, Nav_LDHP_ADD_044, Script_044, Mandatory_044, Mandatory_Message_044, Default_Value_044, Default_Datatype_044, Tab_Index_044) VALUES ( '3SOTMO20', '3SOTMO24', 'QE139_Txt_Forename', 1, 'Forename', NULL, 1, 'Please enter a forename', NULL, 't', NULL)
INSERT INTO Nav_Fields_LDHP_ADD( Nav_LDHP_ADD_ID, ParentID, FieldName, Enabled_044, Nav_LDHP_ADD_044, Script_044, Mandatory_044, Mandatory_Message_044, Default_Value_044, Default_Datatype_044, Tab_Index_044) VALUES ( '3SOTMO21', '3SOTMO24', 'QE139_Txt_Honours', 1, 'Honours', NULL, 0, NULL, NULL, 't', NULL)
INSERT INTO Nav_Fields_LDHP_ADD( Nav_LDHP_ADD_ID, ParentID, FieldName, Enabled_044, Nav_LDHP_ADD_044, Script_044, Mandatory_044, Mandatory_Message_044, Default_Value_044, Default_Datatype_044, Tab_Index_044) VALUES ( '3SOTMO22', '3SOTMO24', 'QE139_Chk_Proposer', 1, 'Proposer', NULL, 1, 'Please select proposer', NULL, 'b', NULL)
INSERT INTO Nav_Fields_LDHP_ADD( Nav_LDHP_ADD_ID, ParentID, FieldName, Enabled_044, Nav_LDHP_ADD_044, Script_044, Mandatory_044, Mandatory_Message_044, Default_Value_044, Default_Datatype_044, Tab_Index_044) VALUES ( '3SOTMO32', '3SOTMO24', 'QE139_Chk_Deceased', 1, 'Deceased', NULL, 1, 'Please select deceased', NULL, 'b', NULL)
INSERT INTO Nav_Fields_LDHP_ADD( Nav_LDHP_ADD_ID, ParentID, FieldName, Enabled_044, Nav_LDHP_ADD_044, Script_044, Mandatory_044, Mandatory_Message_044, Default_Value_044, Default_Datatype_044, Tab_Index_044) VALUES ( '3SOTMO33', '3SOTMO24', 'QE139_Cbo_DwellingType', 1, 'Dwelling type', NULL, 1, 'Please select dwelling type', NULL, 't', NULL)
INSERT INTO Nav_Fields_LDHP_ADD( Nav_LDHP_ADD_ID, ParentID, FieldName, Enabled_044, Nav_LDHP_ADD_044, Script_044, Mandatory_044, Mandatory_Message_044, Default_Value_044, Default_Datatype_044, Tab_Index_044) VALUES ( '3SOTMO34', '3SOTMO24', 'QE139_Cbo_Dwelling', 1, 'Dwelling', NULL, 1, 'Please select dwelling', NULL, 't', NULL)
INSERT INTO Nav_Fields_LDHP_ADD( Nav_LDHP_ADD_ID, ParentID, FieldName, Enabled_044, Nav_LDHP_ADD_044, Script_044, Mandatory_044, Mandatory_Message_044, Default_Value_044, Default_Datatype_044, Tab_Index_044) VALUES ( '3SOTMO35', '3SOTMO24', 'QE139_Txt_Country', 1, 'Country', NULL, 0, NULL, NULL, 't', NULL)
INSERT INTO Nav_Fields_LDHP_ADD( Nav_LDHP_ADD_ID, ParentID, FieldName, Enabled_044, Nav_LDHP_ADD_044, Script_044, Mandatory_044, Mandatory_Message_044, Default_Value_044, Default_Datatype_044, Tab_Index_044) VALUES ( '3SOTMO36', '3SOTMO24', 'QE139_Txt_County', 1, 'County', NULL, 0, NULL, NULL, 't', NULL)
INSERT INTO Nav_Fields_LDHP_ADD( Nav_LDHP_ADD_ID, ParentID, FieldName, Enabled_044, Nav_LDHP_ADD_044, Script_044, Mandatory_044, Mandatory_Message_044, Default_Value_044, Default_Datatype_044, Tab_Index_044) VALUES ( '3SOTMO37', '3SOTMO24', 'QE139_Txt_City', 1, 'City', NULL, 1, 'Please enter a city', NULL, 't', NULL)
INSERT INTO Nav_Fields_LDHP_ADD( Nav_LDHP_ADD_ID, ParentID, FieldName, Enabled_044, Nav_LDHP_ADD_044, Script_044, Mandatory_044, Mandatory_Message_044, Default_Value_044, Default_Datatype_044, Tab_Index_044) VALUES ( '3SOTMO38', '3SOTMO24', 'QE139_Txt_Locality', 1, 'Locality', NULL, 0, NULL, NULL, 't', NULL)
INSERT INTO Nav_Fields_LDHP_ADD( Nav_LDHP_ADD_ID, ParentID, FieldName, Enabled_044, Nav_LDHP_ADD_044, Script_044, Mandatory_044, Mandatory_Message_044, Default_Value_044, Default_Datatype_044, Tab_Index_044) VALUES ( '3SOTMO39', '3SOTMO24', 'QE139_Txt_Street', 1, 'Street', NULL, 1, 'Please enter a street', NULL, 't', NULL)
INSERT INTO Nav_Fields_LDHP_ADD( Nav_LDHP_ADD_ID, ParentID, FieldName, Enabled_044, Nav_LDHP_ADD_044, Script_044, Mandatory_044, Mandatory_Message_044, Default_Value_044, Default_Datatype_044, Tab_Index_044) VALUES ( '3SOTMO30', '3SOTMO24', 'QE139_Txt_House', 1, 'House', NULL, 1, 'Please enter a house', NULL, 't', NULL)
INSERT INTO Nav_Fields_LDHP_ADD( Nav_LDHP_ADD_ID, ParentID, FieldName, Enabled_044, Nav_LDHP_ADD_044, Script_044, Mandatory_044, Mandatory_Message_044, Default_Value_044, Default_Datatype_044, Tab_Index_044) VALUES ( '3SOTMO31', '3SOTMO24', 'QE139_Txt_Postcode', 1, 'Postcode', NULL, 1, 'Please enter a postcode', NULL, 't', NULL)
INSERT INTO Nav_Fields_LDHP_ADD( Nav_LDHP_ADD_ID, ParentID, FieldName, Enabled_044, Nav_LDHP_ADD_044, Script_044, Mandatory_044, Mandatory_Message_044, Default_Value_044, Default_Datatype_044, Tab_Index_044) VALUES ( '3SOTMO41', '3SOTMO24', 'QE139_Opt_Sex', 1, 'Sex', NULL, 1, 'Please enter a sex', NULL, 'b', NULL)
INSERT INTO Nav_Fields_LDHP_ADD( Nav_LDHP_ADD_ID, ParentID, FieldName, Enabled_044, Nav_LDHP_ADD_044, Script_044, Mandatory_044, Mandatory_Message_044, Default_Value_044, Default_Datatype_044, Tab_Index_044) VALUES ( '3SOTMO42', '3SOTMO24', 'QE139_Cbo_TelephoneType', 1, 'Telephone type', NULL, 0, NULL, NULL, 't', NULL)
INSERT INTO Nav_Fields_LDHP_ADD( Nav_LDHP_ADD_ID, ParentID, FieldName, Enabled_044, Nav_LDHP_ADD_044, Script_044, Mandatory_044, Mandatory_Message_044, Default_Value_044, Default_Datatype_044, Tab_Index_044) VALUES ( '3SOTMO43', '3SOTMO24', 'QE139_Chk_ExDirectory', 1, 'Ex directory', NULL, 0, NULL, NULL, 'b', NULL)
INSERT INTO Nav_Fields_LDHP_ADD( Nav_LDHP_ADD_ID, ParentID, FieldName, Enabled_044, Nav_LDHP_ADD_044, Script_044, Mandatory_044, Mandatory_Message_044, Default_Value_044, Default_Datatype_044, Tab_Index_044) VALUES ( '3SOTMO44', '3SOTMO24', 'QE139_Txt_Extension', 1, 'Telephone extension', NULL, 0, NULL, NULL, 't', NULL)
INSERT INTO Nav_Fields_LDHP_ADD( Nav_LDHP_ADD_ID, ParentID, FieldName, Enabled_044, Nav_LDHP_ADD_044, Script_044, Mandatory_044, Mandatory_Message_044, Default_Value_044, Default_Datatype_044, Tab_Index_044) VALUES ( '3SOTMO45', '3SOTMO24', 'QE139_Txt_Number', 1, 'Telephone number', NULL, 0, NULL, NULL, 't', NULL)
INSERT INTO Nav_Fields_LDHP_ADD( Nav_LDHP_ADD_ID, ParentID, FieldName, Enabled_044, Nav_LDHP_ADD_044, Script_044, Mandatory_044, Mandatory_Message_044, Default_Value_044, Default_Datatype_044, Tab_Index_044) VALUES ( '3SOTMO46', '3SOTMO24', 'QE139_Lvw_Telephone', 1, 'Telephone list', NULL, 0, NULL, NULL, 'n', NULL)
INSERT INTO Nav_Fields_LDHP_ADD( Nav_LDHP_ADD_ID, ParentID, FieldName, Enabled_044, Nav_LDHP_ADD_044, Script_044, Mandatory_044, Mandatory_Message_044, Default_Value_044, Default_Datatype_044, Tab_Index_044) VALUES ( '3SOTMO47', '3SOTMO24', 'QE139_Txt_SecurityAnswer', 1, 'Security Answer', NULL, 0, NULL, NULL, 't', NULL)
INSERT INTO Nav_Fields_LDHP_ADD( Nav_LDHP_ADD_ID, ParentID, FieldName, Enabled_044, Nav_LDHP_ADD_044, Script_044, Mandatory_044, Mandatory_Message_044, Default_Value_044, Default_Datatype_044, Tab_Index_044) VALUES ( '3SOTMO48', '3SOTMO24', 'QE139_Cbo_Security_Question', 1, 'Security Question', NULL, 0, NULL, NULL, 't', NULL)
INSERT INTO Nav_Fields_LDHP_ADD( Nav_LDHP_ADD_ID, ParentID, FieldName, Enabled_044, Nav_LDHP_ADD_044, Script_044, Mandatory_044, Mandatory_Message_044, Default_Value_044, Default_Datatype_044, Tab_Index_044) VALUES ( '3SOTMO49', '3SOTMO24', 'QE139_Chk_RenewalQuote', 1, 'Prior Policy Renewal', NULL, 0, NULL, NULL, 'b', NULL)
INSERT INTO Nav_Fields_LDHP_ADD( Nav_LDHP_ADD_ID, ParentID, FieldName, Enabled_044, Nav_LDHP_ADD_044, Script_044, Mandatory_044, Mandatory_Message_044, Default_Value_044, Default_Datatype_044, Tab_Index_044) VALUES ( '3SOTMO40', '3SOTMO24', 'QE139_Chk_Instalments', 1, 'Instalments', NULL, 0, NULL, NULL, 'b', NULL)
INSERT INTO Nav_Fields_LDHP_ADD( Nav_LDHP_ADD_ID, ParentID, FieldName, Enabled_044, Nav_LDHP_ADD_044, Script_044, Mandatory_044, Mandatory_Message_044, Default_Value_044, Default_Datatype_044, Tab_Index_044) VALUES ( '3SOTMO50', '3SOTMO24', 'QE139_Txt_Email', 1, 'Email', NULL, 0, NULL, NULL, 't', NULL)
INSERT INTO Nav_Fields_LDHP_ADD( Nav_LDHP_ADD_ID, ParentID, FieldName, Enabled_044, Nav_LDHP_ADD_044, Script_044, Mandatory_044, Mandatory_Message_044, Default_Value_044, Default_Datatype_044, Tab_Index_044) VALUES ( '3SOTMO51', '3SOTMO24', 'QE139_Msk_DOB', 1, 'Date of Birth', NULL, 0, NULL, NULL, 'd', NULL)
INSERT INTO Nav_Fields_LDHP_ADD( Nav_LDHP_ADD_ID, ParentID, FieldName, Enabled_044, Nav_LDHP_ADD_044, Script_044, Mandatory_044, Mandatory_Message_044, Default_Value_044, Default_Datatype_044, Tab_Index_044) VALUES ( '3SOTMO52', '3SOTMO24', 'QE139_Txt_Confirm', 1, 'Confirm password', NULL, 0, NULL, NULL, 't', NULL)
INSERT INTO Nav_Fields_LDHP_ADD( Nav_LDHP_ADD_ID, ParentID, FieldName, Enabled_044, Nav_LDHP_ADD_044, Script_044, Mandatory_044, Mandatory_Message_044, Default_Value_044, Default_Datatype_044, Tab_Index_044) VALUES ( '3SOTMO53', '3SOTMO24', 'QE139_Txt_Password', 1, 'Password', NULL, 0, NULL, NULL, 't', NULL)
INSERT INTO Nav_Fields_LDHP_ADD( Nav_LDHP_ADD_ID, ParentID, FieldName, Enabled_044, Nav_LDHP_ADD_044, Script_044, Mandatory_044, Mandatory_Message_044, Default_Value_044, Default_Datatype_044, Tab_Index_044) VALUES ( '3SOTMO54', '3SOTMO24', 'QE139_Txt_MaidenName', 1, 'Maiden name', NULL, 0, NULL, NULL, 't', NULL)
INSERT INTO Nav_Fields_LDHP_ADD( Nav_LDHP_ADD_ID, ParentID, FieldName, Enabled_044, Nav_LDHP_ADD_044, Script_044, Mandatory_044, Mandatory_Message_044, Default_Value_044, Default_Datatype_044, Tab_Index_044) VALUES ( '3SOTMO55', '3SOTMO24', 'QE139_Cbo_Country', 1, 'Country', NULL, 0, NULL, NULL, 't', NULL)
INSERT INTO Nav_Fields_LDHP_ADD( Nav_LDHP_ADD_ID, ParentID, FieldName, Enabled_044, Nav_LDHP_ADD_044, Script_044, Mandatory_044, Mandatory_Message_044, Default_Value_044, Default_Datatype_044, Tab_Index_044) VALUES ( '3SOTMO56', '3SOTMO24', 'QE139_Txt_InputTaxCredit', 1, 'Input Tax Credit', NULL, 0, NULL, NULL, 't', NULL)
INSERT INTO Nav_Fields_LDHP_ADD( Nav_LDHP_ADD_ID, ParentID, FieldName, Enabled_044, Nav_LDHP_ADD_044, Script_044, Mandatory_044, Mandatory_Message_044, Default_Value_044, Default_Datatype_044, Tab_Index_044) VALUES ( '3SOTMO57', '3SOTMO24', 'QE139_Cmd_IND', 1, 'Telephone Add', NULL, 0, NULL, NULL, 'b', NULL)
INSERT INTO Nav_Fields_LDHP_ADD( Nav_LDHP_ADD_ID, ParentID, FieldName, Enabled_044, Nav_LDHP_ADD_044, Script_044, Mandatory_044, Mandatory_Message_044, Default_Value_044, Default_Datatype_044, Tab_Index_044) VALUES ( '3SOTMO58', '3SOTMO24', 'QE139_Cmd_Remove', 1, 'Telephone Remove', NULL, 0, NULL, NULL, 'b', NULL)
INSERT INTO Nav_Fields_LDHP_ADD( Nav_LDHP_ADD_ID, ParentID, FieldName, Enabled_044, Nav_LDHP_ADD_044, Script_044, Mandatory_044, Mandatory_Message_044, Default_Value_044, Default_Datatype_044, Tab_Index_044) VALUES ( '3SOTMO68', '3SOTMO24', 'QE139_Cmd_Search', 1, 'Postcode Search', NULL, 0, NULL, NULL, 'b', NULL)
INSERT INTO Nav_Fields_LDHP_ADD( Nav_LDHP_ADD_ID, ParentID, FieldName, Enabled_044, Nav_LDHP_ADD_044, Script_044, Mandatory_044, Mandatory_Message_044, Default_Value_044, Default_Datatype_044, Tab_Index_044) VALUES ( '3SOTMO69', '3SOTMO24', 'QE139_Msk_DateEstablished', 1, 'Date Established', NULL, 0, NULL, NULL, 'd', NULL)

--Contact and Marketing
INSERT INTO Nav_Forms_LDHP_ADD( Nav_LDHP_ADD_ID, Nav_LDHP_ADD, MoveAble, Enabled_044, Sequence_044, Nav_LDHP_ADD_044, Nav_Tbl_Tag_044) VALUES ( '3SOTMO60', 'QE140', 1, 1, 2, 'Contact and Marketing Details', NULL)
INSERT INTO Nav_Fields_LDHP_ADD( Nav_LDHP_ADD_ID, ParentID, FieldName, Enabled_044, Nav_LDHP_ADD_044, Script_044, Mandatory_044, Mandatory_Message_044, Default_Value_044, Default_Datatype_044, Tab_Index_044) VALUES ( '3SOTMO61', '3SOTMO60', 'QE140_Chk_TelephoneThird', 1, 'Allow telephone contact from third party', NULL, 0, NULL, '0', 'b', NULL)
INSERT INTO Nav_Fields_LDHP_ADD( Nav_LDHP_ADD_ID, ParentID, FieldName, Enabled_044, Nav_LDHP_ADD_044, Script_044, Mandatory_044, Mandatory_Message_044, Default_Value_044, Default_Datatype_044, Tab_Index_044) VALUES ( '3SOTMO62', '3SOTMO60', 'QE140_Chk_TelephoneAffinity', 1, 'Allow telephone contact from affinity', NULL, 0, NULL, '0', 'b', NULL)
INSERT INTO Nav_Fields_LDHP_ADD( Nav_LDHP_ADD_ID, ParentID, FieldName, Enabled_044, Nav_LDHP_ADD_044, Script_044, Mandatory_044, Mandatory_Message_044, Default_Value_044, Default_Datatype_044, Tab_Index_044) VALUES ( '3SOTMO63', '3SOTMO60', 'QE140_Chk_TelephoneAdministrator', 1, 'Allow telephone contact from administrator', NULL, 0, NULL, '0', 'b', NULL)
INSERT INTO Nav_Fields_LDHP_ADD( Nav_LDHP_ADD_ID, ParentID, FieldName, Enabled_044, Nav_LDHP_ADD_044, Script_044, Mandatory_044, Mandatory_Message_044, Default_Value_044, Default_Datatype_044, Tab_Index_044) VALUES ( '3SOTMO64', '3SOTMO60', 'QE140_Chk_MailingThird', 1, 'Allow mailings from third party', NULL, 0, NULL, '0', 'b', NULL)
INSERT INTO Nav_Fields_LDHP_ADD( Nav_LDHP_ADD_ID, ParentID, FieldName, Enabled_044, Nav_LDHP_ADD_044, Script_044, Mandatory_044, Mandatory_Message_044, Default_Value_044, Default_Datatype_044, Tab_Index_044) VALUES ( '3SOTMO65', '3SOTMO60', 'QE140_Chk_MailingAffinity', 1, 'Allow mailings from affinity', NULL, 0, NULL, '0', 'b', NULL)
INSERT INTO Nav_Fields_LDHP_ADD( Nav_LDHP_ADD_ID, ParentID, FieldName, Enabled_044, Nav_LDHP_ADD_044, Script_044, Mandatory_044, Mandatory_Message_044, Default_Value_044, Default_Datatype_044, Tab_Index_044) VALUES ( '3SOTMO66', '3SOTMO60', 'QE140_Chk_MailingAdministrator', 1, 'Allow mailings from administrator', NULL, 0, NULL, '0', 'b', NULL)
INSERT INTO Nav_Fields_LDHP_ADD( Nav_LDHP_ADD_ID, ParentID, FieldName, Enabled_044, Nav_LDHP_ADD_044, Script_044, Mandatory_044, Mandatory_Message_044, Default_Value_044, Default_Datatype_044, Tab_Index_044) VALUES ( '3SOTMO67', '3SOTMO60', 'QE140_Txt_RecommendedBy', 1, 'Referred By', NULL, 0, NULL, NULL, 't', NULL)
INSERT INTO Nav_Fields_LDHP_ADD( Nav_LDHP_ADD_ID, ParentID, FieldName, Enabled_044, Nav_LDHP_ADD_044, Script_044, Mandatory_044, Mandatory_Message_044, Default_Value_044, Default_Datatype_044, Tab_Index_044) VALUES ( '3SOTMO77', '3SOTMO60', 'QE140_Txt_Reference', 1, 'Reference', NULL, 0, NULL, NULL, 't', NULL)
INSERT INTO Nav_Fields_LDHP_ADD( Nav_LDHP_ADD_ID, ParentID, FieldName, Enabled_044, Nav_LDHP_ADD_044, Script_044, Mandatory_044, Mandatory_Message_044, Default_Value_044, Default_Datatype_044, Tab_Index_044) VALUES ( '3SOTMO78', '3SOTMO60', 'QE140_Cbo_Campaign', 1, 'Marketing source campaign', NULL, 0, NULL, NULL, 't', NULL)
INSERT INTO Nav_Fields_LDHP_ADD( Nav_LDHP_ADD_ID, ParentID, FieldName, Enabled_044, Nav_LDHP_ADD_044, Script_044, Mandatory_044, Mandatory_Message_044, Default_Value_044, Default_Datatype_044, Tab_Index_044) VALUES ( '3SOTMO79', '3SOTMO60', 'QE140_Cbo_Activity', 1, 'Marketing source activity', NULL, 0, NULL, NULL, 't', NULL)
INSERT INTO Nav_Fields_LDHP_ADD( Nav_LDHP_ADD_ID, ParentID, FieldName, Enabled_044, Nav_LDHP_ADD_044, Script_044, Mandatory_044, Mandatory_Message_044, Default_Value_044, Default_Datatype_044, Tab_Index_044) VALUES ( '3SOTMO70', '3SOTMO60', 'QE140_Cbo_Source', 1, 'Marketing source of business', NULL, 0, NULL, NULL, 't', NULL)
INSERT INTO Nav_Fields_LDHP_ADD( Nav_LDHP_ADD_ID, ParentID, FieldName, Enabled_044, Nav_LDHP_ADD_044, Script_044, Mandatory_044, Mandatory_Message_044, Default_Value_044, Default_Datatype_044, Tab_Index_044) VALUES ( '3SOTMO71', '3SOTMO60', 'QE140_Chk_StopCorrespondence', 1, 'Stop Correspondence', NULL, 0, NULL, '0', 'b', NULL)
INSERT INTO Nav_Fields_LDHP_ADD( Nav_LDHP_ADD_ID, ParentID, FieldName, Enabled_044, Nav_LDHP_ADD_044, Script_044, Mandatory_044, Mandatory_Message_044, Default_Value_044, Default_Datatype_044, Tab_Index_044) VALUES ( '3SOTMO72', '3SOTMO60', 'QE140_Cbo_Preferred', 1, 'Preferred contact method', NULL, 0, NULL, NULL, 't', NULL)
--Target Premium
INSERT INTO Nav_Forms_LDHP_ADD( Nav_LDHP_ADD_ID, Nav_LDHP_ADD, MoveAble, Enabled_044, Sequence_044, Nav_LDHP_ADD_044, Nav_Tbl_Tag_044) VALUES ( '3SOTMO73', 'QE141', 1, 1, 3, 'Target Premium', NULL)
INSERT INTO Nav_Fields_LDHP_ADD( Nav_LDHP_ADD_ID, ParentID, FieldName, Enabled_044, Nav_LDHP_ADD_044, Script_044, Mandatory_044, Mandatory_Message_044, Default_Value_044, Default_Datatype_044, Tab_Index_044) VALUES ( '3SOTMO74', '3SOTMO73', 'QE141_Cbo_Insurer', 1, 'Best quote given by', NULL, 0, NULL, NULL, 't', NULL)
INSERT INTO Nav_Fields_LDHP_ADD( Nav_LDHP_ADD_ID, ParentID, FieldName, Enabled_044, Nav_LDHP_ADD_044, Script_044, Mandatory_044, Mandatory_Message_044, Default_Value_044, Default_Datatype_044, Tab_Index_044) VALUES ( '3SOTMO75', '3SOTMO73', 'QE141_Msk_CurrentRenewalDate', 1, 'Current renewal date', NULL, 0, NULL, NULL, 'd', NULL)
INSERT INTO Nav_Fields_LDHP_ADD( Nav_LDHP_ADD_ID, ParentID, FieldName, Enabled_044, Nav_LDHP_ADD_044, Script_044, Mandatory_044, Mandatory_Message_044, Default_Value_044, Default_Datatype_044, Tab_Index_044) VALUES ( '3SOTMO85', '3SOTMO73', 'QE141_CFd_Premium', 1, 'Previously quoted premium', NULL, 0, NULL, NULL, 'n', NULL)
--Cross Sales
INSERT INTO Nav_Forms_LDHP_ADD( Nav_LDHP_ADD_ID, Nav_LDHP_ADD, MoveAble, Enabled_044, Sequence_044, Nav_LDHP_ADD_044, Nav_Tbl_Tag_044) VALUES ( '3SOTMO86', 'QE107', 1, 1, 4, 'Cross Sales', NULL)
INSERT INTO Nav_Fields_LDHP_ADD( Nav_LDHP_ADD_ID, ParentID, FieldName, Enabled_044, Nav_LDHP_ADD_044, Script_044, Mandatory_044, Mandatory_Message_044, Default_Value_044, Default_Datatype_044, Tab_Index_044) VALUES ( '3SOTMO87', '3SOTMO86', 'QE107_Cmb_Product', 1, 'Product', NULL, 0, NULL, NULL, 't', NULL)
INSERT INTO Nav_Fields_LDHP_ADD( Nav_LDHP_ADD_ID, ParentID, FieldName, Enabled_044, Nav_LDHP_ADD_044, Script_044, Mandatory_044, Mandatory_Message_044, Default_Value_044, Default_Datatype_044, Tab_Index_044) VALUES ( '3SOTMO88', '3SOTMO86', 'QE107_Msk_RenewalDate', 1, 'Renewal Date', NULL, 0, NULL, NULL, 'd', NULL)
INSERT INTO Nav_Fields_LDHP_ADD( Nav_LDHP_ADD_ID, ParentID, FieldName, Enabled_044, Nav_LDHP_ADD_044, Script_044, Mandatory_044, Mandatory_Message_044, Default_Value_044, Default_Datatype_044, Tab_Index_044) VALUES ( '3SOTMO89', '3SOTMO86', 'QE107_CFd_Premium', 1, 'Premium', NULL, 0, NULL, NULL, 'n', NULL)
INSERT INTO Nav_Fields_LDHP_ADD( Nav_LDHP_ADD_ID, ParentID, FieldName, Enabled_044, Nav_LDHP_ADD_044, Script_044, Mandatory_044, Mandatory_Message_044, Default_Value_044, Default_Datatype_044, Tab_Index_044) VALUES ( '3SOTMO80', '3SOTMO86', 'QE107_Cmd_Add', 1, 'Add', NULL, 0, NULL, NULL, 'b', NULL)
INSERT INTO Nav_Fields_LDHP_ADD( Nav_LDHP_ADD_ID, ParentID, FieldName, Enabled_044, Nav_LDHP_ADD_044, Script_044, Mandatory_044, Mandatory_Message_044, Default_Value_044, Default_Datatype_044, Tab_Index_044) VALUES ( '3SOTMO81', '3SOTMO86', 'QE107_Cmd_Remove', 1, 'Remove', NULL, 0, NULL, NULL, 'b', NULL)
INSERT INTO Nav_Fields_LDHP_ADD( Nav_LDHP_ADD_ID, ParentID, FieldName, Enabled_044, Nav_LDHP_ADD_044, Script_044, Mandatory_044, Mandatory_Message_044, Default_Value_044, Default_Datatype_044, Tab_Index_044) VALUES ( '3SOTMO82', '3SOTMO86', 'QE107_Lvw_Products', 1, 'Product List', NULL, 0, NULL, NULL, 'n', NULL)
INSERT INTO Nav_Fields_LDHP_ADD( Nav_LDHP_ADD_ID, ParentID, FieldName, Enabled_044, Nav_LDHP_ADD_044, Script_044, Mandatory_044, Mandatory_Message_044, Default_Value_044, Default_Datatype_044, Tab_Index_044) VALUES ( '3SOTMO83', '3SOTMO86', 'QE107_Cmb_Rating', 1, 'Rating', NULL, 0, NULL, NULL, 't', NULL)
--Extensions of Cover
INSERT INTO Nav_Forms_LDHP_ADD( Nav_LDHP_ADD_ID, Nav_LDHP_ADD, MoveAble, Enabled_044, Sequence_044, Nav_LDHP_ADD_044, Nav_Tbl_Tag_044) VALUES ( '3SOTMO84', 'QE151', 1, 0, 5, 'Extensions of Cover', NULL)
INSERT INTO Nav_Fields_LDHP_ADD( Nav_LDHP_ADD_ID, ParentID, FieldName, Enabled_044, Nav_LDHP_ADD_044, Script_044, Mandatory_044, Mandatory_Message_044, Default_Value_044, Default_Datatype_044, Tab_Index_044) VALUES ( '3SOTMO94', '3SOTMO84', 'QE151_Lvw_AddOn', 1, 'Extension List', NULL, 0, NULL, NULL, 'n', NULL)
--Add Ons
INSERT INTO Nav_Forms_LDHP_ADD( Nav_LDHP_ADD_ID, Nav_LDHP_ADD, MoveAble, Enabled_044, Sequence_044, Nav_LDHP_ADD_044, Nav_Tbl_Tag_044) VALUES ( '3SOTMO95', 'QE165', 1, 0, 6, 'Add Ons', NULL)
INSERT INTO Nav_Fields_LDHP_ADD( Nav_LDHP_ADD_ID, ParentID, FieldName, Enabled_044, Nav_LDHP_ADD_044, Script_044, Mandatory_044, Mandatory_Message_044, Default_Value_044, Default_Datatype_044, Tab_Index_044) VALUES ( '3SOTMO96', '3SOTMO95', 'QE165_Lvw_AddOn', 1, 'Add On List', NULL, 0, NULL, NULL, 'n', NULL)
--Policy Length
INSERT INTO Nav_Forms_LDHP_ADD( Nav_LDHP_ADD_ID, Nav_LDHP_ADD, MoveAble, Enabled_044, Sequence_044, Nav_LDHP_ADD_044, Nav_Tbl_Tag_044) VALUES ( '3SOTMO97', 'frmQE_PolicyLength', 1, 0, 7, 'Policy Length Details', NULL)
INSERT INTO Nav_Forms_LDHP_ADD( Nav_LDHP_ADD_ID, Nav_LDHP_ADD, MoveAble, Enabled_044, Sequence_044, Nav_LDHP_ADD_044, Nav_Tbl_Tag_044) VALUES ( '3SOTMO98', 'QE90', 1, 0, 8, 'Payment Plan', NULL)
--FSA
INSERT INTO Nav_Forms_LDHP_ADD( Nav_LDHP_ADD_ID, Nav_LDHP_ADD, MoveAble, Enabled_044, Sequence_044, Nav_LDHP_ADD_044, Nav_Tbl_Tag_044) VALUES ( '3SOTMO99', 'frmQE_FSAGeneral', 1, 0, 9, 'General FSA Declaration', NULL)      
    
--Summary
INSERT INTO Nav_Forms_LDHP_ADD( Nav_LDHP_ADD_ID, Nav_LDHP_ADD, MoveAble, Enabled_044, Sequence_044, Nav_LDHP_ADD_044, Nav_Tbl_Tag_044) VALUES ( '3SOTMO90', 'QS99', 1, 1, 18, 'Holiday Property Summary', NULL)
GO
  
INSERT INTO Nav_Forms_LDHP_ADD( Nav_LDHP_ADD_ID, Nav_LDHP_ADD, MoveAble, Enabled_044, Sequence_044, Nav_LDHP_ADD_044, Nav_Tbl_Tag_044) VALUES ( '3SOTMO91', 'TES_Screen_Builder\\LDHP\frmGENQUEST.tst', 1, 1, 15, 'General Questions', NULL)
                          
INSERT INTO Nav_Fields_LDHP_ADD( Nav_LDHP_ADD_ID, ParentID, FieldName, Enabled_044, Nav_LDHP_ADD_044, Script_044, Mandatory_044, Mandatory_Message_044, Default_Value_044, Default_Datatype_044, Tab_Index_044) VALUES ( '3SOTMO92', '3SOTMO91', 'txtDetails', 1, 'Details', NULL, 0, NULL, NULL, 't', NULL)
					
INSERT INTO Nav_Fields_LDHP_ADD( Nav_LDHP_ADD_ID, ParentID, FieldName, Enabled_044, Nav_LDHP_ADD_044, Script_044, Mandatory_044, Mandatory_Message_044, Default_Value_044, Default_Datatype_044, Tab_Index_044) VALUES ( '3SOTMO93', '3SOTMO91', 'chkExtraPre', 1, 'ExtraPre', NULL, 0, NULL, NULL, 'b', NULL)
			
INSERT INTO Nav_Fields_LDHP_ADD( Nav_LDHP_ADD_ID, ParentID, FieldName, Enabled_044, Nav_LDHP_ADD_044, Script_044, Mandatory_044, Mandatory_Message_044, Default_Value_044, Default_Datatype_044, Tab_Index_044) VALUES ( '3SOTMOA3', '3SOTMO91', 'chkCriminalOffence', 1, 'CriminalOffence', NULL, 0, NULL, NULL, 'b', NULL)
			
INSERT INTO Nav_Fields_LDHP_ADD( Nav_LDHP_ADD_ID, ParentID, FieldName, Enabled_044, Nav_LDHP_ADD_044, Script_044, Mandatory_044, Mandatory_Message_044, Default_Value_044, Default_Datatype_044, Tab_Index_044) VALUES ( '3SOTMOA4', '3SOTMO91', 'chkRefOrCancel', 1, 'RefOrCancel', NULL, 0, NULL, NULL, 'b', NULL)
			
INSERT INTO Nav_Forms_LDHP_ADD( Nav_LDHP_ADD_ID, Nav_LDHP_ADD, MoveAble, Enabled_044, Sequence_044, Nav_LDHP_ADD_044, Nav_Tbl_Tag_044) VALUES ( '3SOTMOA5', 'TES_Screen_Builder\\LDHP\frmHHDETAIL.tst', 1, 1, 12, 'Holiday Home Details', NULL)
                          
INSERT INTO Nav_Fields_LDHP_ADD( Nav_LDHP_ADD_ID, ParentID, FieldName, Enabled_044, Nav_LDHP_ADD_044, Script_044, Mandatory_044, Mandatory_Message_044, Default_Value_044, Default_Datatype_044, Tab_Index_044) VALUES ( '3SOTMOA6', '3SOTMOA5', 'txtYearBuilt', 1, 'YearBuilt', NULL, 0, NULL, NULL, 't', NULL)
					
INSERT INTO Nav_Fields_LDHP_ADD( Nav_LDHP_ADD_ID, ParentID, FieldName, Enabled_044, Nav_LDHP_ADD_044, Script_044, Mandatory_044, Mandatory_Message_044, Default_Value_044, Default_Datatype_044, Tab_Index_044) VALUES ( '3SOTMOA7', '3SOTMOA5', 'txtSleeps', 1, 'txtSleeps', NULL, 0, NULL, NULL, 't', NULL)
					
INSERT INTO Nav_Fields_LDHP_ADD( Nav_LDHP_ADD_ID, ParentID, FieldName, Enabled_044, Nav_LDHP_ADD_044, Script_044, Mandatory_044, Mandatory_Message_044, Default_Value_044, Default_Datatype_044, Tab_Index_044) VALUES ( '3SOTMOA8', '3SOTMOA5', 'chkCNTCover', 1, 'chkCNTCover', NULL, 0, NULL, NULL, 'b', NULL)
			
INSERT INTO Nav_Fields_LDHP_ADD( Nav_LDHP_ADD_ID, ParentID, FieldName, Enabled_044, Nav_LDHP_ADD_044, Script_044, Mandatory_044, Mandatory_Message_044, Default_Value_044, Default_Datatype_044, Tab_Index_044) VALUES ( '3SOTMOA9', '3SOTMOA5', 'chkBLDCover', 1, 'chkBLDCover', NULL, 0, NULL, NULL, 'b', NULL)
			
INSERT INTO Nav_Fields_LDHP_ADD( Nav_LDHP_ADD_ID, ParentID, FieldName, Enabled_044, Nav_LDHP_ADD_044, Script_044, Mandatory_044, Mandatory_Message_044, Default_Value_044, Default_Datatype_044, Tab_Index_044) VALUES ( '3SOTMOA0', '3SOTMOA5', 'chkBldAD', 1, 'chkBldAD', NULL, 0, NULL, NULL, 'b', NULL)
			
INSERT INTO Nav_Fields_LDHP_ADD( Nav_LDHP_ADD_ID, ParentID, FieldName, Enabled_044, Nav_LDHP_ADD_044, Script_044, Mandatory_044, Mandatory_Message_044, Default_Value_044, Default_Datatype_044, Tab_Index_044) VALUES ( '3SOTMOA1', '3SOTMOA5', 'txtContentValue', 1, 'ContentValue', NULL, 0, NULL, NULL, 't', NULL)
					
INSERT INTO Nav_Fields_LDHP_ADD( Nav_LDHP_ADD_ID, ParentID, FieldName, Enabled_044, Nav_LDHP_ADD_044, Script_044, Mandatory_044, Mandatory_Message_044, Default_Value_044, Default_Datatype_044, Tab_Index_044) VALUES ( '3SOTMOB1', '3SOTMOA5', 'chkADPets', 1, 'ADPets', NULL, 0, NULL, NULL, 'b', NULL)
			
INSERT INTO Nav_Fields_LDHP_ADD( Nav_LDHP_ADD_ID, ParentID, FieldName, Enabled_044, Nav_LDHP_ADD_044, Script_044, Mandatory_044, Mandatory_Message_044, Default_Value_044, Default_Datatype_044, Tab_Index_044) VALUES ( '3SOTMOB2', '3SOTMOA5', 'chkADCover', 1, 'ADCover', NULL, 0, NULL, NULL, 'b', NULL)
			
INSERT INTO Nav_Fields_LDHP_ADD( Nav_LDHP_ADD_ID, ParentID, FieldName, Enabled_044, Nav_LDHP_ADD_044, Script_044, Mandatory_044, Mandatory_Message_044, Default_Value_044, Default_Datatype_044, Tab_Index_044) VALUES ( '3SOTMOB3', '3SOTMOA5', 'txtBuildingValue', 1, 'BuildingValue', NULL, 0, NULL, NULL, 't', NULL)
					
INSERT INTO Nav_Fields_LDHP_ADD( Nav_LDHP_ADD_ID, ParentID, FieldName, Enabled_044, Nav_LDHP_ADD_044, Script_044, Mandatory_044, Mandatory_Message_044, Default_Value_044, Default_Datatype_044, Tab_Index_044) VALUES ( '3SOTMOB4', '3SOTMOA5', 'cboHiring', 1, 'cboHiring', NULL, 0, NULL, NULL, 't', NULL)
			
INSERT INTO Nav_Fields_LDHP_ADD( Nav_LDHP_ADD_ID, ParentID, FieldName, Enabled_044, Nav_LDHP_ADD_044, Script_044, Mandatory_044, Mandatory_Message_044, Default_Value_044, Default_Datatype_044, Tab_Index_044) VALUES ( '3SOTMOB5', '3SOTMOA5', 'chkSmokeDetect', 1, 'chkSmokeDetect', NULL, 0, NULL, NULL, 'b', NULL)
			
INSERT INTO Nav_Fields_LDHP_ADD( Nav_LDHP_ADD_ID, ParentID, FieldName, Enabled_044, Nav_LDHP_ADD_044, Script_044, Mandatory_044, Mandatory_Message_044, Default_Value_044, Default_Datatype_044, Tab_Index_044) VALUES ( '3SOTMOB6', '3SOTMOA5', 'cboAlarm', 1, 'cboAlarm', NULL, 0, NULL, NULL, 't', NULL)
			
INSERT INTO Nav_Fields_LDHP_ADD( Nav_LDHP_ADD_ID, ParentID, FieldName, Enabled_044, Nav_LDHP_ADD_044, Script_044, Mandatory_044, Mandatory_Message_044, Default_Value_044, Default_Datatype_044, Tab_Index_044) VALUES ( '3SOTMOB7', '3SOTMOA5', 'cboBusUse', 1, 'BusUse', NULL, 0, NULL, NULL, 't', NULL)
			
INSERT INTO Nav_Fields_LDHP_ADD( Nav_LDHP_ADD_ID, ParentID, FieldName, Enabled_044, Nav_LDHP_ADD_044, Script_044, Mandatory_044, Mandatory_Message_044, Default_Value_044, Default_Datatype_044, Tab_Index_044) VALUES ( '3SOTMOB8', '3SOTMOA5', 'cboUnoccupancy', 1, 'Unoccupancy', NULL, 0, NULL, NULL, 't', NULL)
			
INSERT INTO Nav_Fields_LDHP_ADD( Nav_LDHP_ADD_ID, ParentID, FieldName, Enabled_044, Nav_LDHP_ADD_044, Script_044, Mandatory_044, Mandatory_Message_044, Default_Value_044, Default_Datatype_044, Tab_Index_044) VALUES ( '3SOTMOB9', '3SOTMOA5', 'chkGSRepair', 1, 'GSRepair', NULL, 0, NULL, NULL, 'b', NULL)
			
INSERT INTO Nav_Fields_LDHP_ADD( Nav_LDHP_ADD_ID, ParentID, FieldName, Enabled_044, Nav_LDHP_ADD_044, Script_044, Mandatory_044, Mandatory_Message_044, Default_Value_044, Default_Datatype_044, Tab_Index_044) VALUES ( '3SOTMOB0', '3SOTMOA5', 'chkWaterSwitch', 1, 'WaterSwitch', NULL, 0, NULL, NULL, 'b', NULL)
			
INSERT INTO Nav_Fields_LDHP_ADD( Nav_LDHP_ADD_ID, ParentID, FieldName, Enabled_044, Nav_LDHP_ADD_044, Script_044, Mandatory_044, Mandatory_Message_044, Default_Value_044, Default_Datatype_044, Tab_Index_044) VALUES ( '3SOTMOC0', '3SOTMOA5', 'chkSCEntrance', 1, 'SCEntrance', NULL, 0, NULL, NULL, 'b', NULL)
			
INSERT INTO Nav_Fields_LDHP_ADD( Nav_LDHP_ADD_ID, ParentID, FieldName, Enabled_044, Nav_LDHP_ADD_044, Script_044, Mandatory_044, Mandatory_Message_044, Default_Value_044, Default_Datatype_044, Tab_Index_044) VALUES ( '3SOTMOC1', '3SOTMOA5', 'chkWindowLocks', 1, 'WindowLocks', NULL, 0, NULL, NULL, 'b', NULL)
			
INSERT INTO Nav_Fields_LDHP_ADD( Nav_LDHP_ADD_ID, ParentID, FieldName, Enabled_044, Nav_LDHP_ADD_044, Script_044, Mandatory_044, Mandatory_Message_044, Default_Value_044, Default_Datatype_044, Tab_Index_044) VALUES ( '3SOTMOC2', '3SOTMOA5', 'chkDoorsLocked', 1, 'DoorsLocked', NULL, 0, NULL, NULL, 'b', NULL)
			
INSERT INTO Nav_Fields_LDHP_ADD( Nav_LDHP_ADD_ID, ParentID, FieldName, Enabled_044, Nav_LDHP_ADD_044, Script_044, Mandatory_044, Mandatory_Message_044, Default_Value_044, Default_Datatype_044, Tab_Index_044) VALUES ( '3SOTMOC3', '3SOTMOA5', 'txtNumofBedrooms', 1, 'NumofBedrooms', NULL, 0, NULL, NULL, 't', NULL)
					
INSERT INTO Nav_Fields_LDHP_ADD( Nav_LDHP_ADD_ID, ParentID, FieldName, Enabled_044, Nav_LDHP_ADD_044, Script_044, Mandatory_044, Mandatory_Message_044, Default_Value_044, Default_Datatype_044, Tab_Index_044) VALUES ( '3SOTMOC4', '3SOTMOA5', 'cboWallConst', 1, 'WallConst', NULL, 0, NULL, NULL, 't', NULL)
			
INSERT INTO Nav_Fields_LDHP_ADD( Nav_LDHP_ADD_ID, ParentID, FieldName, Enabled_044, Nav_LDHP_ADD_044, Script_044, Mandatory_044, Mandatory_Message_044, Default_Value_044, Default_Datatype_044, Tab_Index_044) VALUES ( '3SOTMOC5', '3SOTMOA5', 'cboRoofConst', 1, 'RoofConst', NULL, 0, NULL, NULL, 't', NULL)
			
INSERT INTO Nav_Fields_LDHP_ADD( Nav_LDHP_ADD_ID, ParentID, FieldName, Enabled_044, Nav_LDHP_ADD_044, Script_044, Mandatory_044, Mandatory_Message_044, Default_Value_044, Default_Datatype_044, Tab_Index_044) VALUES ( '3SOTMOC6', '3SOTMOA5', 'cboFlatOrFelt', 1, 'FlatOrFelt', NULL, 0, NULL, NULL, 't', NULL)
			
INSERT INTO Nav_Fields_LDHP_ADD( Nav_LDHP_ADD_ID, ParentID, FieldName, Enabled_044, Nav_LDHP_ADD_044, Script_044, Mandatory_044, Mandatory_Message_044, Default_Value_044, Default_Datatype_044, Tab_Index_044) VALUES ( '3SOTMOC7', '3SOTMOA5', 'cboListStatus', 1, 'ListStatus', NULL, 0, NULL, NULL, 't', NULL)
			
INSERT INTO Nav_Fields_LDHP_ADD( Nav_LDHP_ADD_ID, ParentID, FieldName, Enabled_044, Nav_LDHP_ADD_044, Script_044, Mandatory_044, Mandatory_Message_044, Default_Value_044, Default_Datatype_044, Tab_Index_044) VALUES ( '3SOTMOC8', '3SOTMOA5', 'cboTypeOfProperty', 1, 'TypeOfProperty', NULL, 0, NULL, NULL, 't', NULL)
			
INSERT INTO Nav_Fields_LDHP_ADD( Nav_LDHP_ADD_ID, ParentID, FieldName, Enabled_044, Nav_LDHP_ADD_044, Script_044, Mandatory_044, Mandatory_Message_044, Default_Value_044, Default_Datatype_044, Tab_Index_044) VALUES ( '3SOTMOC9', '3SOTMOA5', 'cmdPostSearch', 1, 'PostSearch', NULL, 0, NULL, NULL, 'b', NULL)
			
INSERT INTO Nav_Fields_LDHP_ADD( Nav_LDHP_ADD_ID, ParentID, FieldName, Enabled_044, Nav_LDHP_ADD_044, Script_044, Mandatory_044, Mandatory_Message_044, Default_Value_044, Default_Datatype_044, Tab_Index_044) VALUES ( '3SOTMOD9', '3SOTMOA5', 'txtCountry', 1, 'Country', NULL, 0, NULL, NULL, 't', NULL)
					
INSERT INTO Nav_Fields_LDHP_ADD( Nav_LDHP_ADD_ID, ParentID, FieldName, Enabled_044, Nav_LDHP_ADD_044, Script_044, Mandatory_044, Mandatory_Message_044, Default_Value_044, Default_Datatype_044, Tab_Index_044) VALUES ( '3SOTMOD0', '3SOTMOA5', 'txtCounty', 1, 'County', NULL, 0, NULL, NULL, 't', NULL)
					
INSERT INTO Nav_Fields_LDHP_ADD( Nav_LDHP_ADD_ID, ParentID, FieldName, Enabled_044, Nav_LDHP_ADD_044, Script_044, Mandatory_044, Mandatory_Message_044, Default_Value_044, Default_Datatype_044, Tab_Index_044) VALUES ( '3SOTMOD1', '3SOTMOA5', 'txtCity', 1, 'City', NULL, 0, NULL, NULL, 't', NULL)
					
INSERT INTO Nav_Fields_LDHP_ADD( Nav_LDHP_ADD_ID, ParentID, FieldName, Enabled_044, Nav_LDHP_ADD_044, Script_044, Mandatory_044, Mandatory_Message_044, Default_Value_044, Default_Datatype_044, Tab_Index_044) VALUES ( '3SOTMOD2', '3SOTMOA5', 'txtLocality', 1, 'Locality', NULL, 0, NULL, NULL, 't', NULL)
					
INSERT INTO Nav_Fields_LDHP_ADD( Nav_LDHP_ADD_ID, ParentID, FieldName, Enabled_044, Nav_LDHP_ADD_044, Script_044, Mandatory_044, Mandatory_Message_044, Default_Value_044, Default_Datatype_044, Tab_Index_044) VALUES ( '3SOTMOD3', '3SOTMOA5', 'txtStreet', 1, 'Street', NULL, 0, NULL, NULL, 't', NULL)
					
INSERT INTO Nav_Fields_LDHP_ADD( Nav_LDHP_ADD_ID, ParentID, FieldName, Enabled_044, Nav_LDHP_ADD_044, Script_044, Mandatory_044, Mandatory_Message_044, Default_Value_044, Default_Datatype_044, Tab_Index_044) VALUES ( '3SOTMOD4', '3SOTMOA5', 'txtHouse', 1, 'House', NULL, 0, NULL, NULL, 't', NULL)
					
INSERT INTO Nav_Fields_LDHP_ADD( Nav_LDHP_ADD_ID, ParentID, FieldName, Enabled_044, Nav_LDHP_ADD_044, Script_044, Mandatory_044, Mandatory_Message_044, Default_Value_044, Default_Datatype_044, Tab_Index_044) VALUES ( '3SOTMOD5', '3SOTMOA5', 'txtPostcode', 1, 'Postcode', NULL, 0, NULL, NULL, 't', NULL)
					                      
INSERT INTO Nav_Forms_LDHP_ADD( Nav_LDHP_ADD_ID, Nav_LDHP_ADD, MoveAble, Enabled_044, Sequence_044, Nav_LDHP_ADD_044, Nav_Tbl_Tag_044) VALUES ( '3SOTMOD6', 'TES_Screen_Builder\\LDHP\frmHPCLAIM.tst+', 1, 1, 13, 'Claim Details Summary', NULL)
                    
INSERT INTO Nav_Fields_LDHP_ADD( Nav_LDHP_ADD_ID, ParentID, FieldName, Enabled_044, Nav_LDHP_ADD_044, Script_044, Mandatory_044, Mandatory_Message_044, Default_Value_044, Default_Datatype_044, Tab_Index_044) VALUES ( '3SOTMOD7', '3SOTMOD6', 'lvwSummary', 1, 'Claim Details list', NULL, 0, NULL, NULL, 'n', NULL)
		
INSERT INTO Nav_Forms_LDHP_ADD( Nav_LDHP_ADD_ID, Nav_LDHP_ADD, MoveAble, Enabled_044, Sequence_044, Nav_LDHP_ADD_044, Nav_Tbl_Tag_044) VALUES ( '3SOTMOE7', 'TES_Screen_Builder\\LDHP\frmXSANDNCD.tst', 1, 1, 14, 'Excess and NCD Details', NULL)
                          
INSERT INTO Nav_Fields_LDHP_ADD( Nav_LDHP_ADD_ID, ParentID, FieldName, Enabled_044, Nav_LDHP_ADD_044, Script_044, Mandatory_044, Mandatory_Message_044, Default_Value_044, Default_Datatype_044, Tab_Index_044) VALUES ( '3SOTMOE8', '3SOTMOE7', 'cboNCD', 1, 'NCD', NULL, 0, NULL, NULL, 't', NULL)
			
INSERT INTO Nav_Fields_LDHP_ADD( Nav_LDHP_ADD_ID, ParentID, FieldName, Enabled_044, Nav_LDHP_ADD_044, Script_044, Mandatory_044, Mandatory_Message_044, Default_Value_044, Default_Datatype_044, Tab_Index_044) VALUES ( '3SOTMOE9', '3SOTMOE7', 'cboExcess', 1, 'Excess', NULL, 0, NULL, NULL, 't', NULL)
			
INSERT INTO Nav_Forms_LDHP_ADD( Nav_LDHP_ADD_ID, Nav_LDHP_ADD,MoveAble, Enabled_044, Sequence_044, Nav_LDHP_ADD_044, Nav_Tbl_Tag_044) VALUES ( '3SOTMOE0', '&+LDHP_PROPDET_ADD', 1, 1, 11, 'Proposer Details', NULL)
                        
INSERT INTO Nav_Forms_LDHP_PROPDET_ADD( Nav_LDHP_PROPDET_ADD_ID, Nav_LDHP_PROPDET_ADD, MoveAble, Enabled_044, Sequence_044, Nav_LDHP_PROPDET_ADD_044, Nav_Tbl_Tag_044) VALUES ( '3SOTMOE1', 'TES_Screen_Builder\\LDHP\frmPropDet.tst', 1, 1, 9, 'Proposer Details', NULL)
							
INSERT INTO Nav_Fields_LDHP_PROPDET_ADD( Nav_LDHP_PROPDET_ADD_ID, ParentID, FieldName, Enabled_044, Nav_LDHP_PROPDET_ADD_044, Script_044, Mandatory_044, Mandatory_Message_044, Default_Value_044, Default_Datatype_044, Tab_Index_044) VALUES ( '3SOTMOE2', '3SOTMOE1', 'lvwOccList', 1, 'Occupation List', NULL, 0, NULL, NULL, 'n', NULL)
			
INSERT INTO Nav_Fields_LDHP_PROPDET_ADD( Nav_LDHP_PROPDET_ADD_ID, ParentID, FieldName, Enabled_044, Nav_LDHP_PROPDET_ADD_044, Script_044, Mandatory_044, Mandatory_Message_044, Default_Value_044, Default_Datatype_044, Tab_Index_044) VALUES ( '3SOTMOE3', '3SOTMOE1', 'cboRelationship', 1, 'Relationship', NULL, 0, NULL, NULL, 't', NULL)
			
INSERT INTO Nav_Fields_LDHP_PROPDET_ADD( Nav_LDHP_PROPDET_ADD_ID, ParentID, FieldName, Enabled_044, Nav_LDHP_PROPDET_ADD_044, Script_044, Mandatory_044, Mandatory_Message_044, Default_Value_044, Default_Datatype_044, Tab_Index_044) VALUES ( '3SOTMOE4', '3SOTMOE1', 'cboMarital', 1, 'Marital', NULL, 0, NULL, NULL, 't', NULL)
			
INSERT INTO Nav_Fields_LDHP_PROPDET_ADD( Nav_LDHP_PROPDET_ADD_ID, ParentID, FieldName, Enabled_044, Nav_LDHP_PROPDET_ADD_044, Script_044, Mandatory_044, Mandatory_Message_044, Default_Value_044, Default_Datatype_044, Tab_Index_044) VALUES ( '3SOTMOE5', '3SOTMOE1', 'txtAGe', 1, 'Age', NULL, 0, NULL, NULL, 't', NULL)
					
INSERT INTO Nav_Fields_LDHP_PROPDET_ADD( Nav_LDHP_PROPDET_ADD_ID, ParentID, FieldName, Enabled_044, Nav_LDHP_PROPDET_ADD_044, Script_044, Mandatory_044, Mandatory_Message_044, Default_Value_044, Default_Datatype_044, Tab_Index_044) VALUES ( '3SOTMOE6', '3SOTMOE1', 'mskDOB', 1, 'DOB', NULL, 0, NULL, NULL, 'd', NULL)
			
INSERT INTO Nav_Fields_LDHP_PROPDET_ADD( Nav_LDHP_PROPDET_ADD_ID, ParentID, FieldName, Enabled_044, Nav_LDHP_PROPDET_ADD_044, Script_044, Mandatory_044, Mandatory_Message_044, Default_Value_044, Default_Datatype_044, Tab_Index_044) VALUES ( '3SOTMOF6', '3SOTMOE1', 'txtSurname', 1, 'Surname', NULL, 0, NULL, NULL, 't', NULL)
					
INSERT INTO Nav_Fields_LDHP_PROPDET_ADD( Nav_LDHP_PROPDET_ADD_ID, ParentID, FieldName, Enabled_044, Nav_LDHP_PROPDET_ADD_044, Script_044, Mandatory_044, Mandatory_Message_044, Default_Value_044, Default_Datatype_044, Tab_Index_044) VALUES ( '3SOTMOF7', '3SOTMOE1', 'txtInitials', 1, 'Initials', NULL, 0, NULL, NULL, 't', NULL)
					
INSERT INTO Nav_Fields_LDHP_PROPDET_ADD( Nav_LDHP_PROPDET_ADD_ID, ParentID, FieldName, Enabled_044, Nav_LDHP_PROPDET_ADD_044, Script_044, Mandatory_044, Mandatory_Message_044, Default_Value_044, Default_Datatype_044, Tab_Index_044) VALUES ( '3SOTMOF8', '3SOTMOE1', 'txtForename', 1, 'Forename', NULL, 0, NULL, NULL, 't', NULL)
					
INSERT INTO Nav_Fields_LDHP_PROPDET_ADD( Nav_LDHP_PROPDET_ADD_ID, ParentID, FieldName, Enabled_044, Nav_LDHP_PROPDET_ADD_044, Script_044, Mandatory_044, Mandatory_Message_044, Default_Value_044, Default_Datatype_044, Tab_Index_044) VALUES ( '3SOTMOF9', '3SOTMOE1', 'cboTitle', 1, 'Title', NULL, 0, NULL, NULL, 't', NULL)
			
INSERT INTO Nav_Fields_LDHP_PROPDET_ADD( Nav_LDHP_PROPDET_ADD_ID, ParentID, FieldName, Enabled_044, Nav_LDHP_PROPDET_ADD_044, Script_044, Mandatory_044, Mandatory_Message_044, Default_Value_044, Default_Datatype_044, Tab_Index_044) VALUES ( '3SOTMOF0', '3SOTMOE1', 'optFemale', 1, 'Female', NULL, 0, NULL, NULL, 'b', NULL)
			
INSERT INTO Nav_Fields_LDHP_PROPDET_ADD( Nav_LDHP_PROPDET_ADD_ID, ParentID, FieldName, Enabled_044, Nav_LDHP_PROPDET_ADD_044, Script_044, Mandatory_044, Mandatory_Message_044, Default_Value_044, Default_Datatype_044, Tab_Index_044) VALUES ( '3SOTMOF1', '3SOTMOE1', 'optMale', 1, 'Male', NULL, 0, NULL, NULL, 'b', NULL)
			
INSERT INTO Nav_Forms_LDHP_ADD( Nav_LDHP_ADD_ID, Nav_LDHP_ADD, MoveAble, Enabled_044, Sequence_044, Nav_LDHP_ADD_044, Nav_Tbl_Tag_044) VALUES ( '3SOTMOF2', 'TES_Screen_Builder\\LDHP\frmEXTCOV.tst', 1, 1, 10, 'Extensions Of Cover', NULL)
                          
INSERT INTO Nav_Fields_LDHP_ADD( Nav_LDHP_ADD_ID, ParentID, FieldName, Enabled_044, Nav_LDHP_ADD_044, Script_044, Mandatory_044, Mandatory_Message_044, Default_Value_044, Default_Datatype_044, Tab_Index_044) VALUES ( '3SOTMOF3', '3SOTMOF2', 'txtPropOnCover', 1, 'txtPropOnCover', NULL, 0, NULL, NULL, 't', NULL)
					
INSERT INTO Nav_Fields_LDHP_ADD( Nav_LDHP_ADD_ID, ParentID, FieldName, Enabled_044, Nav_LDHP_ADD_044, Script_044, Mandatory_044, Mandatory_Message_044, Default_Value_044, Default_Datatype_044, Tab_Index_044) VALUES ( '3SOTMOF4', '3SOTMOF2', 'cboRSADiscoun', 1, 'cboRSADiscoun', NULL, 0, NULL, NULL, 't', NULL)
			
    
  GO  
    
--Client Details
INSERT INTO Nav_Forms_LDHP_IND( Nav_LDHP_IND_ID, Nav_LDHP_IND, MoveAble, Enabled_044, Sequence_044, Nav_LDHP_IND_044, Nav_Tbl_Tag_044) VALUES ( '3SOTMOF5', 'QE139', 0, 1, 1, 'Client Details', NULL)
INSERT INTO Nav_Fields_LDHP_IND( Nav_LDHP_IND_ID, ParentID, FieldName, Enabled_044, Nav_LDHP_IND_044, Script_044, Mandatory_044, Mandatory_Message_044, Default_Value_044, Default_Datatype_044, Tab_Index_044) VALUES ( '3SOTMOG5', '3SOTMOF5', 'QE139_Opt_Company', 1, 'Company', NULL, 1, 'Please select Company', NULL, 'b', NULL)
INSERT INTO Nav_Fields_LDHP_IND( Nav_LDHP_IND_ID, ParentID, FieldName, Enabled_044, Nav_LDHP_IND_044, Script_044, Mandatory_044, Mandatory_Message_044, Default_Value_044, Default_Datatype_044, Tab_Index_044) VALUES ( '3SOTMOG6', '3SOTMOF5', 'QE139_Opt_Individual', 1, 'Private individual', NULL, 1, 'Please select Individual', NULL, 'b', NULL)
INSERT INTO Nav_Fields_LDHP_IND( Nav_LDHP_IND_ID, ParentID, FieldName, Enabled_044, Nav_LDHP_IND_044, Script_044, Mandatory_044, Mandatory_Message_044, Default_Value_044, Default_Datatype_044, Tab_Index_044) VALUES ( '3SOTMOG7', '3SOTMOF5', 'QE139_Cbo_Title', 1, 'Title', NULL, 1, 'Please select a title', NULL, 't', NULL)
INSERT INTO Nav_Fields_LDHP_IND( Nav_LDHP_IND_ID, ParentID, FieldName, Enabled_044, Nav_LDHP_IND_044, Script_044, Mandatory_044, Mandatory_Message_044, Default_Value_044, Default_Datatype_044, Tab_Index_044) VALUES ( '3SOTMOG8', '3SOTMOF5', 'QE139_Txt_Surname', 1, 'Surname', NULL, 1, 'Please enter a surname', NULL, 't', NULL)
INSERT INTO Nav_Fields_LDHP_IND( Nav_LDHP_IND_ID, ParentID, FieldName, Enabled_044, Nav_LDHP_IND_044, Script_044, Mandatory_044, Mandatory_Message_044, Default_Value_044, Default_Datatype_044, Tab_Index_044) VALUES ( '3SOTMOG9', '3SOTMOF5', 'QE139_Txt_Initials', 1, 'Initials', NULL, 0, NULL, NULL, 't', NULL)
INSERT INTO Nav_Fields_LDHP_IND( Nav_LDHP_IND_ID, ParentID, FieldName, Enabled_044, Nav_LDHP_IND_044, Script_044, Mandatory_044, Mandatory_Message_044, Default_Value_044, Default_Datatype_044, Tab_Index_044) VALUES ( '3SOTMOG0', '3SOTMOF5', 'QE139_Txt_Forename', 1, 'Forename', NULL, 1, 'Please enter a forename', NULL, 't', NULL)
INSERT INTO Nav_Fields_LDHP_IND( Nav_LDHP_IND_ID, ParentID, FieldName, Enabled_044, Nav_LDHP_IND_044, Script_044, Mandatory_044, Mandatory_Message_044, Default_Value_044, Default_Datatype_044, Tab_Index_044) VALUES ( '3SOTMOG1', '3SOTMOF5', 'QE139_Txt_Honours', 1, 'Honours', NULL, 0, NULL, NULL, 't', NULL)
INSERT INTO Nav_Fields_LDHP_IND( Nav_LDHP_IND_ID, ParentID, FieldName, Enabled_044, Nav_LDHP_IND_044, Script_044, Mandatory_044, Mandatory_Message_044, Default_Value_044, Default_Datatype_044, Tab_Index_044) VALUES ( '3SOTMOG2', '3SOTMOF5', 'QE139_Chk_Proposer', 1, 'Proposer', NULL, 1, 'Please select proposer', NULL, 'b', NULL)
INSERT INTO Nav_Fields_LDHP_IND( Nav_LDHP_IND_ID, ParentID, FieldName, Enabled_044, Nav_LDHP_IND_044, Script_044, Mandatory_044, Mandatory_Message_044, Default_Value_044, Default_Datatype_044, Tab_Index_044) VALUES ( '3SOTMOG3', '3SOTMOF5', 'QE139_Chk_Deceased', 1, 'Deceased', NULL, 1, 'Please select deceased', NULL, 'b', NULL)
INSERT INTO Nav_Fields_LDHP_IND( Nav_LDHP_IND_ID, ParentID, FieldName, Enabled_044, Nav_LDHP_IND_044, Script_044, Mandatory_044, Mandatory_Message_044, Default_Value_044, Default_Datatype_044, Tab_Index_044) VALUES ( '3SOTMOH3', '3SOTMOF5', 'QE139_Cbo_DwellingType', 1, 'Dwelling type', NULL, 1, 'Please select dwelling type', NULL, 't', NULL)
INSERT INTO Nav_Fields_LDHP_IND( Nav_LDHP_IND_ID, ParentID, FieldName, Enabled_044, Nav_LDHP_IND_044, Script_044, Mandatory_044, Mandatory_Message_044, Default_Value_044, Default_Datatype_044, Tab_Index_044) VALUES ( '3SOTMOH4', '3SOTMOF5', 'QE139_Cbo_Dwelling', 1, 'Dwelling', NULL, 1, 'Please select dwelling', NULL, 't', NULL)
INSERT INTO Nav_Fields_LDHP_IND( Nav_LDHP_IND_ID, ParentID, FieldName, Enabled_044, Nav_LDHP_IND_044, Script_044, Mandatory_044, Mandatory_Message_044, Default_Value_044, Default_Datatype_044, Tab_Index_044) VALUES ( '3SOTMOH5', '3SOTMOF5', 'QE139_Txt_Country', 1, 'Country', NULL, 0, NULL, NULL, 't', NULL)
INSERT INTO Nav_Fields_LDHP_IND( Nav_LDHP_IND_ID, ParentID, FieldName, Enabled_044, Nav_LDHP_IND_044, Script_044, Mandatory_044, Mandatory_Message_044, Default_Value_044, Default_Datatype_044, Tab_Index_044) VALUES ( '3SOTMOH6', '3SOTMOF5', 'QE139_Txt_County', 1, 'County', NULL, 0, NULL, NULL, 't', NULL)
INSERT INTO Nav_Fields_LDHP_IND( Nav_LDHP_IND_ID, ParentID, FieldName, Enabled_044, Nav_LDHP_IND_044, Script_044, Mandatory_044, Mandatory_Message_044, Default_Value_044, Default_Datatype_044, Tab_Index_044) VALUES ( '3SOTMOH7', '3SOTMOF5', 'QE139_Txt_City', 1, 'City', NULL, 1, 'Please enter a city', NULL, 't', NULL)
INSERT INTO Nav_Fields_LDHP_IND( Nav_LDHP_IND_ID, ParentID, FieldName, Enabled_044, Nav_LDHP_IND_044, Script_044, Mandatory_044, Mandatory_Message_044, Default_Value_044, Default_Datatype_044, Tab_Index_044) VALUES ( '3SOTMOH8', '3SOTMOF5', 'QE139_Txt_Locality', 1, 'Locality', NULL, 0, NULL, NULL, 't', NULL)
INSERT INTO Nav_Fields_LDHP_IND( Nav_LDHP_IND_ID, ParentID, FieldName, Enabled_044, Nav_LDHP_IND_044, Script_044, Mandatory_044, Mandatory_Message_044, Default_Value_044, Default_Datatype_044, Tab_Index_044) VALUES ( '3SOTMOH9', '3SOTMOF5', 'QE139_Txt_Street', 1, 'Street', NULL, 1, 'Please enter a street', NULL, 't', NULL)
INSERT INTO Nav_Fields_LDHP_IND( Nav_LDHP_IND_ID, ParentID, FieldName, Enabled_044, Nav_LDHP_IND_044, Script_044, Mandatory_044, Mandatory_Message_044, Default_Value_044, Default_Datatype_044, Tab_Index_044) VALUES ( '3SOTMOH0', '3SOTMOF5', 'QE139_Txt_House', 1, 'House', NULL, 1, 'Please enter a house', NULL, 't', NULL)
INSERT INTO Nav_Fields_LDHP_IND( Nav_LDHP_IND_ID, ParentID, FieldName, Enabled_044, Nav_LDHP_IND_044, Script_044, Mandatory_044, Mandatory_Message_044, Default_Value_044, Default_Datatype_044, Tab_Index_044) VALUES ( '3SOTMOH1', '3SOTMOF5', 'QE139_Txt_Postcode', 1, 'Postcode', NULL, 1, 'Please enter a postcode', NULL, 't', NULL)
INSERT INTO Nav_Fields_LDHP_IND( Nav_LDHP_IND_ID, ParentID, FieldName, Enabled_044, Nav_LDHP_IND_044, Script_044, Mandatory_044, Mandatory_Message_044, Default_Value_044, Default_Datatype_044, Tab_Index_044) VALUES ( '3SOTMOH2', '3SOTMOF5', 'QE139_Opt_Sex', 1, 'Sex', NULL, 1, 'Please enter a sex', NULL, 'b', NULL)
INSERT INTO Nav_Fields_LDHP_IND( Nav_LDHP_IND_ID, ParentID, FieldName, Enabled_044, Nav_LDHP_IND_044, Script_044, Mandatory_044, Mandatory_Message_044, Default_Value_044, Default_Datatype_044, Tab_Index_044) VALUES ( '3SOTMOI2', '3SOTMOF5', 'QE139_Cbo_TelephoneType', 1, 'Telephone type', NULL, 0, NULL, NULL, 't', NULL)
INSERT INTO Nav_Fields_LDHP_IND( Nav_LDHP_IND_ID, ParentID, FieldName, Enabled_044, Nav_LDHP_IND_044, Script_044, Mandatory_044, Mandatory_Message_044, Default_Value_044, Default_Datatype_044, Tab_Index_044) VALUES ( '3SOTMOI3', '3SOTMOF5', 'QE139_Chk_ExDirectory', 1, 'Ex directory', NULL, 0, NULL, NULL, 'b', NULL)
INSERT INTO Nav_Fields_LDHP_IND( Nav_LDHP_IND_ID, ParentID, FieldName, Enabled_044, Nav_LDHP_IND_044, Script_044, Mandatory_044, Mandatory_Message_044, Default_Value_044, Default_Datatype_044, Tab_Index_044) VALUES ( '3SOTMOI4', '3SOTMOF5', 'QE139_Txt_Extension', 1, 'Telephone extension', NULL, 0, NULL, NULL, 't', NULL)
INSERT INTO Nav_Fields_LDHP_IND( Nav_LDHP_IND_ID, ParentID, FieldName, Enabled_044, Nav_LDHP_IND_044, Script_044, Mandatory_044, Mandatory_Message_044, Default_Value_044, Default_Datatype_044, Tab_Index_044) VALUES ( '3SOTMOI5', '3SOTMOF5', 'QE139_Txt_Number', 1, 'Telephone number', NULL, 0, NULL, NULL, 't', NULL)
INSERT INTO Nav_Fields_LDHP_IND( Nav_LDHP_IND_ID, ParentID, FieldName, Enabled_044, Nav_LDHP_IND_044, Script_044, Mandatory_044, Mandatory_Message_044, Default_Value_044, Default_Datatype_044, Tab_Index_044) VALUES ( '3SOTMOI6', '3SOTMOF5', 'QE139_Lvw_Telephone', 1, 'Telephone list', NULL, 0, NULL, NULL, 'n', NULL)
INSERT INTO Nav_Fields_LDHP_IND( Nav_LDHP_IND_ID, ParentID, FieldName, Enabled_044, Nav_LDHP_IND_044, Script_044, Mandatory_044, Mandatory_Message_044, Default_Value_044, Default_Datatype_044, Tab_Index_044) VALUES ( '3SOTMOI7', '3SOTMOF5', 'QE139_Txt_SecurityAnswer', 1, 'Security Answer', NULL, 0, NULL, NULL, 't', NULL)
INSERT INTO Nav_Fields_LDHP_IND( Nav_LDHP_IND_ID, ParentID, FieldName, Enabled_044, Nav_LDHP_IND_044, Script_044, Mandatory_044, Mandatory_Message_044, Default_Value_044, Default_Datatype_044, Tab_Index_044) VALUES ( '3SOTMOI8', '3SOTMOF5', 'QE139_Cbo_Security_Question', 1, 'Security Question', NULL, 0, NULL, NULL, 't', NULL)
INSERT INTO Nav_Fields_LDHP_IND( Nav_LDHP_IND_ID, ParentID, FieldName, Enabled_044, Nav_LDHP_IND_044, Script_044, Mandatory_044, Mandatory_Message_044, Default_Value_044, Default_Datatype_044, Tab_Index_044) VALUES ( '3SOTMOI9', '3SOTMOF5', 'QE139_Chk_RenewalQuote', 1, 'Prior Policy Renewal', NULL, 0, NULL, NULL, 'b', NULL)
INSERT INTO Nav_Fields_LDHP_IND( Nav_LDHP_IND_ID, ParentID, FieldName, Enabled_044, Nav_LDHP_IND_044, Script_044, Mandatory_044, Mandatory_Message_044, Default_Value_044, Default_Datatype_044, Tab_Index_044) VALUES ( '3SOTMOI0', '3SOTMOF5', 'QE139_Chk_Instalments', 1, 'Instalments', NULL, 0, NULL, NULL, 'b', NULL)
INSERT INTO Nav_Fields_LDHP_IND( Nav_LDHP_IND_ID, ParentID, FieldName, Enabled_044, Nav_LDHP_IND_044, Script_044, Mandatory_044, Mandatory_Message_044, Default_Value_044, Default_Datatype_044, Tab_Index_044) VALUES ( '3SOTMOJ0', '3SOTMOF5', 'QE139_Txt_Email', 1, 'Email', NULL, 0, NULL, NULL, 't', NULL)
INSERT INTO Nav_Fields_LDHP_IND( Nav_LDHP_IND_ID, ParentID, FieldName, Enabled_044, Nav_LDHP_IND_044, Script_044, Mandatory_044, Mandatory_Message_044, Default_Value_044, Default_Datatype_044, Tab_Index_044) VALUES ( '3SOTMOJ1', '3SOTMOF5', 'QE139_Msk_DOB', 1, 'Date of Birth', NULL, 0, NULL, NULL, 'd', NULL)
INSERT INTO Nav_Fields_LDHP_IND( Nav_LDHP_IND_ID, ParentID, FieldName, Enabled_044, Nav_LDHP_IND_044, Script_044, Mandatory_044, Mandatory_Message_044, Default_Value_044, Default_Datatype_044, Tab_Index_044) VALUES ( '3SOTMOJ2', '3SOTMOF5', 'QE139_Txt_Confirm', 1, 'Confirm password', NULL, 0, NULL, NULL, 't', NULL)
INSERT INTO Nav_Fields_LDHP_IND( Nav_LDHP_IND_ID, ParentID, FieldName, Enabled_044, Nav_LDHP_IND_044, Script_044, Mandatory_044, Mandatory_Message_044, Default_Value_044, Default_Datatype_044, Tab_Index_044) VALUES ( '3SOTMOJ3', '3SOTMOF5', 'QE139_Txt_Password', 1, 'Password', NULL, 0, NULL, NULL, 't', NULL)
INSERT INTO Nav_Fields_LDHP_IND( Nav_LDHP_IND_ID, ParentID, FieldName, Enabled_044, Nav_LDHP_IND_044, Script_044, Mandatory_044, Mandatory_Message_044, Default_Value_044, Default_Datatype_044, Tab_Index_044) VALUES ( '3SOTMOJ4', '3SOTMOF5', 'QE139_Txt_MaidenName', 1, 'Maiden name', NULL, 0, NULL, NULL, 't', NULL)
INSERT INTO Nav_Fields_LDHP_IND( Nav_LDHP_IND_ID, ParentID, FieldName, Enabled_044, Nav_LDHP_IND_044, Script_044, Mandatory_044, Mandatory_Message_044, Default_Value_044, Default_Datatype_044, Tab_Index_044) VALUES ( '3SOTMOJ5', '3SOTMOF5', 'QE139_Cbo_Country', 1, 'Country', NULL, 0, NULL, NULL, 't', NULL)
INSERT INTO Nav_Fields_LDHP_IND( Nav_LDHP_IND_ID, ParentID, FieldName, Enabled_044, Nav_LDHP_IND_044, Script_044, Mandatory_044, Mandatory_Message_044, Default_Value_044, Default_Datatype_044, Tab_Index_044) VALUES ( '3SOTMOJ6', '3SOTMOF5', 'QE139_Txt_InputTaxCredit', 1, 'Input Tax Credit', NULL, 0, NULL, NULL, 't', NULL)
INSERT INTO Nav_Fields_LDHP_IND( Nav_LDHP_IND_ID, ParentID, FieldName, Enabled_044, Nav_LDHP_IND_044, Script_044, Mandatory_044, Mandatory_Message_044, Default_Value_044, Default_Datatype_044, Tab_Index_044) VALUES ( '3SOTMOJ7', '3SOTMOF5', 'QE139_Cmd_IND', 1, 'Telephone Add', NULL, 0, NULL, NULL, 'b', NULL)
INSERT INTO Nav_Fields_LDHP_IND( Nav_LDHP_IND_ID, ParentID, FieldName, Enabled_044, Nav_LDHP_IND_044, Script_044, Mandatory_044, Mandatory_Message_044, Default_Value_044, Default_Datatype_044, Tab_Index_044) VALUES ( '3SOTMOJ8', '3SOTMOF5', 'QE139_Cmd_Remove', 1, 'Telephone Remove', NULL, 0, NULL, NULL, 'b', NULL)
INSERT INTO Nav_Fields_LDHP_IND( Nav_LDHP_IND_ID, ParentID, FieldName, Enabled_044, Nav_LDHP_IND_044, Script_044, Mandatory_044, Mandatory_Message_044, Default_Value_044, Default_Datatype_044, Tab_Index_044) VALUES ( '3SOTMOJ9', '3SOTMOF5', 'QE139_Cmd_Search', 1, 'Postcode Search', NULL, 0, NULL, NULL, 'b', NULL)
INSERT INTO Nav_Fields_LDHP_IND( Nav_LDHP_IND_ID, ParentID, FieldName, Enabled_044, Nav_LDHP_IND_044, Script_044, Mandatory_044, Mandatory_Message_044, Default_Value_044, Default_Datatype_044, Tab_Index_044) VALUES ( '3SOTMOK9', '3SOTMOF5', 'QE139_Msk_DateEstablished', 1, 'Date Established', NULL, 0, NULL, NULL, 'd', NULL)

--Contact and Marketing
INSERT INTO Nav_Forms_LDHP_IND( Nav_LDHP_IND_ID, Nav_LDHP_IND, MoveAble, Enabled_044, Sequence_044, Nav_LDHP_IND_044, Nav_Tbl_Tag_044) VALUES ( '3SOTMOK0', 'QE140', 1, 1, 2, 'Contact and Marketing Details', NULL)
INSERT INTO Nav_Fields_LDHP_IND( Nav_LDHP_IND_ID, ParentID, FieldName, Enabled_044, Nav_LDHP_IND_044, Script_044, Mandatory_044, Mandatory_Message_044, Default_Value_044, Default_Datatype_044, Tab_Index_044) VALUES ( '3SOTMOK1', '3SOTMOK0', 'QE140_Chk_TelephoneThird', 1, 'Allow telephone contact from third party', NULL, 0, NULL, '0', 'b', NULL)
INSERT INTO Nav_Fields_LDHP_IND( Nav_LDHP_IND_ID, ParentID, FieldName, Enabled_044, Nav_LDHP_IND_044, Script_044, Mandatory_044, Mandatory_Message_044, Default_Value_044, Default_Datatype_044, Tab_Index_044) VALUES ( '3SOTMOK2', '3SOTMOK0', 'QE140_Chk_TelephoneAffinity', 1, 'Allow telephone contact from affinity', NULL, 0, NULL, '0', 'b', NULL)
INSERT INTO Nav_Fields_LDHP_IND( Nav_LDHP_IND_ID, ParentID, FieldName, Enabled_044, Nav_LDHP_IND_044, Script_044, Mandatory_044, Mandatory_Message_044, Default_Value_044, Default_Datatype_044, Tab_Index_044) VALUES ( '3SOTMOK3', '3SOTMOK0', 'QE140_Chk_TelephoneAdministrator', 1, 'Allow telephone contact from administrator', NULL, 0, NULL, '0', 'b', NULL)
INSERT INTO Nav_Fields_LDHP_IND( Nav_LDHP_IND_ID, ParentID, FieldName, Enabled_044, Nav_LDHP_IND_044, Script_044, Mandatory_044, Mandatory_Message_044, Default_Value_044, Default_Datatype_044, Tab_Index_044) VALUES ( '3SOTMOK4', '3SOTMOK0', 'QE140_Chk_MailingThird', 1, 'Allow mailings from third party', NULL, 0, NULL, '0', 'b', NULL)
INSERT INTO Nav_Fields_LDHP_IND( Nav_LDHP_IND_ID, ParentID, FieldName, Enabled_044, Nav_LDHP_IND_044, Script_044, Mandatory_044, Mandatory_Message_044, Default_Value_044, Default_Datatype_044, Tab_Index_044) VALUES ( '3SOTMOK5', '3SOTMOK0', 'QE140_Chk_MailingAffinity', 1, 'Allow mailings from affinity', NULL, 0, NULL, '0', 'b', NULL)
INSERT INTO Nav_Fields_LDHP_IND( Nav_LDHP_IND_ID, ParentID, FieldName, Enabled_044, Nav_LDHP_IND_044, Script_044, Mandatory_044, Mandatory_Message_044, Default_Value_044, Default_Datatype_044, Tab_Index_044) VALUES ( '3SOTMOK6', '3SOTMOK0', 'QE140_Chk_MailingAdministrator', 1, 'Allow mailings from administrator', NULL, 0, NULL, '0', 'b', NULL)
INSERT INTO Nav_Fields_LDHP_IND( Nav_LDHP_IND_ID, ParentID, FieldName, Enabled_044, Nav_LDHP_IND_044, Script_044, Mandatory_044, Mandatory_Message_044, Default_Value_044, Default_Datatype_044, Tab_Index_044) VALUES ( '3SOTMOK7', '3SOTMOK0', 'QE140_Txt_RecommendedBy', 1, 'Referred By', NULL, 0, NULL, NULL, 't', NULL)
INSERT INTO Nav_Fields_LDHP_IND( Nav_LDHP_IND_ID, ParentID, FieldName, Enabled_044, Nav_LDHP_IND_044, Script_044, Mandatory_044, Mandatory_Message_044, Default_Value_044, Default_Datatype_044, Tab_Index_044) VALUES ( '3SOTMOK8', '3SOTMOK0', 'QE140_Txt_Reference', 1, 'Reference', NULL, 0, NULL, NULL, 't', NULL)
INSERT INTO Nav_Fields_LDHP_IND( Nav_LDHP_IND_ID, ParentID, FieldName, Enabled_044, Nav_LDHP_IND_044, Script_044, Mandatory_044, Mandatory_Message_044, Default_Value_044, Default_Datatype_044, Tab_Index_044) VALUES ( '3SOTMOL8', '3SOTMOK0', 'QE140_Cbo_Campaign', 1, 'Marketing source campaign', NULL, 0, NULL, NULL, 't', NULL)
INSERT INTO Nav_Fields_LDHP_IND( Nav_LDHP_IND_ID, ParentID, FieldName, Enabled_044, Nav_LDHP_IND_044, Script_044, Mandatory_044, Mandatory_Message_044, Default_Value_044, Default_Datatype_044, Tab_Index_044) VALUES ( '3SOTMOL9', '3SOTMOK0', 'QE140_Cbo_Activity', 1, 'Marketing source activity', NULL, 0, NULL, NULL, 't', NULL)
INSERT INTO Nav_Fields_LDHP_IND( Nav_LDHP_IND_ID, ParentID, FieldName, Enabled_044, Nav_LDHP_IND_044, Script_044, Mandatory_044, Mandatory_Message_044, Default_Value_044, Default_Datatype_044, Tab_Index_044) VALUES ( '3SOTMOL0', '3SOTMOK0', 'QE140_Cbo_Source', 1, 'Marketing source of business', NULL, 0, NULL, NULL, 't', NULL)
INSERT INTO Nav_Fields_LDHP_IND( Nav_LDHP_IND_ID, ParentID, FieldName, Enabled_044, Nav_LDHP_IND_044, Script_044, Mandatory_044, Mandatory_Message_044, Default_Value_044, Default_Datatype_044, Tab_Index_044) VALUES ( '3SOTMOL1', '3SOTMOK0', 'QE140_Chk_StopCorrespondence', 1, 'Stop Correspondence', NULL, 0, NULL, '0', 'b', NULL)
INSERT INTO Nav_Fields_LDHP_IND( Nav_LDHP_IND_ID, ParentID, FieldName, Enabled_044, Nav_LDHP_IND_044, Script_044, Mandatory_044, Mandatory_Message_044, Default_Value_044, Default_Datatype_044, Tab_Index_044) VALUES ( '3SOTMOL2', '3SOTMOK0', 'QE140_Cbo_Preferred', 1, 'Preferred contact method', NULL, 0, NULL, NULL, 't', NULL)
--Target Premium
INSERT INTO Nav_Forms_LDHP_IND( Nav_LDHP_IND_ID, Nav_LDHP_IND, MoveAble, Enabled_044, Sequence_044, Nav_LDHP_IND_044, Nav_Tbl_Tag_044) VALUES ( '3SOTMOL3', 'QE141', 1, 1, 3, 'Target Premium', NULL)
INSERT INTO Nav_Fields_LDHP_IND( Nav_LDHP_IND_ID, ParentID, FieldName, Enabled_044, Nav_LDHP_IND_044, Script_044, Mandatory_044, Mandatory_Message_044, Default_Value_044, Default_Datatype_044, Tab_Index_044) VALUES ( '3SOTMOL4', '3SOTMOL3', 'QE141_Cbo_Insurer', 1, 'Best quote given by', NULL, 0, NULL, NULL, 't', NULL)
INSERT INTO Nav_Fields_LDHP_IND( Nav_LDHP_IND_ID, ParentID, FieldName, Enabled_044, Nav_LDHP_IND_044, Script_044, Mandatory_044, Mandatory_Message_044, Default_Value_044, Default_Datatype_044, Tab_Index_044) VALUES ( '3SOTMOL5', '3SOTMOL3', 'QE141_Msk_CurrentRenewalDate', 1, 'Current renewal date', NULL, 0, NULL, NULL, 'd', NULL)
INSERT INTO Nav_Fields_LDHP_IND( Nav_LDHP_IND_ID, ParentID, FieldName, Enabled_044, Nav_LDHP_IND_044, Script_044, Mandatory_044, Mandatory_Message_044, Default_Value_044, Default_Datatype_044, Tab_Index_044) VALUES ( '3SOTMOL6', '3SOTMOL3', 'QE141_CFd_Premium', 1, 'Previously quoted premium', NULL, 0, NULL, NULL, 'n', NULL)
--Cross Sales
INSERT INTO Nav_Forms_LDHP_IND( Nav_LDHP_IND_ID, Nav_LDHP_IND, MoveAble, Enabled_044, Sequence_044, Nav_LDHP_IND_044, Nav_Tbl_Tag_044) VALUES ( '3SOTMOM6', 'QE107', 1, 1, 4, 'Cross Sales', NULL)
INSERT INTO Nav_Fields_LDHP_IND( Nav_LDHP_IND_ID, ParentID, FieldName, Enabled_044, Nav_LDHP_IND_044, Script_044, Mandatory_044, Mandatory_Message_044, Default_Value_044, Default_Datatype_044, Tab_Index_044) VALUES ( '3SOTMOM7', '3SOTMOM6', 'QE107_Cmb_Product', 1, 'Product', NULL, 0, NULL, NULL, 't', NULL)
INSERT INTO Nav_Fields_LDHP_IND( Nav_LDHP_IND_ID, ParentID, FieldName, Enabled_044, Nav_LDHP_IND_044, Script_044, Mandatory_044, Mandatory_Message_044, Default_Value_044, Default_Datatype_044, Tab_Index_044) VALUES ( '3SOTMOM8', '3SOTMOM6', 'QE107_Msk_RenewalDate', 1, 'Renewal Date', NULL, 0, NULL, NULL, 'd', NULL)
INSERT INTO Nav_Fields_LDHP_IND( Nav_LDHP_IND_ID, ParentID, FieldName, Enabled_044, Nav_LDHP_IND_044, Script_044, Mandatory_044, Mandatory_Message_044, Default_Value_044, Default_Datatype_044, Tab_Index_044) VALUES ( '3SOTMOM9', '3SOTMOM6', 'QE107_CFd_Premium', 1, 'Premium', NULL, 0, NULL, NULL, 'n', NULL)
INSERT INTO Nav_Fields_LDHP_IND( Nav_LDHP_IND_ID, ParentID, FieldName, Enabled_044, Nav_LDHP_IND_044, Script_044, Mandatory_044, Mandatory_Message_044, Default_Value_044, Default_Datatype_044, Tab_Index_044) VALUES ( '3SOTMOM0', '3SOTMOM6', 'QE107_Cmd_Add', 1, 'Add', NULL, 0, NULL, NULL, 'b', NULL)
INSERT INTO Nav_Fields_LDHP_IND( Nav_LDHP_IND_ID, ParentID, FieldName, Enabled_044, Nav_LDHP_IND_044, Script_044, Mandatory_044, Mandatory_Message_044, Default_Value_044, Default_Datatype_044, Tab_Index_044) VALUES ( '3SOTMOM1', '3SOTMOM6', 'QE107_Cmd_Remove', 1, 'Remove', NULL, 0, NULL, NULL, 'b', NULL)
INSERT INTO Nav_Fields_LDHP_IND( Nav_LDHP_IND_ID, ParentID, FieldName, Enabled_044, Nav_LDHP_IND_044, Script_044, Mandatory_044, Mandatory_Message_044, Default_Value_044, Default_Datatype_044, Tab_Index_044) VALUES ( '3SOTMOM2', '3SOTMOM6', 'QE107_Lvw_Products', 1, 'Product List', NULL, 0, NULL, NULL, 'n', NULL)
INSERT INTO Nav_Fields_LDHP_IND( Nav_LDHP_IND_ID, ParentID, FieldName, Enabled_044, Nav_LDHP_IND_044, Script_044, Mandatory_044, Mandatory_Message_044, Default_Value_044, Default_Datatype_044, Tab_Index_044) VALUES ( '3SOTMOM3', '3SOTMOM6', 'QE107_Cmb_Rating', 1, 'Rating', NULL, 0, NULL, NULL, 't', NULL)
--Extensions of Cover
INSERT INTO Nav_Forms_LDHP_IND( Nav_LDHP_IND_ID, Nav_LDHP_IND, MoveAble, Enabled_044, Sequence_044, Nav_LDHP_IND_044, Nav_Tbl_Tag_044) VALUES ( '3SOTMOM4', 'QE151', 1, 0, 5, 'Extensions of Cover', NULL)
INSERT INTO Nav_Fields_LDHP_IND( Nav_LDHP_IND_ID, ParentID, FieldName, Enabled_044, Nav_LDHP_IND_044, Script_044, Mandatory_044, Mandatory_Message_044, Default_Value_044, Default_Datatype_044, Tab_Index_044) VALUES ( '3SOTMOM5', '3SOTMOM4', 'QE151_Lvw_AddOn', 1, 'Extension List', NULL, 0, NULL, NULL, 'n', NULL)
--Add Ons
INSERT INTO Nav_Forms_LDHP_IND( Nav_LDHP_IND_ID, Nav_LDHP_IND, MoveAble, Enabled_044, Sequence_044, Nav_LDHP_IND_044, Nav_Tbl_Tag_044) VALUES ( '3SOTMON5', 'QE165', 1, 0, 6, 'Add Ons', NULL)
INSERT INTO Nav_Fields_LDHP_IND( Nav_LDHP_IND_ID, ParentID, FieldName, Enabled_044, Nav_LDHP_IND_044, Script_044, Mandatory_044, Mandatory_Message_044, Default_Value_044, Default_Datatype_044, Tab_Index_044) VALUES ( '3SOTMON6', '3SOTMON5', 'QE165_Lvw_AddOn', 1, 'Add On List', NULL, 0, NULL, NULL, 'n', NULL)
--Policy Length
INSERT INTO Nav_Forms_LDHP_IND( Nav_LDHP_IND_ID, Nav_LDHP_IND, MoveAble, Enabled_044, Sequence_044, Nav_LDHP_IND_044, Nav_Tbl_Tag_044) VALUES ( '3SOTMON7', 'frmQE_PolicyLength', 1, 0, 7, 'Policy Length Details', NULL)
INSERT INTO Nav_Forms_LDHP_IND( Nav_LDHP_IND_ID, Nav_LDHP_IND, MoveAble, Enabled_044, Sequence_044, Nav_LDHP_IND_044, Nav_Tbl_Tag_044) VALUES ( '3SOTMON8', 'QE90', 1, 0, 8, 'Payment Plan', NULL)
--FSA
INSERT INTO Nav_Forms_LDHP_IND( Nav_LDHP_IND_ID, Nav_LDHP_IND, MoveAble, Enabled_044, Sequence_044, Nav_LDHP_IND_044, Nav_Tbl_Tag_044) VALUES ( '3SOTMON9', 'frmQE_FSAGeneral', 1, 0, 9, 'General FSA Declaration', NULL)      
    
--Summary
INSERT INTO Nav_Forms_LDHP_IND( Nav_LDHP_IND_ID, Nav_LDHP_IND, MoveAble, Enabled_044, Sequence_044, Nav_LDHP_IND_044, Nav_Tbl_Tag_044) VALUES ( '3SOTMON0', 'QS99', 1, 1, 18, 'Holiday Property Summary', NULL)
GO
  
--Manual Amendment
INSERT INTO Nav_Forms_LDHP_IND( Nav_LDHP_IND_ID, Nav_LDHP_IND, MoveAble, Enabled_044, Sequence_044, Nav_LDHP_IND_044, Nav_Tbl_Tag_044) VALUES ( '3SOTMON1', 'frmQE_ManualAmendment', 0, 0, 1, 'Manual Amendment Prompt', NULL)
GO
  
INSERT INTO Nav_Forms_LDHP_IND( Nav_LDHP_IND_ID, Nav_LDHP_IND, MoveAble, Enabled_044, Sequence_044, Nav_LDHP_IND_044, Nav_Tbl_Tag_044) VALUES ( '3SOTMON2', 'TES_Screen_Builder\\LDHP\frmGENQUEST.tst', 1, 1, 14, 'General Questions', NULL)
          
INSERT INTO Nav_Fields_LDHP_IND( Nav_LDHP_IND_ID, ParentID, FieldName, Enabled_044, Nav_LDHP_IND_044, Script_044, Mandatory_044, Mandatory_Message_044, Default_Value_044, Default_Datatype_044, Tab_Index_044) VALUES ( '3SOTMON3', '3SOTMON2', 'txtDetails', 1, 'Details', NULL, 0, NULL, NULL, 't', NULL)
					
INSERT INTO Nav_Fields_LDHP_IND( Nav_LDHP_IND_ID, ParentID, FieldName, Enabled_044, Nav_LDHP_IND_044, Script_044, Mandatory_044, Mandatory_Message_044, Default_Value_044, Default_Datatype_044, Tab_Index_044) VALUES ( '3SOTMON4', '3SOTMON2', 'chkExtraPre', 1, 'ExtraPre', NULL, 0, NULL, NULL, 'b', NULL)
			
INSERT INTO Nav_Fields_LDHP_IND( Nav_LDHP_IND_ID, ParentID, FieldName, Enabled_044, Nav_LDHP_IND_044, Script_044, Mandatory_044, Mandatory_Message_044, Default_Value_044, Default_Datatype_044, Tab_Index_044) VALUES ( '3SOTMOO4', '3SOTMON2', 'chkCriminalOffence', 1, 'CriminalOffence', NULL, 0, NULL, NULL, 'b', NULL)
			
INSERT INTO Nav_Fields_LDHP_IND( Nav_LDHP_IND_ID, ParentID, FieldName, Enabled_044, Nav_LDHP_IND_044, Script_044, Mandatory_044, Mandatory_Message_044, Default_Value_044, Default_Datatype_044, Tab_Index_044) VALUES ( '3SOTMOO5', '3SOTMON2', 'chkRefOrCancel', 1, 'RefOrCancel', NULL, 0, NULL, NULL, 'b', NULL)
			
INSERT INTO Nav_Forms_LDHP_IND( Nav_LDHP_IND_ID, Nav_LDHP_IND, MoveAble, Enabled_044, Sequence_044, Nav_LDHP_IND_044, Nav_Tbl_Tag_044) VALUES ( '3SOTMOO6', 'TES_Screen_Builder\\LDHP\frmHHDETAIL.tst', 1, 1, 11, 'Holiday Home Details', NULL)
          
INSERT INTO Nav_Fields_LDHP_IND( Nav_LDHP_IND_ID, ParentID, FieldName, Enabled_044, Nav_LDHP_IND_044, Script_044, Mandatory_044, Mandatory_Message_044, Default_Value_044, Default_Datatype_044, Tab_Index_044) VALUES ( '3SOTMOO7', '3SOTMOO6', 'txtYearBuilt', 1, 'YearBuilt', NULL, 0, NULL, NULL, 't', NULL)
					
INSERT INTO Nav_Fields_LDHP_IND( Nav_LDHP_IND_ID, ParentID, FieldName, Enabled_044, Nav_LDHP_IND_044, Script_044, Mandatory_044, Mandatory_Message_044, Default_Value_044, Default_Datatype_044, Tab_Index_044) VALUES ( '3SOTMOO8', '3SOTMOO6', 'txtSleeps', 1, 'txtSleeps', NULL, 0, NULL, NULL, 't', NULL)
					
INSERT INTO Nav_Fields_LDHP_IND( Nav_LDHP_IND_ID, ParentID, FieldName, Enabled_044, Nav_LDHP_IND_044, Script_044, Mandatory_044, Mandatory_Message_044, Default_Value_044, Default_Datatype_044, Tab_Index_044) VALUES ( '3SOTMOO9', '3SOTMOO6', 'chkCNTCover', 1, 'chkCNTCover', NULL, 0, NULL, NULL, 'b', NULL)
			
INSERT INTO Nav_Fields_LDHP_IND( Nav_LDHP_IND_ID, ParentID, FieldName, Enabled_044, Nav_LDHP_IND_044, Script_044, Mandatory_044, Mandatory_Message_044, Default_Value_044, Default_Datatype_044, Tab_Index_044) VALUES ( '3SOTMOO0', '3SOTMOO6', 'chkBLDCover', 1, 'chkBLDCover', NULL, 0, NULL, NULL, 'b', NULL)
			
INSERT INTO Nav_Fields_LDHP_IND( Nav_LDHP_IND_ID, ParentID, FieldName, Enabled_044, Nav_LDHP_IND_044, Script_044, Mandatory_044, Mandatory_Message_044, Default_Value_044, Default_Datatype_044, Tab_Index_044) VALUES ( '3SOTMOO1', '3SOTMOO6', 'chkBldAD', 1, 'chkBldAD', NULL, 0, NULL, NULL, 'b', NULL)
			
INSERT INTO Nav_Fields_LDHP_IND( Nav_LDHP_IND_ID, ParentID, FieldName, Enabled_044, Nav_LDHP_IND_044, Script_044, Mandatory_044, Mandatory_Message_044, Default_Value_044, Default_Datatype_044, Tab_Index_044) VALUES ( '3SOTMOO2', '3SOTMOO6', 'txtContentValue', 1, 'ContentValue', NULL, 0, NULL, NULL, 't', NULL)
					
INSERT INTO Nav_Fields_LDHP_IND( Nav_LDHP_IND_ID, ParentID, FieldName, Enabled_044, Nav_LDHP_IND_044, Script_044, Mandatory_044, Mandatory_Message_044, Default_Value_044, Default_Datatype_044, Tab_Index_044) VALUES ( '3SOTMOP2', '3SOTMOO6', 'chkADPets', 1, 'ADPets', NULL, 0, NULL, NULL, 'b', NULL)
			
INSERT INTO Nav_Fields_LDHP_IND( Nav_LDHP_IND_ID, ParentID, FieldName, Enabled_044, Nav_LDHP_IND_044, Script_044, Mandatory_044, Mandatory_Message_044, Default_Value_044, Default_Datatype_044, Tab_Index_044) VALUES ( '3SOTMOP3', '3SOTMOO6', 'chkADCover', 1, 'ADCover', NULL, 0, NULL, NULL, 'b', NULL)
			
INSERT INTO Nav_Fields_LDHP_IND( Nav_LDHP_IND_ID, ParentID, FieldName, Enabled_044, Nav_LDHP_IND_044, Script_044, Mandatory_044, Mandatory_Message_044, Default_Value_044, Default_Datatype_044, Tab_Index_044) VALUES ( '3SOTMOP4', '3SOTMOO6', 'txtBuildingValue', 1, 'BuildingValue', NULL, 0, NULL, NULL, 't', NULL)
					
INSERT INTO Nav_Fields_LDHP_IND( Nav_LDHP_IND_ID, ParentID, FieldName, Enabled_044, Nav_LDHP_IND_044, Script_044, Mandatory_044, Mandatory_Message_044, Default_Value_044, Default_Datatype_044, Tab_Index_044) VALUES ( '3SOTMOP5', '3SOTMOO6', 'cboHiring', 1, 'cboHiring', NULL, 0, NULL, NULL, 't', NULL)
			
INSERT INTO Nav_Fields_LDHP_IND( Nav_LDHP_IND_ID, ParentID, FieldName, Enabled_044, Nav_LDHP_IND_044, Script_044, Mandatory_044, Mandatory_Message_044, Default_Value_044, Default_Datatype_044, Tab_Index_044) VALUES ( '3SOTMOP6', '3SOTMOO6', 'chkSmokeDetect', 1, 'chkSmokeDetect', NULL, 0, NULL, NULL, 'b', NULL)
			
INSERT INTO Nav_Fields_LDHP_IND( Nav_LDHP_IND_ID, ParentID, FieldName, Enabled_044, Nav_LDHP_IND_044, Script_044, Mandatory_044, Mandatory_Message_044, Default_Value_044, Default_Datatype_044, Tab_Index_044) VALUES ( '3SOTMOP7', '3SOTMOO6', 'cboAlarm', 1, 'cboAlarm', NULL, 0, NULL, NULL, 't', NULL)
			
INSERT INTO Nav_Fields_LDHP_IND( Nav_LDHP_IND_ID, ParentID, FieldName, Enabled_044, Nav_LDHP_IND_044, Script_044, Mandatory_044, Mandatory_Message_044, Default_Value_044, Default_Datatype_044, Tab_Index_044) VALUES ( '3SOTMOP8', '3SOTMOO6', 'cboBusUse', 1, 'BusUse', NULL, 0, NULL, NULL, 't', NULL)
			
INSERT INTO Nav_Fields_LDHP_IND( Nav_LDHP_IND_ID, ParentID, FieldName, Enabled_044, Nav_LDHP_IND_044, Script_044, Mandatory_044, Mandatory_Message_044, Default_Value_044, Default_Datatype_044, Tab_Index_044) VALUES ( '3SOTMOP9', '3SOTMOO6', 'cboUnoccupancy', 1, 'Unoccupancy', NULL, 0, NULL, NULL, 't', NULL)
			
INSERT INTO Nav_Fields_LDHP_IND( Nav_LDHP_IND_ID, ParentID, FieldName, Enabled_044, Nav_LDHP_IND_044, Script_044, Mandatory_044, Mandatory_Message_044, Default_Value_044, Default_Datatype_044, Tab_Index_044) VALUES ( '3SOTMOP0', '3SOTMOO6', 'chkGSRepair', 1, 'GSRepair', NULL, 0, NULL, NULL, 'b', NULL)
			
INSERT INTO Nav_Fields_LDHP_IND( Nav_LDHP_IND_ID, ParentID, FieldName, Enabled_044, Nav_LDHP_IND_044, Script_044, Mandatory_044, Mandatory_Message_044, Default_Value_044, Default_Datatype_044, Tab_Index_044) VALUES ( '3SOTMOP1', '3SOTMOO6', 'chkWaterSwitch', 1, 'WaterSwitch', NULL, 0, NULL, NULL, 'b', NULL)
			
INSERT INTO Nav_Fields_LDHP_IND( Nav_LDHP_IND_ID, ParentID, FieldName, Enabled_044, Nav_LDHP_IND_044, Script_044, Mandatory_044, Mandatory_Message_044, Default_Value_044, Default_Datatype_044, Tab_Index_044) VALUES ( '3SOTMOQ1', '3SOTMOO6', 'chkSCEntrance', 1, 'SCEntrance', NULL, 0, NULL, NULL, 'b', NULL)
			
INSERT INTO Nav_Fields_LDHP_IND( Nav_LDHP_IND_ID, ParentID, FieldName, Enabled_044, Nav_LDHP_IND_044, Script_044, Mandatory_044, Mandatory_Message_044, Default_Value_044, Default_Datatype_044, Tab_Index_044) VALUES ( '3SOTMOQ2', '3SOTMOO6', 'chkWindowLocks', 1, 'WindowLocks', NULL, 0, NULL, NULL, 'b', NULL)
			
INSERT INTO Nav_Fields_LDHP_IND( Nav_LDHP_IND_ID, ParentID, FieldName, Enabled_044, Nav_LDHP_IND_044, Script_044, Mandatory_044, Mandatory_Message_044, Default_Value_044, Default_Datatype_044, Tab_Index_044) VALUES ( '3SOTMOQ3', '3SOTMOO6', 'chkDoorsLocked', 1, 'DoorsLocked', NULL, 0, NULL, NULL, 'b', NULL)
			
INSERT INTO Nav_Fields_LDHP_IND( Nav_LDHP_IND_ID, ParentID, FieldName, Enabled_044, Nav_LDHP_IND_044, Script_044, Mandatory_044, Mandatory_Message_044, Default_Value_044, Default_Datatype_044, Tab_Index_044) VALUES ( '3SOTMOQ4', '3SOTMOO6', 'txtNumofBedrooms', 1, 'NumofBedrooms', NULL, 0, NULL, NULL, 't', NULL)
					
INSERT INTO Nav_Fields_LDHP_IND( Nav_LDHP_IND_ID, ParentID, FieldName, Enabled_044, Nav_LDHP_IND_044, Script_044, Mandatory_044, Mandatory_Message_044, Default_Value_044, Default_Datatype_044, Tab_Index_044) VALUES ( '3SOTMOQ5', '3SOTMOO6', 'cboWallConst', 1, 'WallConst', NULL, 0, NULL, NULL, 't', NULL)
			
INSERT INTO Nav_Fields_LDHP_IND( Nav_LDHP_IND_ID, ParentID, FieldName, Enabled_044, Nav_LDHP_IND_044, Script_044, Mandatory_044, Mandatory_Message_044, Default_Value_044, Default_Datatype_044, Tab_Index_044) VALUES ( '3SOTMOQ6', '3SOTMOO6', 'cboRoofConst', 1, 'RoofConst', NULL, 0, NULL, NULL, 't', NULL)
			
INSERT INTO Nav_Fields_LDHP_IND( Nav_LDHP_IND_ID, ParentID, FieldName, Enabled_044, Nav_LDHP_IND_044, Script_044, Mandatory_044, Mandatory_Message_044, Default_Value_044, Default_Datatype_044, Tab_Index_044) VALUES ( '3SOTMOQ7', '3SOTMOO6', 'cboFlatOrFelt', 1, 'FlatOrFelt', NULL, 0, NULL, NULL, 't', NULL)
			
INSERT INTO Nav_Fields_LDHP_IND( Nav_LDHP_IND_ID, ParentID, FieldName, Enabled_044, Nav_LDHP_IND_044, Script_044, Mandatory_044, Mandatory_Message_044, Default_Value_044, Default_Datatype_044, Tab_Index_044) VALUES ( '3SOTMOQ8', '3SOTMOO6', 'cboListStatus', 1, 'ListStatus', NULL, 0, NULL, NULL, 't', NULL)
			
INSERT INTO Nav_Fields_LDHP_IND( Nav_LDHP_IND_ID, ParentID, FieldName, Enabled_044, Nav_LDHP_IND_044, Script_044, Mandatory_044, Mandatory_Message_044, Default_Value_044, Default_Datatype_044, Tab_Index_044) VALUES ( '3SOTMOQ9', '3SOTMOO6', 'cboTypeOfProperty', 1, 'TypeOfProperty', NULL, 0, NULL, NULL, 't', NULL)
			
INSERT INTO Nav_Fields_LDHP_IND( Nav_LDHP_IND_ID, ParentID, FieldName, Enabled_044, Nav_LDHP_IND_044, Script_044, Mandatory_044, Mandatory_Message_044, Default_Value_044, Default_Datatype_044, Tab_Index_044) VALUES ( '3SOTMOQ0', '3SOTMOO6', 'cmdPostSearch', 1, 'PostSearch', NULL, 0, NULL, NULL, 'b', NULL)
			
INSERT INTO Nav_Fields_LDHP_IND( Nav_LDHP_IND_ID, ParentID, FieldName, Enabled_044, Nav_LDHP_IND_044, Script_044, Mandatory_044, Mandatory_Message_044, Default_Value_044, Default_Datatype_044, Tab_Index_044) VALUES ( '3SOTMOR0', '3SOTMOO6', 'txtCountry', 1, 'Country', NULL, 0, NULL, NULL, 't', NULL)
					
INSERT INTO Nav_Fields_LDHP_IND( Nav_LDHP_IND_ID, ParentID, FieldName, Enabled_044, Nav_LDHP_IND_044, Script_044, Mandatory_044, Mandatory_Message_044, Default_Value_044, Default_Datatype_044, Tab_Index_044) VALUES ( '3SOTMOR1', '3SOTMOO6', 'txtCounty', 1, 'County', NULL, 0, NULL, NULL, 't', NULL)
					
INSERT INTO Nav_Fields_LDHP_IND( Nav_LDHP_IND_ID, ParentID, FieldName, Enabled_044, Nav_LDHP_IND_044, Script_044, Mandatory_044, Mandatory_Message_044, Default_Value_044, Default_Datatype_044, Tab_Index_044) VALUES ( '3SOTMOR2', '3SOTMOO6', 'txtCity', 1, 'City', NULL, 0, NULL, NULL, 't', NULL)
					
INSERT INTO Nav_Fields_LDHP_IND( Nav_LDHP_IND_ID, ParentID, FieldName, Enabled_044, Nav_LDHP_IND_044, Script_044, Mandatory_044, Mandatory_Message_044, Default_Value_044, Default_Datatype_044, Tab_Index_044) VALUES ( '3SOTMOR3', '3SOTMOO6', 'txtLocality', 1, 'Locality', NULL, 0, NULL, NULL, 't', NULL)
					
INSERT INTO Nav_Fields_LDHP_IND( Nav_LDHP_IND_ID, ParentID, FieldName, Enabled_044, Nav_LDHP_IND_044, Script_044, Mandatory_044, Mandatory_Message_044, Default_Value_044, Default_Datatype_044, Tab_Index_044) VALUES ( '3SOTMOR4', '3SOTMOO6', 'txtStreet', 1, 'Street', NULL, 0, NULL, NULL, 't', NULL)
					
INSERT INTO Nav_Fields_LDHP_IND( Nav_LDHP_IND_ID, ParentID, FieldName, Enabled_044, Nav_LDHP_IND_044, Script_044, Mandatory_044, Mandatory_Message_044, Default_Value_044, Default_Datatype_044, Tab_Index_044) VALUES ( '3SOTMOR5', '3SOTMOO6', 'txtHouse', 1, 'House', NULL, 0, NULL, NULL, 't', NULL)
					
INSERT INTO Nav_Fields_LDHP_IND( Nav_LDHP_IND_ID, ParentID, FieldName, Enabled_044, Nav_LDHP_IND_044, Script_044, Mandatory_044, Mandatory_Message_044, Default_Value_044, Default_Datatype_044, Tab_Index_044) VALUES ( '3SOTMOR6', '3SOTMOO6', 'txtPostcode', 1, 'Postcode', NULL, 0, NULL, NULL, 't', NULL)
					
INSERT INTO Nav_Forms_LDHP_IND( Nav_LDHP_IND_ID, Nav_LDHP_IND, MoveAble, Enabled_044, Sequence_044, Nav_LDHP_IND_044, Nav_Tbl_Tag_044) VALUES ( '3SOTMOR7', 'TES_Screen_Builder\\LDHP\frmHPCLAIM.tst', 1, 1, 12, 'Claim Details', NULL)
          
INSERT INTO Nav_Fields_LDHP_IND( Nav_LDHP_IND_ID, ParentID, FieldName, Enabled_044, Nav_LDHP_IND_044, Script_044, Mandatory_044, Mandatory_Message_044, Default_Value_044, Default_Datatype_044, Tab_Index_044) VALUES ( '3SOTMOR8', '3SOTMOR7', 'cboAppSection', 1, 'cboAppSection', NULL, 0, NULL, NULL, 't', NULL)
			
INSERT INTO Nav_Fields_LDHP_IND( Nav_LDHP_IND_ID, ParentID, FieldName, Enabled_044, Nav_LDHP_IND_044, Script_044, Mandatory_044, Mandatory_Message_044, Default_Value_044, Default_Datatype_044, Tab_Index_044) VALUES ( '3SOTMOS8', '3SOTMOR7', 'chkIncOnPol', 1, 'IncOnPol', NULL, 0, NULL, NULL, 'b', NULL)
			
INSERT INTO Nav_Fields_LDHP_IND( Nav_LDHP_IND_ID, ParentID, FieldName, Enabled_044, Nav_LDHP_IND_044, Script_044, Mandatory_044, Mandatory_Message_044, Default_Value_044, Default_Datatype_044, Tab_Index_044) VALUES ( '3SOTMOS9', '3SOTMOR7', 'chkNCDPrejudiced', 1, 'NCDPrejudiced', NULL, 0, NULL, NULL, 'b', NULL)
			
INSERT INTO Nav_Fields_LDHP_IND( Nav_LDHP_IND_ID, ParentID, FieldName, Enabled_044, Nav_LDHP_IND_044, Script_044, Mandatory_044, Mandatory_Message_044, Default_Value_044, Default_Datatype_044, Tab_Index_044) VALUES ( '3SOTMOS0', '3SOTMOR7', 'txtLegalRef', 1, 'LegalRef', NULL, 0, NULL, NULL, 't', NULL)
					
INSERT INTO Nav_Fields_LDHP_IND( Nav_LDHP_IND_ID, ParentID, FieldName, Enabled_044, Nav_LDHP_IND_044, Script_044, Mandatory_044, Mandatory_Message_044, Default_Value_044, Default_Datatype_044, Tab_Index_044) VALUES ( '3SOTMOS1', '3SOTMOR7', 'txtSettledAmount', 1, 'SettledAmount', NULL, 0, NULL, NULL, 't', NULL)
					
INSERT INTO Nav_Fields_LDHP_IND( Nav_LDHP_IND_ID, ParentID, FieldName, Enabled_044, Nav_LDHP_IND_044, Script_044, Mandatory_044, Mandatory_Message_044, Default_Value_044, Default_Datatype_044, Tab_Index_044) VALUES ( '3SOTMOS2', '3SOTMOR7', 'mskSettledDate', 1, 'SettledDate', NULL, 0, NULL, NULL, 'd', NULL)
			
INSERT INTO Nav_Fields_LDHP_IND( Nav_LDHP_IND_ID, ParentID, FieldName, Enabled_044, Nav_LDHP_IND_044, Script_044, Mandatory_044, Mandatory_Message_044, Default_Value_044, Default_Datatype_044, Tab_Index_044) VALUES ( '3SOTMOS3', '3SOTMOR7', 'txtClaimAmount', 1, 'ClaimAmount', NULL, 0, NULL, NULL, 't', NULL)
					
INSERT INTO Nav_Fields_LDHP_IND( Nav_LDHP_IND_ID, ParentID, FieldName, Enabled_044, Nav_LDHP_IND_044, Script_044, Mandatory_044, Mandatory_Message_044, Default_Value_044, Default_Datatype_044, Tab_Index_044) VALUES ( '3SOTMOS4', '3SOTMOR7', 'txtClaimDesc', 1, 'ClaimDesc', NULL, 0, NULL, NULL, 't', NULL)
					
INSERT INTO Nav_Fields_LDHP_IND( Nav_LDHP_IND_ID, ParentID, FieldName, Enabled_044, Nav_LDHP_IND_044, Script_044, Mandatory_044, Mandatory_Message_044, Default_Value_044, Default_Datatype_044, Tab_Index_044) VALUES ( '3SOTMOS5', '3SOTMOR7', 'cboClaimStatus', 1, 'ClaimStatus', NULL, 0, NULL, NULL, 't', NULL)
			
INSERT INTO Nav_Fields_LDHP_IND( Nav_LDHP_IND_ID, ParentID, FieldName, Enabled_044, Nav_LDHP_IND_044, Script_044, Mandatory_044, Mandatory_Message_044, Default_Value_044, Default_Datatype_044, Tab_Index_044) VALUES ( '3SOTMOS6', '3SOTMOR7', 'cboClaimDetail', 1, 'ClaimDetail', NULL, 0, NULL, NULL, 't', NULL)
			
INSERT INTO Nav_Fields_LDHP_IND( Nav_LDHP_IND_ID, ParentID, FieldName, Enabled_044, Nav_LDHP_IND_044, Script_044, Mandatory_044, Mandatory_Message_044, Default_Value_044, Default_Datatype_044, Tab_Index_044) VALUES ( '3SOTMOS7', '3SOTMOR7', 'cboClaimType', 1, 'ClaimType', NULL, 0, NULL, NULL, 't', NULL)
			
INSERT INTO Nav_Fields_LDHP_IND( Nav_LDHP_IND_ID, ParentID, FieldName, Enabled_044, Nav_LDHP_IND_044, Script_044, Mandatory_044, Mandatory_Message_044, Default_Value_044, Default_Datatype_044, Tab_Index_044) VALUES ( '3SOTMOT7', '3SOTMOR7', 'mskIncidentDate', 1, 'IncidentDate', NULL, 0, NULL, NULL, 'd', NULL)
			
INSERT INTO Nav_Fields_LDHP_IND( Nav_LDHP_IND_ID, ParentID, FieldName, Enabled_044, Nav_LDHP_IND_044, Script_044, Mandatory_044, Mandatory_Message_044, Default_Value_044, Default_Datatype_044, Tab_Index_044) VALUES ( '3SOTMOT8', '3SOTMOR7', 'txtClaimRef', 1, 'ClaimRef', NULL, 0, NULL, NULL, 't', NULL)
					
INSERT INTO Nav_Forms_LDHP_IND( Nav_LDHP_IND_ID, Nav_LDHP_IND, MoveAble, Enabled_044, Sequence_044, Nav_LDHP_IND_044, Nav_Tbl_Tag_044) VALUES ( '3SOTMOT9', 'TES_Screen_Builder\\LDHP\frmXSANDNCD.tst', 1, 1, 13, 'Excess and NCD Details', NULL)
          
INSERT INTO Nav_Fields_LDHP_IND( Nav_LDHP_IND_ID, ParentID, FieldName, Enabled_044, Nav_LDHP_IND_044, Script_044, Mandatory_044, Mandatory_Message_044, Default_Value_044, Default_Datatype_044, Tab_Index_044) VALUES ( '3SOTMOT0', '3SOTMOT9', 'cboNCD', 1, 'NCD', NULL, 0, NULL, NULL, 't', NULL)
			
INSERT INTO Nav_Fields_LDHP_IND( Nav_LDHP_IND_ID, ParentID, FieldName, Enabled_044, Nav_LDHP_IND_044, Script_044, Mandatory_044, Mandatory_Message_044, Default_Value_044, Default_Datatype_044, Tab_Index_044) VALUES ( '3SOTMOT1', '3SOTMOT9', 'cboExcess', 1, 'Excess', NULL, 0, NULL, NULL, 't', NULL)
			
INSERT INTO Nav_Forms_LDHP_IND( Nav_LDHP_IND_ID, Nav_LDHP_IND, MoveAble, Enabled_044, Sequence_044, Nav_LDHP_IND_044, Nav_Tbl_Tag_044) VALUES ( '3SOTMOT2', 'TES_Screen_Builder\\LDHP\frmPropDet.tst', 1, 1, 10, 'Proposer Details', NULL)
          
INSERT INTO Nav_Fields_LDHP_IND( Nav_LDHP_IND_ID, ParentID, FieldName, Enabled_044, Nav_LDHP_IND_044, Script_044, Mandatory_044, Mandatory_Message_044, Default_Value_044, Default_Datatype_044, Tab_Index_044) VALUES ( '3SOTMOT3', '3SOTMOT2', 'cmdOccuRemove', 1, 'OccuRemove', NULL, 0, NULL, NULL, 'b', NULL)
			
INSERT INTO Nav_Fields_LDHP_IND( Nav_LDHP_IND_ID, ParentID, FieldName, Enabled_044, Nav_LDHP_IND_044, Script_044, Mandatory_044, Mandatory_Message_044, Default_Value_044, Default_Datatype_044, Tab_Index_044) VALUES ( '3SOTMOT4', '3SOTMOT2', 'cmdOccuEdit', 1, 'OccuEdit', NULL, 0, NULL, NULL, 'b', NULL)
			
INSERT INTO Nav_Fields_LDHP_IND( Nav_LDHP_IND_ID, ParentID, FieldName, Enabled_044, Nav_LDHP_IND_044, Script_044, Mandatory_044, Mandatory_Message_044, Default_Value_044, Default_Datatype_044, Tab_Index_044) VALUES ( '3SOTMOT5', '3SOTMOT2', 'cmdoCCUaDD', 1, 'OccuAdd', NULL, 0, NULL, NULL, 'b', NULL)
			
INSERT INTO Nav_Fields_LDHP_IND( Nav_LDHP_IND_ID, ParentID, FieldName, Enabled_044, Nav_LDHP_IND_044, Script_044, Mandatory_044, Mandatory_Message_044, Default_Value_044, Default_Datatype_044, Tab_Index_044) VALUES ( '3SOTMOU5', '3SOTMOT2', 'lvwOccList', 1, 'Occupation List', NULL, 0, NULL, NULL, 'n', NULL)
			
INSERT INTO Nav_Fields_LDHP_IND( Nav_LDHP_IND_ID, ParentID, FieldName, Enabled_044, Nav_LDHP_IND_044, Script_044, Mandatory_044, Mandatory_Message_044, Default_Value_044, Default_Datatype_044, Tab_Index_044) VALUES ( '3SOTMOU6', '3SOTMOT2', 'cboRelationship', 1, 'Relationship', NULL, 0, NULL, NULL, 't', NULL)
			
INSERT INTO Nav_Fields_LDHP_IND( Nav_LDHP_IND_ID, ParentID, FieldName, Enabled_044, Nav_LDHP_IND_044, Script_044, Mandatory_044, Mandatory_Message_044, Default_Value_044, Default_Datatype_044, Tab_Index_044) VALUES ( '3SOTMOU7', '3SOTMOT2', 'cboMarital', 1, 'Marital', NULL, 0, NULL, NULL, 't', NULL)
			
INSERT INTO Nav_Fields_LDHP_IND( Nav_LDHP_IND_ID, ParentID, FieldName, Enabled_044, Nav_LDHP_IND_044, Script_044, Mandatory_044, Mandatory_Message_044, Default_Value_044, Default_Datatype_044, Tab_Index_044) VALUES ( '3SOTMOU8', '3SOTMOT2', 'txtAGe', 1, 'Age', NULL, 0, NULL, NULL, 't', NULL)
					
INSERT INTO Nav_Fields_LDHP_IND( Nav_LDHP_IND_ID, ParentID, FieldName, Enabled_044, Nav_LDHP_IND_044, Script_044, Mandatory_044, Mandatory_Message_044, Default_Value_044, Default_Datatype_044, Tab_Index_044) VALUES ( '3SOTMOU9', '3SOTMOT2', 'mskDOB', 1, 'DOB', NULL, 0, NULL, NULL, 'd', NULL)
			
INSERT INTO Nav_Fields_LDHP_IND( Nav_LDHP_IND_ID, ParentID, FieldName, Enabled_044, Nav_LDHP_IND_044, Script_044, Mandatory_044, Mandatory_Message_044, Default_Value_044, Default_Datatype_044, Tab_Index_044) VALUES ( '3SOTMOU0', '3SOTMOT2', 'txtSurname', 1, 'Surname', NULL, 0, NULL, NULL, 't', NULL)
					
INSERT INTO Nav_Fields_LDHP_IND( Nav_LDHP_IND_ID, ParentID, FieldName, Enabled_044, Nav_LDHP_IND_044, Script_044, Mandatory_044, Mandatory_Message_044, Default_Value_044, Default_Datatype_044, Tab_Index_044) VALUES ( '3SOTMOU1', '3SOTMOT2', 'txtInitials', 1, 'Initials', NULL, 0, NULL, NULL, 't', NULL)
					
INSERT INTO Nav_Fields_LDHP_IND( Nav_LDHP_IND_ID, ParentID, FieldName, Enabled_044, Nav_LDHP_IND_044, Script_044, Mandatory_044, Mandatory_Message_044, Default_Value_044, Default_Datatype_044, Tab_Index_044) VALUES ( '3SOTMOU2', '3SOTMOT2', 'txtForename', 1, 'Forename', NULL, 0, NULL, NULL, 't', NULL)
					
INSERT INTO Nav_Fields_LDHP_IND( Nav_LDHP_IND_ID, ParentID, FieldName, Enabled_044, Nav_LDHP_IND_044, Script_044, Mandatory_044, Mandatory_Message_044, Default_Value_044, Default_Datatype_044, Tab_Index_044) VALUES ( '3SOTMOU3', '3SOTMOT2', 'cboTitle', 1, 'Title', NULL, 0, NULL, NULL, 't', NULL)
			
INSERT INTO Nav_Fields_LDHP_IND( Nav_LDHP_IND_ID, ParentID, FieldName, Enabled_044, Nav_LDHP_IND_044, Script_044, Mandatory_044, Mandatory_Message_044, Default_Value_044, Default_Datatype_044, Tab_Index_044) VALUES ( '3SOTMOU4', '3SOTMOT2', 'optFemale', 1, 'Female', NULL, 0, NULL, NULL, 'b', NULL)
			
INSERT INTO Nav_Fields_LDHP_IND( Nav_LDHP_IND_ID, ParentID, FieldName, Enabled_044, Nav_LDHP_IND_044, Script_044, Mandatory_044, Mandatory_Message_044, Default_Value_044, Default_Datatype_044, Tab_Index_044) VALUES ( '3SOTMOV4', '3SOTMOT2', 'optMale', 1, 'Male', NULL, 0, NULL, NULL, 'b', NULL)
			
INSERT INTO Nav_Forms_LDHP_IND( Nav_LDHP_IND_ID, Nav_LDHP_IND, MoveAble, Enabled_044, Sequence_044, Nav_LDHP_IND_044, Nav_Tbl_Tag_044) VALUES ( '3SOTMOV5', 'TES_Screen_Builder\\LDHP\frmEXTCOV.tst', 1, 1, 9, 'Extensions Of Cover', NULL)
          
INSERT INTO Nav_Fields_LDHP_IND( Nav_LDHP_IND_ID, ParentID, FieldName, Enabled_044, Nav_LDHP_IND_044, Script_044, Mandatory_044, Mandatory_Message_044, Default_Value_044, Default_Datatype_044, Tab_Index_044) VALUES ( '3SOTMOV6', '3SOTMOV5', 'txtPropOnCover', 1, 'txtPropOnCover', NULL, 0, NULL, NULL, 't', NULL)
					
INSERT INTO Nav_Fields_LDHP_IND( Nav_LDHP_IND_ID, ParentID, FieldName, Enabled_044, Nav_LDHP_IND_044, Script_044, Mandatory_044, Mandatory_Message_044, Default_Value_044, Default_Datatype_044, Tab_Index_044) VALUES ( '3SOTMOV7', '3SOTMOV5', 'cboRSADiscoun', 1, 'cboRSADiscoun', NULL, 0, NULL, NULL, 't', NULL)
			
INSERT INTO Nav_Forms_LDHP_IND( Nav_LDHP_IND_ID, Nav_LDHP_IND, MoveAble, Enabled_044, Sequence_044, Nav_LDHP_IND_044, Nav_Tbl_Tag_044) VALUES ( '3SOTMOV8', 'TES_Screen_Builder\\LDHP\frmOCCUPAT.tst', 1, 1, 9, 'Occupation Details', NULL)
          
INSERT INTO Nav_Fields_LDHP_IND( Nav_LDHP_IND_ID, ParentID, FieldName, Enabled_044, Nav_LDHP_IND_044, Script_044, Mandatory_044, Mandatory_Message_044, Default_Value_044, Default_Datatype_044, Tab_Index_044) VALUES ( '3SOTMOV9', '3SOTMOV8', 'chkPartTime', 1, 'PartTime', NULL, 0, NULL, NULL, 'b', NULL)
			
INSERT INTO Nav_Fields_LDHP_IND( Nav_LDHP_IND_ID, ParentID, FieldName, Enabled_044, Nav_LDHP_IND_044, Script_044, Mandatory_044, Mandatory_Message_044, Default_Value_044, Default_Datatype_044, Tab_Index_044) VALUES ( '3SOTMOV0', '3SOTMOV8', 'cboEmpStatus', 1, 'EmpStatus', NULL, 0, NULL, NULL, 't', NULL)
			
INSERT INTO Nav_Fields_LDHP_IND( Nav_LDHP_IND_ID, ParentID, FieldName, Enabled_044, Nav_LDHP_IND_044, Script_044, Mandatory_044, Mandatory_Message_044, Default_Value_044, Default_Datatype_044, Tab_Index_044) VALUES ( '3SOTMOV1', '3SOTMOV8', 'cboEmployersBus', 1, 'EmployersBusiness', NULL, 0, NULL, NULL, 't', NULL)
			
INSERT INTO Nav_Fields_LDHP_IND( Nav_LDHP_IND_ID, ParentID, FieldName, Enabled_044, Nav_LDHP_IND_044, Script_044, Mandatory_044, Mandatory_Message_044, Default_Value_044, Default_Datatype_044, Tab_Index_044) VALUES ( '3SOTMOV2', '3SOTMOV8', 'cboOccupation', 1, 'Occupation', NULL, 0, NULL, NULL, 't', NULL)
			
    
  GO  

    
  GO  

    
  GO  
				    		
			
DECLARE @TABLENAME VARCHAR(50)
DECLARE @TABLESUFFIX VARCHAR(50)
DECLARE @SQL VARCHAR(8000)

DECLARE PERMISSION_CURSOR CURSOR FOR SELECT NAME FROM SYSOBJECTS WHERE NAME LIKE 'NAV_FORMS_LDHP%'

	  OPEN PERMISSION_CURSOR

	  FETCH NEXT FROM PERMISSION_CURSOR INTO @TABLENAME

	  WHILE @@FETCH_STATUS = 0
	  BEGIN
	  SELECT @TABLESUFFIX = SUBSTRING(@TABLENAME, LEN('NAV_FORMS_') + 1, LEN(@TABLENAME) - LEN('NAV_FORMS_'))
	  SELECT @SQL = 'DELETE NAV_PERM_' + @TABLESUFFIX
	  EXEC (@SQL)
	  SELECT @SQL = 'INSERT INTO NAV_PERM_' + @TABLESUFFIX + ' SELECT NEWID(), NAV_' + @TABLESUFFIX + '_ID, ROLE_ID FROM NAV_FIELDS_' + @TABLESUFFIX + ', SYSTEM_ROLE WHERE ENABLED_044 = 1'
	  EXEC (@SQL)

	  FETCH NEXT FROM PERMISSION_CURSOR INTO @TABLENAME

	  END

	  CLOSE PERMISSION_CURSOR
	  DEALLOCATE PERMISSION_CURSOR
	  GO

	  --Get Base navigation table from System_RM_Partner
	  DECLARE @TABLENAME VARCHAR(50)
	  DECLARE @TABLESUFFIX VARCHAR(50)
	  DECLARE @SQL VARCHAR(8000)

	  DECLARE TABLE_CURSOR CURSOR FAST_FORWARD FOR
	  SELECT BASENAVTABLE FROM RM_Partner

	  OPEN TABLE_CURSOR

	  FETCH NEXT FROM TABLE_CURSOR INTO @TABLENAME

	  WHILE @@FETCH_STATUS = 0
	  BEGIN
	SELECT @TABLESUFFIX = SUBSTRING(@TABLENAME, LEN('NAV_FORMS_') + 1, LEN(@TABLENAME) - LEN('NAV_FORMS_'))

	SELECT @SQL = 'DECLARE @SEQUENCE044 AS int'
	SELECT @SQL = @SQL + Char(13) + 'SELECT @SEQUENCE044 = IsNull(Max(SEQUENCE_044) + 1, 1) FROM NAV_FORMS_' + @TABLESUFFIX
	
	SELECT @SQL = @SQL + Char(13) + 'IF NOT EXISTS (SELECT NAV_' + @TABLESUFFIX + '_ID FROM NAV_FORMS_' + @TABLESUFFIX + ' WHERE NAV_' + @TABLESUFFIX + ' = ''&+LDHP_NEW'')' 
	SELECT @SQL = @SQL + Char(13) + 'INSERT NAV_FORMS_' + @TABLESUFFIX + ' VALUES (''3SOTMOV3'',''&+LDHP_NEW'',0,1,@SEQUENCE044,''Holiday Property New Quote Screens'',NULL)'
	
	SELECT @SQL = @SQL + Char(13) + 'IF NOT EXISTS (SELECT NAV_' + @TABLESUFFIX + '_ID FROM NAV_FORMS_' + @TABLESUFFIX + ' WHERE NAV_' + @TABLESUFFIX + ' = ''&+LDHP_ADD'')' 
	SELECT @SQL = @SQL + Char(13) + 'INSERT NAV_FORMS_' + @TABLESUFFIX + ' VALUES (''3SOTMP03'',''&+LDHP_ADD'',0,1,@SEQUENCE044+1,''Holiday Property Add Quote Screens'',NULL)'
	
	SELECT @SQL = @SQL + Char(13) + 'IF NOT EXISTS (SELECT NAV_' + @TABLESUFFIX + '_ID FROM NAV_FORMS_' + @TABLESUFFIX + ' WHERE NAV_' + @TABLESUFFIX + ' = ''&+LDHP_QUICK'')'
	SELECT @SQL = @SQL + Char(13) + 'INSERT NAV_FORMS_' + @TABLESUFFIX + ' VALUES (''3SOTMP04'',''&+LDHP_QUICK'',0,1,@SEQUENCE044+2,''Holiday Property Quick Quote Screens'',NULL)'
  
  SELECT @SQL = @SQL + Char(13) + 'IF NOT EXISTS (SELECT NAV_' + @TABLESUFFIX + '_ID FROM NAV_FORMS_' + @TABLESUFFIX + ' WHERE NAV_' + @TABLESUFFIX + ' = ''&+LDHP_PST'')'
	SELECT @SQL = @SQL + Char(13) + 'INSERT NAV_FORMS_' + @TABLESUFFIX + ' VALUES (''3SOTMP05'',''&+LDHP_PST'',0,1,@SEQUENCE044+3,''Holiday Property Post Quote Screens'',NULL)'
	
	SELECT @SQL = @SQL + Char(13) + 'IF NOT EXISTS (SELECT NAV_' + @TABLESUFFIX + '_ID FROM NAV_FORMS_' + @TABLESUFFIX + ' WHERE NAV_' + @TABLESUFFIX + ' = ''&+LDHP_IND'')'
	SELECT @SQL = @SQL + Char(13) + 'INSERT NAV_FORMS_' + @TABLESUFFIX + ' VALUES (''3SOTMP06'',''&+LDHP_IND'',0,1,@SEQUENCE044+4,''Holiday Property Independent Screens'',NULL)'	
	
	EXEC (@SQL)
	
	FETCH NEXT FROM TABLE_CURSOR INTO @TABLENAME
END

CLOSE TABLE_CURSOR
DEALLOCATE TABLE_CURSOR
GO

--User Tables
		
				
if exists (select * from dbo.sysobjects where id = object_id(N'[dbo].[USER_LDHP_GENQUEST]') and OBJECTPROPERTY(id, N'IsUserTable') = 1)
	drop table [dbo].[USER_LDHP_GENQUEST]
GO
			
				
if exists (select * from dbo.sysobjects where id = object_id(N'[dbo].[USER_LDHP_HHDETAIL]') and OBJECTPROPERTY(id, N'IsUserTable') = 1)
	drop table [dbo].[USER_LDHP_HHDETAIL]
GO
			
				
if exists (select * from dbo.sysobjects where id = object_id(N'[dbo].[USER_LDHP_HPCLAIM]') and OBJECTPROPERTY(id, N'IsUserTable') = 1)
	drop table [dbo].[USER_LDHP_HPCLAIM]
GO
			
				
if exists (select * from dbo.sysobjects where id = object_id(N'[dbo].[USER_LDHP_XSANDNCD]') and OBJECTPROPERTY(id, N'IsUserTable') = 1)
	drop table [dbo].[USER_LDHP_XSANDNCD]
GO
			
				
if exists (select * from dbo.sysobjects where id = object_id(N'[dbo].[USER_LDHP_OCCUPAT]') and OBJECTPROPERTY(id, N'IsUserTable') = 1)
	drop table [dbo].[USER_LDHP_OCCUPAT]
GO
											
				
if exists (select * from dbo.sysobjects where id = object_id(N'[dbo].[USER_LDHP_PROPDET]') and OBJECTPROPERTY(id, N'IsUserTable') = 1)
	drop table [dbo].[USER_LDHP_PROPDET]
GO					
			
				
if exists (select * from dbo.sysobjects where id = object_id(N'[dbo].[USER_LDHP_EXTCOV]') and OBJECTPROPERTY(id, N'IsUserTable') = 1)
	drop table [dbo].[USER_LDHP_EXTCOV]
GO
			
CREATE TABLE [dbo].[USER_LDHP_GENQUEST] (	
	[LDHP_GENQUEST_ID] [CHAR] (32) NOT NULL ,
	[HISTORY_ID] [INT] NOT NULL ,
	[POLICY_DETAILS_ID] [CHAR] (32) NOT NULL,
    [DETAILS] [VARCHAR] (800) NULL,
    [EXTRAPRE] [BIT] NULL,
    [CRIMINALOFFENCE] [BIT] NULL,
    [REFORCANCEL] [BIT] NULL,
    
	[USERINSTANCE] [INT] NULL
) ON [PRIMARY]
GO


ALTER TABLE [dbo].[USER_LDHP_GENQUEST] WITH NOCHECK ADD 
	CONSTRAINT [PK_U_LDHP_GENQUEST] PRIMARY KEY  CLUSTERED 
	(
		[LDHP_GENQUEST_ID],
		[HISTORY_ID]
	)  ON [PRIMARY] 
GO


ALTER TABLE [dbo].[USER_LDHP_GENQUEST] WITH NOCHECK ADD 				
	CONSTRAINT [DF_ULDHP_GENQUEST3SOTMP08] DEFAULT (0) FOR [EXTRAPRE]
GO
ALTER TABLE [dbo].[USER_LDHP_GENQUEST] WITH NOCHECK ADD 				
	CONSTRAINT [DF_ULDHP_GENQUEST3SOTMP09] DEFAULT (0) FOR [CRIMINALOFFENCE]
GO
ALTER TABLE [dbo].[USER_LDHP_GENQUEST] WITH NOCHECK ADD 				
	CONSTRAINT [DF_ULDHP_GENQUEST3SOTMP00] DEFAULT (0) FOR [REFORCANCEL]
GO
GO

CREATE  INDEX [IDX_ULDHP_GENQUEST] ON [dbo].[USER_LDHP_GENQUEST]([POLICY_DETAILS_ID], [HISTORY_ID]) ON [PRIMARY]				
GO	

GRANT  SELECT  ON [dbo].[USER_LDHP_GENQUEST]  TO [TRANSACTORUSERS]
GO

GRANT  SELECT  ON [dbo].[USER_LDHP_GENQUEST]  TO [TRANSACTORPMUSERS]
GO


ALTER TABLE [dbo].[USER_LDHP_GENQUEST] ADD 

	CONSTRAINT [FK_ULDHP_GENQUEST] FOREIGN KEY 
	(
		[POLICY_DETAILS_ID],
		[HISTORY_ID]
	) REFERENCES [dbo].[CUSTOMER_POLICY_DETAILS] (
		[POLICY_DETAILS_ID],
		[HISTORY_ID]
	) NOT FOR REPLICATION
GO	
	
 
IF EXISTS (SELECT * FROM DBO.SYSOBJECTS WHERE ID = OBJECT_ID(N'[DBO].[USER_READ_LDHP_GENQUEST]') AND OBJECTPROPERTY(ID, N'ISPROCEDURE') = 1)
DROP PROCEDURE [DBO].[USER_READ_LDHP_GENQUEST]
GO
			
SET QUOTED_IDENTIFIER OFF 
GO
SET ANSI_NULLS ON 
GO

CREATE PROCEDURE DBO.USER_READ_LDHP_GENQUEST (

@POLICY_DETAILS_ID CHAR(32),
@HISTORY_ID INT    
  

)	

AS
	
SELECT	
	USER_LDHP_GENQUEST.[LDHP_GENQUEST_ID], 

  USER_LDHP_GENQUEST.[HISTORY_ID],
	USER_LDHP_GENQUEST.[POLICY_DETAILS_ID]
		,
	USER_LDHP_GENQUEST.[DETAILS],
	USER_LDHP_GENQUEST.[EXTRAPRE],
	USER_LDHP_GENQUEST.[CRIMINALOFFENCE],
	USER_LDHP_GENQUEST.[REFORCANCEL],
	USER_LDHP_GENQUEST.USERINSTANCE
FROM		
	USER_LDHP_GENQUEST
WHERE
  USER_LDHP_GENQUEST.POLICY_DETAILS_ID = @POLICY_DETAILS_ID 
	AND USER_LDHP_GENQUEST.HISTORY_ID = @HISTORY_ID      
    
ORDER BY
	USER_LDHP_GENQUEST.USERINSTANCE ASC
		
GO

SET QUOTED_IDENTIFIER OFF 
GO
SET ANSI_NULLS ON 
GO

GRANT  EXECUTE  ON [DBO].[USER_READ_LDHP_GENQUEST]  TO [TRANSACTORUSERS]
GO

GRANT  EXECUTE  ON [DBO].[USER_READ_LDHP_GENQUEST]  TO [TRANSACTORPMUSERS]
GO

    
IF EXISTS (SELECT * FROM DBO.SYSOBJECTS WHERE ID = OBJECT_ID(N'[DBO].[USER_SAVE_LDHP_GENQUEST]') AND OBJECTPROPERTY(ID, N'ISPROCEDURE') = 1)
DROP PROCEDURE [DBO].[USER_SAVE_LDHP_GENQUEST]
GO

SET QUOTED_IDENTIFIER OFF 
GO
SET ANSI_NULLS ON 
GO

CREATE PROCEDURE DBO.USER_SAVE_LDHP_GENQUEST

@LDHP_GENQUEST_ID [CHAR](32), 

@HISTORY_ID [INT],
@POLICY_DETAILS_ID [CHAR](32),
				
@DETAILS [VARCHAR] (800),
@EXTRAPRE [BIT],
@CRIMINALOFFENCE [BIT],
@REFORCANCEL [BIT],
@USERINSTANCE [INT]

AS

INSERT INTO 
USER_LDHP_GENQUEST
(
	LDHP_GENQUEST_ID, 

	HISTORY_ID,
	POLICY_DETAILS_ID,
	[DETAILS],
	[EXTRAPRE],
	[CRIMINALOFFENCE],
	[REFORCANCEL],
	USERINSTANCE
) VALUES (
	@LDHP_GENQUEST_ID, 

	@HISTORY_ID,
   @POLICY_DETAILS_ID,
	@DETAILS,
	@EXTRAPRE,
	@CRIMINALOFFENCE,
	@REFORCANCEL,
	@USERINSTANCE
)
GO

SET QUOTED_IDENTIFIER OFF 
GO
SET ANSI_NULLS ON 
GO

GRANT  EXECUTE  ON [DBO].[USER_SAVE_LDHP_GENQUEST]  TO [TRANSACTORUSERS]
GO

GRANT  EXECUTE  ON [DBO].[USER_SAVE_LDHP_GENQUEST]  TO [TRANSACTORPMUSERS]
GO    
      
IF EXISTS (SELECT * FROM DBO.SYSOBJECTS WHERE ID = OBJECT_ID(N'[DBO].[USER_UPDATE_LDHP_GENQUEST]') AND OBJECTPROPERTY(ID, N'ISPROCEDURE') = 1)
DROP PROCEDURE [DBO].[USER_UPDATE_LDHP_GENQUEST]
GO

SET QUOTED_IDENTIFIER OFF 
GO
SET ANSI_NULLS ON 
GO

CREATE PROCEDURE DBO.USER_UPDATE_LDHP_GENQUEST

@LDHP_GENQUEST_ID [CHAR](32), 

@HISTORY_ID [INT],    
@POLICY_DETAILS_ID [CHAR](32),
				
@DETAILS [VARCHAR] (800),
@EXTRAPRE [BIT],
@CRIMINALOFFENCE [BIT],
@REFORCANCEL [BIT],
@USERINSTANCE [INT]

AS

SET NOCOUNT ON

UPDATE
  USER_LDHP_GENQUEST
SET
  [LDHP_GENQUEST_ID] = @LDHP_GENQUEST_ID,  
  
  [HISTORY_ID] = @HISTORY_ID,
  [POLICY_DETAILS_ID] = @POLICY_DETAILS_ID,
  [DETAILS] = @DETAILS,
  [EXTRAPRE] = @EXTRAPRE,
  [CRIMINALOFFENCE] = @CRIMINALOFFENCE,
  [REFORCANCEL] = @REFORCANCEL,      
  [USERINSTANCE] = @USERINSTANCE
WHERE
  [LDHP_GENQUEST_ID] = @LDHP_GENQUEST_ID

  AND [HISTORY_ID] = @HISTORY_ID      


GO

SET QUOTED_IDENTIFIER OFF 
GO
SET ANSI_NULLS ON 
GO

GRANT  EXECUTE  ON [DBO].[USER_UPDATE_LDHP_GENQUEST]  TO [TRANSACTORUSERS], [TRANSACTORPMUSERS]
GO
  
 
IF EXISTS (SELECT * FROM DBO.SYSOBJECTS WHERE ID = OBJECT_ID(N'[DBO].[USER_DELETE_LDHP_GENQUEST]') AND OBJECTPROPERTY(ID, N'ISPROCEDURE') = 1)
DROP PROCEDURE [DBO].[USER_DELETE_LDHP_GENQUEST]
GO
			
SET QUOTED_IDENTIFIER OFF 
GO
SET ANSI_NULLS ON 
GO

CREATE PROCEDURE DBO.USER_DELETE_LDHP_GENQUEST (

@LDHP_GENQUEST_ID [CHAR](32), 
@HISTORY_ID INT    
)	

AS

SET NOCOUNT ON

DELETE USER_LDHP_GENQUEST WHERE [LDHP_GENQUEST_ID] = @LDHP_GENQUEST_ID AND [HISTORY_ID] = @HISTORY_ID
  
GO

SET QUOTED_IDENTIFIER OFF 
GO
SET ANSI_NULLS ON 
GO

GRANT  EXECUTE  ON [DBO].[USER_DELETE_LDHP_GENQUEST]  TO [TRANSACTORUSERS], [TRANSACTORPMUSERS]
GO

CREATE TABLE [dbo].[USER_LDHP_HHDETAIL] (	
	[LDHP_HHDETAIL_ID] [CHAR] (32) NOT NULL ,
	[HISTORY_ID] [INT] NOT NULL ,
	[POLICY_DETAILS_ID] [CHAR] (32) NOT NULL,
    [YEARBUILT] [NUMERIC] (18,2) NULL,
    [CONTENTVALUE] [VARCHAR] (50) NULL,
    [ADPETS] [BIT] NULL,
    [ADCOVER] [BIT] NULL,
    [BUILDINGVALUE] [NUMERIC] (18,2) NULL,
    [BUSUSE_ID] [VARCHAR] (8) NULL,
    [UNOCCUPANCY_ID] [VARCHAR] (8) NULL,
    [GSREPAIR] [BIT] NULL,
    [WATERSWITCH] [BIT] NULL,
    [SCENTRANCE] [BIT] NULL,
    [WINDOWLOCKS] [BIT] NULL,
    [DOORSLOCKED] [BIT] NULL,
    [NUMOFBEDROOMS] [NUMERIC] (18,2) NULL,
    [WALLCONST_ID] [VARCHAR] (8) NULL,
    [ROOFCONST_ID] [VARCHAR] (8) NULL,
    [FLATORFELT_ID] [VARCHAR] (8) NULL,
    [LISTSTATUS_ID] [VARCHAR] (8) NULL,
    [TYPEOFPROPERTY_ID] [VARCHAR] (8) NULL,
    [COUNTRY] [VARCHAR] (200) NULL,
    [COUNTY] [VARCHAR] (200) NULL,
    [CITY] [VARCHAR] (200) NULL,
    [LOCALITY] [VARCHAR] (200) NULL,
    [STREET] [VARCHAR] (200) NULL,
    [HOUSE] [VARCHAR] (200) NULL,
    [POSTCODE] [VARCHAR] (200) NULL,
    [SLEEPS] [VARCHAR] (2) NULL,
    [CNTCOVER] [BIT] NULL,
    [BLDCOVER] [BIT] NULL,
    [BLDAD] [BIT] NULL,
    [HIRING_ID] [VARCHAR] (8) NULL,
    [ALARM_ID] [VARCHAR] (8) NULL,
    [SMOKEDETECT] [BIT] NULL,
    
	[USERINSTANCE] [INT] NULL
) ON [PRIMARY]
GO


ALTER TABLE [dbo].[USER_LDHP_HHDETAIL] WITH NOCHECK ADD 
	CONSTRAINT [PK_U_LDHP_HHDETAIL] PRIMARY KEY  CLUSTERED 
	(
		[LDHP_HHDETAIL_ID],
		[HISTORY_ID]
	)  ON [PRIMARY] 
GO


ALTER TABLE [dbo].[USER_LDHP_HHDETAIL] WITH NOCHECK ADD 				
	CONSTRAINT [DF_ULDHP_HHDETAIL3SOTMP15] DEFAULT (0) FOR [ADPETS]
GO
ALTER TABLE [dbo].[USER_LDHP_HHDETAIL] WITH NOCHECK ADD 				
	CONSTRAINT [DF_ULDHP_HHDETAIL3SOTMP16] DEFAULT (0) FOR [ADCOVER]
GO
ALTER TABLE [dbo].[USER_LDHP_HHDETAIL] WITH NOCHECK ADD 					
	CONSTRAINT [DF_ULDHP_HHDETAIL3SOTMP17] DEFAULT ('0') FOR [BUSUSE_ID]
GO
ALTER TABLE [dbo].[USER_LDHP_HHDETAIL] WITH NOCHECK ADD 					
	CONSTRAINT [DF_ULDHP_HHDETAIL3SOTMP18] DEFAULT ('0') FOR [UNOCCUPANCY_ID]
GO
ALTER TABLE [dbo].[USER_LDHP_HHDETAIL] WITH NOCHECK ADD 				
	CONSTRAINT [DF_ULDHP_HHDETAIL3SOTMP19] DEFAULT (0) FOR [GSREPAIR]
GO
ALTER TABLE [dbo].[USER_LDHP_HHDETAIL] WITH NOCHECK ADD 				
	CONSTRAINT [DF_ULDHP_HHDETAIL3SOTMP10] DEFAULT (0) FOR [WATERSWITCH]
GO
ALTER TABLE [dbo].[USER_LDHP_HHDETAIL] WITH NOCHECK ADD 				
	CONSTRAINT [DF_ULDHP_HHDETAIL3SOTMP20] DEFAULT (0) FOR [SCENTRANCE]
GO
ALTER TABLE [dbo].[USER_LDHP_HHDETAIL] WITH NOCHECK ADD 				
	CONSTRAINT [DF_ULDHP_HHDETAIL3SOTMP21] DEFAULT (0) FOR [WINDOWLOCKS]
GO
ALTER TABLE [dbo].[USER_LDHP_HHDETAIL] WITH NOCHECK ADD 				
	CONSTRAINT [DF_ULDHP_HHDETAIL3SOTMP22] DEFAULT (0) FOR [DOORSLOCKED]
GO
ALTER TABLE [dbo].[USER_LDHP_HHDETAIL] WITH NOCHECK ADD 					
	CONSTRAINT [DF_ULDHP_HHDETAIL3SOTMP23] DEFAULT ('0') FOR [WALLCONST_ID]
GO
ALTER TABLE [dbo].[USER_LDHP_HHDETAIL] WITH NOCHECK ADD 					
	CONSTRAINT [DF_ULDHP_HHDETAIL3SOTMP24] DEFAULT ('0') FOR [ROOFCONST_ID]
GO
ALTER TABLE [dbo].[USER_LDHP_HHDETAIL] WITH NOCHECK ADD 					
	CONSTRAINT [DF_ULDHP_HHDETAIL3SOTMP25] DEFAULT ('0') FOR [FLATORFELT_ID]
GO
ALTER TABLE [dbo].[USER_LDHP_HHDETAIL] WITH NOCHECK ADD 					
	CONSTRAINT [DF_ULDHP_HHDETAIL3SOTMP26] DEFAULT ('0') FOR [LISTSTATUS_ID]
GO
ALTER TABLE [dbo].[USER_LDHP_HHDETAIL] WITH NOCHECK ADD 					
	CONSTRAINT [DF_ULDHP_HHDETAIL3SOTMP27] DEFAULT ('0') FOR [TYPEOFPROPERTY_ID]
GO
ALTER TABLE [dbo].[USER_LDHP_HHDETAIL] WITH NOCHECK ADD 				
	CONSTRAINT [DF_ULDHP_HHDETAIL3SOTMP28] DEFAULT (0) FOR [CNTCOVER]
GO
ALTER TABLE [dbo].[USER_LDHP_HHDETAIL] WITH NOCHECK ADD 				
	CONSTRAINT [DF_ULDHP_HHDETAIL3SOTMP29] DEFAULT (0) FOR [BLDCOVER]
GO
ALTER TABLE [dbo].[USER_LDHP_HHDETAIL] WITH NOCHECK ADD 				
	CONSTRAINT [DF_ULDHP_HHDETAIL3SOTMP39] DEFAULT (0) FOR [BLDAD]
GO
ALTER TABLE [dbo].[USER_LDHP_HHDETAIL] WITH NOCHECK ADD 					
	CONSTRAINT [DF_ULDHP_HHDETAIL3SOTMP30] DEFAULT ('0') FOR [HIRING_ID]
GO
ALTER TABLE [dbo].[USER_LDHP_HHDETAIL] WITH NOCHECK ADD 					
	CONSTRAINT [DF_ULDHP_HHDETAIL3SOTMP31] DEFAULT ('0') FOR [ALARM_ID]
GO
ALTER TABLE [dbo].[USER_LDHP_HHDETAIL] WITH NOCHECK ADD 				
	CONSTRAINT [DF_ULDHP_HHDETAIL3SOTMP32] DEFAULT (0) FOR [SMOKEDETECT]
GO
GO

CREATE  INDEX [IDX_ULDHP_HHDETAIL] ON [dbo].[USER_LDHP_HHDETAIL]([POLICY_DETAILS_ID], [HISTORY_ID]) ON [PRIMARY]				
GO	

GRANT  SELECT  ON [dbo].[USER_LDHP_HHDETAIL]  TO [TRANSACTORUSERS]
GO

GRANT  SELECT  ON [dbo].[USER_LDHP_HHDETAIL]  TO [TRANSACTORPMUSERS]
GO


ALTER TABLE [dbo].[USER_LDHP_HHDETAIL] ADD 

	CONSTRAINT [FK_ULDHP_HHDETAIL] FOREIGN KEY 
	(
		[POLICY_DETAILS_ID],
		[HISTORY_ID]
	) REFERENCES [dbo].[CUSTOMER_POLICY_DETAILS] (
		[POLICY_DETAILS_ID],
		[HISTORY_ID]
	) NOT FOR REPLICATION
GO	
	
ALTER TABLE [dbo].[USER_LDHP_HHDETAIL] ADD 
	CONSTRAINT [FK_ULDHP_HHDETAIL3SOTMP33] FOREIGN KEY 
	(
		[BUSUSE_ID]
    
	) REFERENCES [dbo].[LIST_HH_BUSINESS_USE] (
		[HH_BUSINESS_USE_ID]
	)	NOT FOR REPLICATION
	
GO
ALTER TABLE [dbo].[USER_LDHP_HHDETAIL] ADD 
	CONSTRAINT [FK_ULDHP_HHDETAIL3SOTMP34] FOREIGN KEY 
	(
		[UNOCCUPANCY_ID]
    
	) REFERENCES [dbo].[LIST_HH_UNOCCUPANCY] (
		[HH_UNOCCUPANCY_ID]
	)	NOT FOR REPLICATION
	
GO
ALTER TABLE [dbo].[USER_LDHP_HHDETAIL] ADD 
	CONSTRAINT [FK_ULDHP_HHDETAIL3SOTMP35] FOREIGN KEY 
	(
		[WALLCONST_ID]
    
	) REFERENCES [dbo].[LIST_HH_WALL_CONSTRUCT] (
		[HH_WALL_CONSTRUCT_ID]
	)	NOT FOR REPLICATION
	
GO
ALTER TABLE [dbo].[USER_LDHP_HHDETAIL] ADD 
	CONSTRAINT [FK_ULDHP_HHDETAIL3SOTMP36] FOREIGN KEY 
	(
		[ROOFCONST_ID]
    
	) REFERENCES [dbo].[LIST_HH_ROOF_CONSTRUCT] (
		[HH_ROOF_CONSTRUCT_ID]
	)	NOT FOR REPLICATION
	
GO
ALTER TABLE [dbo].[USER_LDHP_HHDETAIL] ADD 
	CONSTRAINT [FK_ULDHP_HHDETAIL3SOTMP37] FOREIGN KEY 
	(
		[FLATORFELT_ID]
    
	) REFERENCES [dbo].[LIST_PARKHOME_ROOFTYPE] (
		[PARKHOME_ROOFTYPE_ID]
	)	NOT FOR REPLICATION
	
GO
ALTER TABLE [dbo].[USER_LDHP_HHDETAIL] ADD 
	CONSTRAINT [FK_ULDHP_HHDETAIL3SOTMP47] FOREIGN KEY 
	(
		[LISTSTATUS_ID]
    
	) REFERENCES [dbo].[LIST_HH_LIST_STATUS] (
		[HH_LIST_STATUS_ID]
	)	NOT FOR REPLICATION
	
GO
ALTER TABLE [dbo].[USER_LDHP_HHDETAIL] ADD 
	CONSTRAINT [FK_ULDHP_HHDETAIL3SOTMP48] FOREIGN KEY 
	(
		[TYPEOFPROPERTY_ID]
    
	) REFERENCES [dbo].[LIST_HH_TYPE_PROPERTY] (
		[HH_TYPE_PROPERTY_ID]
	)	NOT FOR REPLICATION
	
GO
ALTER TABLE [dbo].[USER_LDHP_HHDETAIL] ADD 
	CONSTRAINT [FK_ULDHP_HHDETAIL3SOTMP49] FOREIGN KEY 
	(
		[HIRING_ID]
    
	) REFERENCES [dbo].[LIST_HH_MORTGAGE_HIRIN] (
		[HH_MORTGAGE_HIRIN_ID]
	)	NOT FOR REPLICATION
	
GO
ALTER TABLE [dbo].[USER_LDHP_HHDETAIL] ADD 
	CONSTRAINT [FK_ULDHP_HHDETAIL3SOTMP40] FOREIGN KEY 
	(
		[ALARM_ID]
    
	) REFERENCES [dbo].[LIST_HH_ALARM_FITTED] (
		[HH_ALARM_FITTED_ID]
	)	NOT FOR REPLICATION
	
GO
 
IF EXISTS (SELECT * FROM DBO.SYSOBJECTS WHERE ID = OBJECT_ID(N'[DBO].[USER_READ_LDHP_HHDETAIL]') AND OBJECTPROPERTY(ID, N'ISPROCEDURE') = 1)
DROP PROCEDURE [DBO].[USER_READ_LDHP_HHDETAIL]
GO
			
SET QUOTED_IDENTIFIER OFF 
GO
SET ANSI_NULLS ON 
GO

CREATE PROCEDURE DBO.USER_READ_LDHP_HHDETAIL (

@POLICY_DETAILS_ID CHAR(32),
@HISTORY_ID INT    
  

)	

AS
	
SELECT	
	USER_LDHP_HHDETAIL.[LDHP_HHDETAIL_ID], 

  USER_LDHP_HHDETAIL.[HISTORY_ID],
	USER_LDHP_HHDETAIL.[POLICY_DETAILS_ID]
		,
	USER_LDHP_HHDETAIL.[YEARBUILT],
	USER_LDHP_HHDETAIL.[CONTENTVALUE],
	USER_LDHP_HHDETAIL.[ADPETS],
	USER_LDHP_HHDETAIL.[ADCOVER],
	USER_LDHP_HHDETAIL.[BUILDINGVALUE],BUSUSE_ALIAS.[HH_BUSINESS_USE_ID] as BUSUSE_ID,
	BUSUSE_ALIAS.[HH_BUSINESS_USE_DEBUG] as BUSUSE_DEBUG,UNOCCUPANCY_ALIAS.[HH_UNOCCUPANCY_ID] as UNOCCUPANCY_ID,
	UNOCCUPANCY_ALIAS.[HH_UNOCCUPANCY_DEBUG] as UNOCCUPANCY_DEBUG,
	USER_LDHP_HHDETAIL.[GSREPAIR],
	USER_LDHP_HHDETAIL.[WATERSWITCH],
	USER_LDHP_HHDETAIL.[SCENTRANCE],
	USER_LDHP_HHDETAIL.[WINDOWLOCKS],
	USER_LDHP_HHDETAIL.[DOORSLOCKED],
	USER_LDHP_HHDETAIL.[NUMOFBEDROOMS],WALLCONST_ALIAS.[HH_WALL_CONSTRUCT_ID] as WALLCONST_ID,
	WALLCONST_ALIAS.[HH_WALL_CONSTRUCT_DEBUG] as WALLCONST_DEBUG,ROOFCONST_ALIAS.[HH_ROOF_CONSTRUCT_ID] as ROOFCONST_ID,
	ROOFCONST_ALIAS.[HH_ROOF_CONSTRUCT_DEBUG] as ROOFCONST_DEBUG,FLATORFELT_ALIAS.[PARKHOME_ROOFTYPE_ID] as FLATORFELT_ID,
	FLATORFELT_ALIAS.[PARKHOME_ROOFTYPE_DEBUG] as FLATORFELT_DEBUG,LISTSTATUS_ALIAS.[HH_LIST_STATUS_ID] as LISTSTATUS_ID,
	LISTSTATUS_ALIAS.[HH_LIST_STATUS_DEBUG] as LISTSTATUS_DEBUG,TYPEOFPROPERTY_ALIAS.[HH_TYPE_PROPERTY_ID] as TYPEOFPROPERTY_ID,
	TYPEOFPROPERTY_ALIAS.[HH_TYPE_PROPERTY_DEBUG] as TYPEOFPROPERTY_DEBUG,
	USER_LDHP_HHDETAIL.[COUNTRY],
	USER_LDHP_HHDETAIL.[COUNTY],
	USER_LDHP_HHDETAIL.[CITY],
	USER_LDHP_HHDETAIL.[LOCALITY],
	USER_LDHP_HHDETAIL.[STREET],
	USER_LDHP_HHDETAIL.[HOUSE],
	USER_LDHP_HHDETAIL.[POSTCODE],
	USER_LDHP_HHDETAIL.[SLEEPS],
	USER_LDHP_HHDETAIL.[CNTCOVER],
	USER_LDHP_HHDETAIL.[BLDCOVER],
	USER_LDHP_HHDETAIL.[BLDAD],HIRING_ALIAS.[HH_MORTGAGE_HIRIN_ID] as HIRING_ID,
	HIRING_ALIAS.[HH_MORTGAGE_HIRIN_DEBUG] as HIRING_DEBUG,ALARM_ALIAS.[HH_ALARM_FITTED_ID] as ALARM_ID,
	ALARM_ALIAS.[HH_ALARM_FITTED_DEBUG] as ALARM_DEBUG,
	USER_LDHP_HHDETAIL.[SMOKEDETECT],
	USER_LDHP_HHDETAIL.USERINSTANCE
FROM		
	USER_LDHP_HHDETAIL
	INNER JOIN LIST_HH_BUSINESS_USE as BUSUSE_ALIAS ON USER_LDHP_HHDETAIL.[BUSUSE_ID] = BUSUSE_ALIAS.[HH_BUSINESS_USE_ID]
	INNER JOIN LIST_HH_UNOCCUPANCY as UNOCCUPANCY_ALIAS ON USER_LDHP_HHDETAIL.[UNOCCUPANCY_ID] = UNOCCUPANCY_ALIAS.[HH_UNOCCUPANCY_ID]
	INNER JOIN LIST_HH_WALL_CONSTRUCT as WALLCONST_ALIAS ON USER_LDHP_HHDETAIL.[WALLCONST_ID] = WALLCONST_ALIAS.[HH_WALL_CONSTRUCT_ID]
	INNER JOIN LIST_HH_ROOF_CONSTRUCT as ROOFCONST_ALIAS ON USER_LDHP_HHDETAIL.[ROOFCONST_ID] = ROOFCONST_ALIAS.[HH_ROOF_CONSTRUCT_ID]
	INNER JOIN LIST_PARKHOME_ROOFTYPE as FLATORFELT_ALIAS ON USER_LDHP_HHDETAIL.[FLATORFELT_ID] = FLATORFELT_ALIAS.[PARKHOME_ROOFTYPE_ID]
	INNER JOIN LIST_HH_LIST_STATUS as LISTSTATUS_ALIAS ON USER_LDHP_HHDETAIL.[LISTSTATUS_ID] = LISTSTATUS_ALIAS.[HH_LIST_STATUS_ID]
	INNER JOIN LIST_HH_TYPE_PROPERTY as TYPEOFPROPERTY_ALIAS ON USER_LDHP_HHDETAIL.[TYPEOFPROPERTY_ID] = TYPEOFPROPERTY_ALIAS.[HH_TYPE_PROPERTY_ID]
	INNER JOIN LIST_HH_MORTGAGE_HIRIN as HIRING_ALIAS ON USER_LDHP_HHDETAIL.[HIRING_ID] = HIRING_ALIAS.[HH_MORTGAGE_HIRIN_ID]
	INNER JOIN LIST_HH_ALARM_FITTED as ALARM_ALIAS ON USER_LDHP_HHDETAIL.[ALARM_ID] = ALARM_ALIAS.[HH_ALARM_FITTED_ID]
WHERE
  USER_LDHP_HHDETAIL.POLICY_DETAILS_ID = @POLICY_DETAILS_ID 
	AND USER_LDHP_HHDETAIL.HISTORY_ID = @HISTORY_ID      
    
ORDER BY
	USER_LDHP_HHDETAIL.USERINSTANCE ASC
		
GO

SET QUOTED_IDENTIFIER OFF 
GO
SET ANSI_NULLS ON 
GO

GRANT  EXECUTE  ON [DBO].[USER_READ_LDHP_HHDETAIL]  TO [TRANSACTORUSERS]
GO

GRANT  EXECUTE  ON [DBO].[USER_READ_LDHP_HHDETAIL]  TO [TRANSACTORPMUSERS]
GO

    
IF EXISTS (SELECT * FROM DBO.SYSOBJECTS WHERE ID = OBJECT_ID(N'[DBO].[USER_SAVE_LDHP_HHDETAIL]') AND OBJECTPROPERTY(ID, N'ISPROCEDURE') = 1)
DROP PROCEDURE [DBO].[USER_SAVE_LDHP_HHDETAIL]
GO

SET QUOTED_IDENTIFIER OFF 
GO
SET ANSI_NULLS ON 
GO

CREATE PROCEDURE DBO.USER_SAVE_LDHP_HHDETAIL

@LDHP_HHDETAIL_ID [CHAR](32), 

@HISTORY_ID [INT],
@POLICY_DETAILS_ID [CHAR](32),
				
@YEARBUILT [NUMERIC] (18,2),
				
@CONTENTVALUE [VARCHAR] (50),
@ADPETS [BIT],
@ADCOVER [BIT],
				
@BUILDINGVALUE [NUMERIC] (18,2),
@BUSUSE_ID [VARCHAR] (8),
@UNOCCUPANCY_ID [VARCHAR] (8),
@GSREPAIR [BIT],
@WATERSWITCH [BIT],
@SCENTRANCE [BIT],
@WINDOWLOCKS [BIT],
@DOORSLOCKED [BIT],
				
@NUMOFBEDROOMS [NUMERIC] (18,2),
@WALLCONST_ID [VARCHAR] (8),
@ROOFCONST_ID [VARCHAR] (8),
@FLATORFELT_ID [VARCHAR] (8),
@LISTSTATUS_ID [VARCHAR] (8),
@TYPEOFPROPERTY_ID [VARCHAR] (8),
				
@COUNTRY [VARCHAR] (200),
				
@COUNTY [VARCHAR] (200),
				
@CITY [VARCHAR] (200),
				
@LOCALITY [VARCHAR] (200),
				
@STREET [VARCHAR] (200),
				
@HOUSE [VARCHAR] (200),
				
@POSTCODE [VARCHAR] (200),
				
@SLEEPS [VARCHAR] (2),
@CNTCOVER [BIT],
@BLDCOVER [BIT],
@BLDAD [BIT],
@HIRING_ID [VARCHAR] (8),
@ALARM_ID [VARCHAR] (8),
@SMOKEDETECT [BIT],
@USERINSTANCE [INT]

AS

INSERT INTO 
USER_LDHP_HHDETAIL
(
	LDHP_HHDETAIL_ID, 

	HISTORY_ID,
	POLICY_DETAILS_ID,
	[YEARBUILT],
	[CONTENTVALUE],
	[ADPETS],
	[ADCOVER],
	[BUILDINGVALUE],
	[BUSUSE_ID] ,
	[UNOCCUPANCY_ID] ,
	[GSREPAIR],
	[WATERSWITCH],
	[SCENTRANCE],
	[WINDOWLOCKS],
	[DOORSLOCKED],
	[NUMOFBEDROOMS],
	[WALLCONST_ID] ,
	[ROOFCONST_ID] ,
	[FLATORFELT_ID] ,
	[LISTSTATUS_ID] ,
	[TYPEOFPROPERTY_ID] ,
	[COUNTRY],
	[COUNTY],
	[CITY],
	[LOCALITY],
	[STREET],
	[HOUSE],
	[POSTCODE],
	[SLEEPS],
	[CNTCOVER],
	[BLDCOVER],
	[BLDAD],
	[HIRING_ID] ,
	[ALARM_ID] ,
	[SMOKEDETECT],
	USERINSTANCE
) VALUES (
	@LDHP_HHDETAIL_ID, 

	@HISTORY_ID,
   @POLICY_DETAILS_ID,
	@YEARBUILT,
	@CONTENTVALUE,
	@ADPETS,
	@ADCOVER,
	@BUILDINGVALUE,
	@BUSUSE_ID,
	@UNOCCUPANCY_ID,
	@GSREPAIR,
	@WATERSWITCH,
	@SCENTRANCE,
	@WINDOWLOCKS,
	@DOORSLOCKED,
	@NUMOFBEDROOMS,
	@WALLCONST_ID,
	@ROOFCONST_ID,
	@FLATORFELT_ID,
	@LISTSTATUS_ID,
	@TYPEOFPROPERTY_ID,
	@COUNTRY,
	@COUNTY,
	@CITY,
	@LOCALITY,
	@STREET,
	@HOUSE,
	@POSTCODE,
	@SLEEPS,
	@CNTCOVER,
	@BLDCOVER,
	@BLDAD,
	@HIRING_ID,
	@ALARM_ID,
	@SMOKEDETECT,
	@USERINSTANCE
)
GO

SET QUOTED_IDENTIFIER OFF 
GO
SET ANSI_NULLS ON 
GO

GRANT  EXECUTE  ON [DBO].[USER_SAVE_LDHP_HHDETAIL]  TO [TRANSACTORUSERS]
GO

GRANT  EXECUTE  ON [DBO].[USER_SAVE_LDHP_HHDETAIL]  TO [TRANSACTORPMUSERS]
GO    
      
IF EXISTS (SELECT * FROM DBO.SYSOBJECTS WHERE ID = OBJECT_ID(N'[DBO].[USER_UPDATE_LDHP_HHDETAIL]') AND OBJECTPROPERTY(ID, N'ISPROCEDURE') = 1)
DROP PROCEDURE [DBO].[USER_UPDATE_LDHP_HHDETAIL]
GO

SET QUOTED_IDENTIFIER OFF 
GO
SET ANSI_NULLS ON 
GO

CREATE PROCEDURE DBO.USER_UPDATE_LDHP_HHDETAIL

@LDHP_HHDETAIL_ID [CHAR](32), 

@HISTORY_ID [INT],    
@POLICY_DETAILS_ID [CHAR](32),
				
@YEARBUILT [NUMERIC] (18,2),
				
@CONTENTVALUE [VARCHAR] (50),
@ADPETS [BIT],
@ADCOVER [BIT],
				
@BUILDINGVALUE [NUMERIC] (18,2),
@BUSUSE_ID [VARCHAR] (8),
@UNOCCUPANCY_ID [VARCHAR] (8),
@GSREPAIR [BIT],
@WATERSWITCH [BIT],
@SCENTRANCE [BIT],
@WINDOWLOCKS [BIT],
@DOORSLOCKED [BIT],
				
@NUMOFBEDROOMS [NUMERIC] (18,2),
@WALLCONST_ID [VARCHAR] (8),
@ROOFCONST_ID [VARCHAR] (8),
@FLATORFELT_ID [VARCHAR] (8),
@LISTSTATUS_ID [VARCHAR] (8),
@TYPEOFPROPERTY_ID [VARCHAR] (8),
				
@COUNTRY [VARCHAR] (200),
				
@COUNTY [VARCHAR] (200),
				
@CITY [VARCHAR] (200),
				
@LOCALITY [VARCHAR] (200),
				
@STREET [VARCHAR] (200),
				
@HOUSE [VARCHAR] (200),
				
@POSTCODE [VARCHAR] (200),
				
@SLEEPS [VARCHAR] (2),
@CNTCOVER [BIT],
@BLDCOVER [BIT],
@BLDAD [BIT],
@HIRING_ID [VARCHAR] (8),
@ALARM_ID [VARCHAR] (8),
@SMOKEDETECT [BIT],
@USERINSTANCE [INT]

AS

SET NOCOUNT ON

UPDATE
  USER_LDHP_HHDETAIL
SET
  [LDHP_HHDETAIL_ID] = @LDHP_HHDETAIL_ID,  
  
  [HISTORY_ID] = @HISTORY_ID,
  [POLICY_DETAILS_ID] = @POLICY_DETAILS_ID,
  [YEARBUILT] = @YEARBUILT,
  [CONTENTVALUE] = @CONTENTVALUE,
  [ADPETS] = @ADPETS,
  [ADCOVER] = @ADCOVER,
  [BUILDINGVALUE] = @BUILDINGVALUE,
  [BUSUSE_ID] = @BUSUSE_ID,
  [UNOCCUPANCY_ID] = @UNOCCUPANCY_ID,
  [GSREPAIR] = @GSREPAIR,
  [WATERSWITCH] = @WATERSWITCH,
  [SCENTRANCE] = @SCENTRANCE,
  [WINDOWLOCKS] = @WINDOWLOCKS,
  [DOORSLOCKED] = @DOORSLOCKED,
  [NUMOFBEDROOMS] = @NUMOFBEDROOMS,
  [WALLCONST_ID] = @WALLCONST_ID,
  [ROOFCONST_ID] = @ROOFCONST_ID,
  [FLATORFELT_ID] = @FLATORFELT_ID,
  [LISTSTATUS_ID] = @LISTSTATUS_ID,
  [TYPEOFPROPERTY_ID] = @TYPEOFPROPERTY_ID,
  [COUNTRY] = @COUNTRY,
  [COUNTY] = @COUNTY,
  [CITY] = @CITY,
  [LOCALITY] = @LOCALITY,
  [STREET] = @STREET,
  [HOUSE] = @HOUSE,
  [POSTCODE] = @POSTCODE,
  [SLEEPS] = @SLEEPS,
  [CNTCOVER] = @CNTCOVER,
  [BLDCOVER] = @BLDCOVER,
  [BLDAD] = @BLDAD,
  [HIRING_ID] = @HIRING_ID,
  [ALARM_ID] = @ALARM_ID,
  [SMOKEDETECT] = @SMOKEDETECT,      
  [USERINSTANCE] = @USERINSTANCE
WHERE
  [LDHP_HHDETAIL_ID] = @LDHP_HHDETAIL_ID

  AND [HISTORY_ID] = @HISTORY_ID      


GO

SET QUOTED_IDENTIFIER OFF 
GO
SET ANSI_NULLS ON 
GO

GRANT  EXECUTE  ON [DBO].[USER_UPDATE_LDHP_HHDETAIL]  TO [TRANSACTORUSERS], [TRANSACTORPMUSERS]
GO
  
 
IF EXISTS (SELECT * FROM DBO.SYSOBJECTS WHERE ID = OBJECT_ID(N'[DBO].[USER_DELETE_LDHP_HHDETAIL]') AND OBJECTPROPERTY(ID, N'ISPROCEDURE') = 1)
DROP PROCEDURE [DBO].[USER_DELETE_LDHP_HHDETAIL]
GO
			
SET QUOTED_IDENTIFIER OFF 
GO
SET ANSI_NULLS ON 
GO

CREATE PROCEDURE DBO.USER_DELETE_LDHP_HHDETAIL (

@LDHP_HHDETAIL_ID [CHAR](32), 
@HISTORY_ID INT    
)	

AS

SET NOCOUNT ON

DELETE USER_LDHP_HHDETAIL WHERE [LDHP_HHDETAIL_ID] = @LDHP_HHDETAIL_ID AND [HISTORY_ID] = @HISTORY_ID
  
GO

SET QUOTED_IDENTIFIER OFF 
GO
SET ANSI_NULLS ON 
GO

GRANT  EXECUTE  ON [DBO].[USER_DELETE_LDHP_HHDETAIL]  TO [TRANSACTORUSERS], [TRANSACTORPMUSERS]
GO

CREATE TABLE [dbo].[USER_LDHP_HPCLAIM] (	
	[LDHP_HPCLAIM_ID] [CHAR] (32) NOT NULL ,
	[HISTORY_ID] [INT] NOT NULL ,
	[POLICY_DETAILS_ID] [CHAR] (32) NOT NULL,
    [INCONPOL] [BIT] NULL,
    [NCDPREJUDICED] [BIT] NULL,
    [LEGALREF] [VARCHAR] (200) NULL,
    [SETTLEDAMOUNT] [NUMERIC] (18,2) NULL,
    [SETTLEDDATE] [DATETIME] NULL,
    [CLAIMAMOUNT] [NUMERIC] (18,2) NULL,
    [CLAIMDESC] [VARCHAR] (8000) NULL,
    [CLAIMSTATUS_ID] [VARCHAR] (8) NULL,
    [CLAIMDETAIL_ID] [VARCHAR] (8) NULL,
    [CLAIMTYPE_ID] [VARCHAR] (8) NULL,
    [INCIDENTDATE] [DATETIME] NULL,
    [CLAIMREF] [VARCHAR] (200) NULL,
    [APPSECTION_ID] [VARCHAR] (8) NULL,
    
	[USERINSTANCE] [INT] NULL
) ON [PRIMARY]
GO


ALTER TABLE [dbo].[USER_LDHP_HPCLAIM] WITH NOCHECK ADD 
	CONSTRAINT [PK_U_LDHP_HPCLAIM] PRIMARY KEY  CLUSTERED 
	(
		[LDHP_HPCLAIM_ID],
		[HISTORY_ID]
	)  ON [PRIMARY] 
GO


ALTER TABLE [dbo].[USER_LDHP_HPCLAIM] WITH NOCHECK ADD 				
	CONSTRAINT [DF_ULDHP_HPCLAIM3SOTMP41] DEFAULT (0) FOR [INCONPOL]
GO
ALTER TABLE [dbo].[USER_LDHP_HPCLAIM] WITH NOCHECK ADD 				
	CONSTRAINT [DF_ULDHP_HPCLAIM3SOTMP42] DEFAULT (0) FOR [NCDPREJUDICED]
GO
ALTER TABLE [dbo].[USER_LDHP_HPCLAIM] WITH NOCHECK ADD 					
	CONSTRAINT [DF_ULDHP_HPCLAIM3SOTMP43] DEFAULT ('0') FOR [CLAIMSTATUS_ID]
GO
ALTER TABLE [dbo].[USER_LDHP_HPCLAIM] WITH NOCHECK ADD 					
	CONSTRAINT [DF_ULDHP_HPCLAIM3SOTMP44] DEFAULT ('0') FOR [CLAIMDETAIL_ID]
GO
ALTER TABLE [dbo].[USER_LDHP_HPCLAIM] WITH NOCHECK ADD 					
	CONSTRAINT [DF_ULDHP_HPCLAIM3SOTMP45] DEFAULT ('0') FOR [CLAIMTYPE_ID]
GO
ALTER TABLE [dbo].[USER_LDHP_HPCLAIM] WITH NOCHECK ADD 					
	CONSTRAINT [DF_ULDHP_HPCLAIM3SOTMP46] DEFAULT ('0') FOR [APPSECTION_ID]
GO
GO

CREATE  INDEX [IDX_ULDHP_HPCLAIM] ON [dbo].[USER_LDHP_HPCLAIM]([POLICY_DETAILS_ID], [HISTORY_ID]) ON [PRIMARY]				
GO	

GRANT  SELECT  ON [dbo].[USER_LDHP_HPCLAIM]  TO [TRANSACTORUSERS]
GO

GRANT  SELECT  ON [dbo].[USER_LDHP_HPCLAIM]  TO [TRANSACTORPMUSERS]
GO


ALTER TABLE [dbo].[USER_LDHP_HPCLAIM] ADD 

	CONSTRAINT [FK_ULDHP_HPCLAIM] FOREIGN KEY 
	(
		[POLICY_DETAILS_ID],
		[HISTORY_ID]
	) REFERENCES [dbo].[CUSTOMER_POLICY_DETAILS] (
		[POLICY_DETAILS_ID],
		[HISTORY_ID]
	) NOT FOR REPLICATION
GO	
	
ALTER TABLE [dbo].[USER_LDHP_HPCLAIM] ADD 
	CONSTRAINT [FK_ULDHP_HPCLAIM3SOTMP56] FOREIGN KEY 
	(
		[CLAIMSTATUS_ID]
    
	) REFERENCES [dbo].[LIST_HH_CLAIM_STATUS] (
		[HH_CLAIM_STATUS_ID]
	)	NOT FOR REPLICATION
	
GO
ALTER TABLE [dbo].[USER_LDHP_HPCLAIM] ADD 
	CONSTRAINT [FK_ULDHP_HPCLAIM3SOTMP57] FOREIGN KEY 
	(
		[CLAIMDETAIL_ID]
    
	) REFERENCES [dbo].[LIST_HH_CLAIM_DETAIL] (
		[HH_CLAIM_DETAIL_ID]
	)	NOT FOR REPLICATION
	
GO
ALTER TABLE [dbo].[USER_LDHP_HPCLAIM] ADD 
	CONSTRAINT [FK_ULDHP_HPCLAIM3SOTMP58] FOREIGN KEY 
	(
		[CLAIMTYPE_ID]
    
	) REFERENCES [dbo].[LIST_HH_CLAIM_TYPE] (
		[HH_CLAIM_TYPE_ID]
	)	NOT FOR REPLICATION
	
GO
ALTER TABLE [dbo].[USER_LDHP_HPCLAIM] ADD 
	CONSTRAINT [FK_ULDHP_HPCLAIM3SOTMP59] FOREIGN KEY 
	(
		[APPSECTION_ID]
    
	) REFERENCES [dbo].[LIST_HH_CLAIM_SECTION] (
		[HH_CLAIM_SECTION_ID]
	)	NOT FOR REPLICATION
	
GO
 
IF EXISTS (SELECT * FROM DBO.SYSOBJECTS WHERE ID = OBJECT_ID(N'[DBO].[USER_READ_LDHP_HPCLAIM]') AND OBJECTPROPERTY(ID, N'ISPROCEDURE') = 1)
DROP PROCEDURE [DBO].[USER_READ_LDHP_HPCLAIM]
GO
			
SET QUOTED_IDENTIFIER OFF 
GO
SET ANSI_NULLS ON 
GO

CREATE PROCEDURE DBO.USER_READ_LDHP_HPCLAIM (

@POLICY_DETAILS_ID CHAR(32),
@HISTORY_ID INT    
  

)	

AS
	
SELECT	
	USER_LDHP_HPCLAIM.[LDHP_HPCLAIM_ID], 

  USER_LDHP_HPCLAIM.[HISTORY_ID],
	USER_LDHP_HPCLAIM.[POLICY_DETAILS_ID]
		,
	USER_LDHP_HPCLAIM.[INCONPOL],
	USER_LDHP_HPCLAIM.[NCDPREJUDICED],
	USER_LDHP_HPCLAIM.[LEGALREF],
	USER_LDHP_HPCLAIM.[SETTLEDAMOUNT],
	USER_LDHP_HPCLAIM.[SETTLEDDATE],
	USER_LDHP_HPCLAIM.[CLAIMAMOUNT],
	USER_LDHP_HPCLAIM.[CLAIMDESC],CLAIMSTATUS_ALIAS.[HH_CLAIM_STATUS_ID] as CLAIMSTATUS_ID,
	CLAIMSTATUS_ALIAS.[HH_CLAIM_STATUS_DEBUG] as CLAIMSTATUS_DEBUG,CLAIMDETAIL_ALIAS.[HH_CLAIM_DETAIL_ID] as CLAIMDETAIL_ID,
	CLAIMDETAIL_ALIAS.[HH_CLAIM_DETAIL_DEBUG] as CLAIMDETAIL_DEBUG,CLAIMTYPE_ALIAS.[HH_CLAIM_TYPE_ID] as CLAIMTYPE_ID,
	CLAIMTYPE_ALIAS.[HH_CLAIM_TYPE_DEBUG] as CLAIMTYPE_DEBUG,
	USER_LDHP_HPCLAIM.[INCIDENTDATE],
	USER_LDHP_HPCLAIM.[CLAIMREF],APPSECTION_ALIAS.[HH_CLAIM_SECTION_ID] as APPSECTION_ID,
	APPSECTION_ALIAS.[HH_CLAIM_SECTION_DEBUG] as APPSECTION_DEBUG,
	USER_LDHP_HPCLAIM.USERINSTANCE
FROM		
	USER_LDHP_HPCLAIM
	INNER JOIN LIST_HH_CLAIM_STATUS as CLAIMSTATUS_ALIAS ON USER_LDHP_HPCLAIM.[CLAIMSTATUS_ID] = CLAIMSTATUS_ALIAS.[HH_CLAIM_STATUS_ID]
	INNER JOIN LIST_HH_CLAIM_DETAIL as CLAIMDETAIL_ALIAS ON USER_LDHP_HPCLAIM.[CLAIMDETAIL_ID] = CLAIMDETAIL_ALIAS.[HH_CLAIM_DETAIL_ID]
	INNER JOIN LIST_HH_CLAIM_TYPE as CLAIMTYPE_ALIAS ON USER_LDHP_HPCLAIM.[CLAIMTYPE_ID] = CLAIMTYPE_ALIAS.[HH_CLAIM_TYPE_ID]
	INNER JOIN LIST_HH_CLAIM_SECTION as APPSECTION_ALIAS ON USER_LDHP_HPCLAIM.[APPSECTION_ID] = APPSECTION_ALIAS.[HH_CLAIM_SECTION_ID]
WHERE
  USER_LDHP_HPCLAIM.POLICY_DETAILS_ID = @POLICY_DETAILS_ID 
	AND USER_LDHP_HPCLAIM.HISTORY_ID = @HISTORY_ID      
    
ORDER BY
	USER_LDHP_HPCLAIM.USERINSTANCE ASC
		
GO

SET QUOTED_IDENTIFIER OFF 
GO
SET ANSI_NULLS ON 
GO

GRANT  EXECUTE  ON [DBO].[USER_READ_LDHP_HPCLAIM]  TO [TRANSACTORUSERS]
GO

GRANT  EXECUTE  ON [DBO].[USER_READ_LDHP_HPCLAIM]  TO [TRANSACTORPMUSERS]
GO

    
IF EXISTS (SELECT * FROM DBO.SYSOBJECTS WHERE ID = OBJECT_ID(N'[DBO].[USER_SAVE_LDHP_HPCLAIM]') AND OBJECTPROPERTY(ID, N'ISPROCEDURE') = 1)
DROP PROCEDURE [DBO].[USER_SAVE_LDHP_HPCLAIM]
GO

SET QUOTED_IDENTIFIER OFF 
GO
SET ANSI_NULLS ON 
GO

CREATE PROCEDURE DBO.USER_SAVE_LDHP_HPCLAIM

@LDHP_HPCLAIM_ID [CHAR](32), 

@HISTORY_ID [INT],
@POLICY_DETAILS_ID [CHAR](32),
@INCONPOL [BIT],
@NCDPREJUDICED [BIT],
				
@LEGALREF [VARCHAR] (200),
				
@SETTLEDAMOUNT [NUMERIC] (18,2),
@SETTLEDDATE [DATETIME],
				
@CLAIMAMOUNT [NUMERIC] (18,2),
				
@CLAIMDESC [VARCHAR] (8000),
@CLAIMSTATUS_ID [VARCHAR] (8),
@CLAIMDETAIL_ID [VARCHAR] (8),
@CLAIMTYPE_ID [VARCHAR] (8),
@INCIDENTDATE [DATETIME],
				
@CLAIMREF [VARCHAR] (200),
@APPSECTION_ID [VARCHAR] (8),
@USERINSTANCE [INT]

AS

INSERT INTO 
USER_LDHP_HPCLAIM
(
	LDHP_HPCLAIM_ID, 

	HISTORY_ID,
	POLICY_DETAILS_ID,
	[INCONPOL],
	[NCDPREJUDICED],
	[LEGALREF],
	[SETTLEDAMOUNT],
	[SETTLEDDATE],
	[CLAIMAMOUNT],
	[CLAIMDESC],
	[CLAIMSTATUS_ID] ,
	[CLAIMDETAIL_ID] ,
	[CLAIMTYPE_ID] ,
	[INCIDENTDATE],
	[CLAIMREF],
	[APPSECTION_ID] ,
	USERINSTANCE
) VALUES (
	@LDHP_HPCLAIM_ID, 

	@HISTORY_ID,
   @POLICY_DETAILS_ID,
	@INCONPOL,
	@NCDPREJUDICED,
	@LEGALREF,
	@SETTLEDAMOUNT,
	@SETTLEDDATE,
	@CLAIMAMOUNT,
	@CLAIMDESC,
	@CLAIMSTATUS_ID,
	@CLAIMDETAIL_ID,
	@CLAIMTYPE_ID,
	@INCIDENTDATE,
	@CLAIMREF,
	@APPSECTION_ID,
	@USERINSTANCE
)
GO

SET QUOTED_IDENTIFIER OFF 
GO
SET ANSI_NULLS ON 
GO

GRANT  EXECUTE  ON [DBO].[USER_SAVE_LDHP_HPCLAIM]  TO [TRANSACTORUSERS]
GO

GRANT  EXECUTE  ON [DBO].[USER_SAVE_LDHP_HPCLAIM]  TO [TRANSACTORPMUSERS]
GO    
      
IF EXISTS (SELECT * FROM DBO.SYSOBJECTS WHERE ID = OBJECT_ID(N'[DBO].[USER_UPDATE_LDHP_HPCLAIM]') AND OBJECTPROPERTY(ID, N'ISPROCEDURE') = 1)
DROP PROCEDURE [DBO].[USER_UPDATE_LDHP_HPCLAIM]
GO

SET QUOTED_IDENTIFIER OFF 
GO
SET ANSI_NULLS ON 
GO

CREATE PROCEDURE DBO.USER_UPDATE_LDHP_HPCLAIM

@LDHP_HPCLAIM_ID [CHAR](32), 

@HISTORY_ID [INT],    
@POLICY_DETAILS_ID [CHAR](32),
@INCONPOL [BIT],
@NCDPREJUDICED [BIT],
				
@LEGALREF [VARCHAR] (200),
				
@SETTLEDAMOUNT [NUMERIC] (18,2),
@SETTLEDDATE [DATETIME],
				
@CLAIMAMOUNT [NUMERIC] (18,2),
				
@CLAIMDESC [VARCHAR] (8000),
@CLAIMSTATUS_ID [VARCHAR] (8),
@CLAIMDETAIL_ID [VARCHAR] (8),
@CLAIMTYPE_ID [VARCHAR] (8),
@INCIDENTDATE [DATETIME],
				
@CLAIMREF [VARCHAR] (200),
@APPSECTION_ID [VARCHAR] (8),
@USERINSTANCE [INT]

AS

SET NOCOUNT ON

UPDATE
  USER_LDHP_HPCLAIM
SET
  [LDHP_HPCLAIM_ID] = @LDHP_HPCLAIM_ID,  
  
  [HISTORY_ID] = @HISTORY_ID,
  [POLICY_DETAILS_ID] = @POLICY_DETAILS_ID,
  [INCONPOL] = @INCONPOL,
  [NCDPREJUDICED] = @NCDPREJUDICED,
  [LEGALREF] = @LEGALREF,
  [SETTLEDAMOUNT] = @SETTLEDAMOUNT,
  [SETTLEDDATE] = @SETTLEDDATE,
  [CLAIMAMOUNT] = @CLAIMAMOUNT,
  [CLAIMDESC] = @CLAIMDESC,
  [CLAIMSTATUS_ID] = @CLAIMSTATUS_ID,
  [CLAIMDETAIL_ID] = @CLAIMDETAIL_ID,
  [CLAIMTYPE_ID] = @CLAIMTYPE_ID,
  [INCIDENTDATE] = @INCIDENTDATE,
  [CLAIMREF] = @CLAIMREF,
  [APPSECTION_ID] = @APPSECTION_ID,      
  [USERINSTANCE] = @USERINSTANCE
WHERE
  [LDHP_HPCLAIM_ID] = @LDHP_HPCLAIM_ID

  AND [HISTORY_ID] = @HISTORY_ID      


GO

SET QUOTED_IDENTIFIER OFF 
GO
SET ANSI_NULLS ON 
GO

GRANT  EXECUTE  ON [DBO].[USER_UPDATE_LDHP_HPCLAIM]  TO [TRANSACTORUSERS], [TRANSACTORPMUSERS]
GO
  
 
IF EXISTS (SELECT * FROM DBO.SYSOBJECTS WHERE ID = OBJECT_ID(N'[DBO].[USER_DELETE_LDHP_HPCLAIM]') AND OBJECTPROPERTY(ID, N'ISPROCEDURE') = 1)
DROP PROCEDURE [DBO].[USER_DELETE_LDHP_HPCLAIM]
GO
			
SET QUOTED_IDENTIFIER OFF 
GO
SET ANSI_NULLS ON 
GO

CREATE PROCEDURE DBO.USER_DELETE_LDHP_HPCLAIM (

@LDHP_HPCLAIM_ID [CHAR](32), 
@HISTORY_ID INT    
)	

AS

SET NOCOUNT ON

DELETE USER_LDHP_HPCLAIM WHERE [LDHP_HPCLAIM_ID] = @LDHP_HPCLAIM_ID AND [HISTORY_ID] = @HISTORY_ID
  
GO

SET QUOTED_IDENTIFIER OFF 
GO
SET ANSI_NULLS ON 
GO

GRANT  EXECUTE  ON [DBO].[USER_DELETE_LDHP_HPCLAIM]  TO [TRANSACTORUSERS], [TRANSACTORPMUSERS]
GO

CREATE TABLE [dbo].[USER_LDHP_XSANDNCD] (	
	[LDHP_XSANDNCD_ID] [CHAR] (32) NOT NULL ,
	[HISTORY_ID] [INT] NOT NULL ,
	[POLICY_DETAILS_ID] [CHAR] (32) NOT NULL,
    [NCD_ID] [VARCHAR] (8) NULL,
    [EXCESS_ID] [VARCHAR] (8) NULL,
    
	[USERINSTANCE] [INT] NULL
) ON [PRIMARY]
GO


ALTER TABLE [dbo].[USER_LDHP_XSANDNCD] WITH NOCHECK ADD 
	CONSTRAINT [PK_U_LDHP_XSANDNCD] PRIMARY KEY  CLUSTERED 
	(
		[LDHP_XSANDNCD_ID],
		[HISTORY_ID]
	)  ON [PRIMARY] 
GO


ALTER TABLE [dbo].[USER_LDHP_XSANDNCD] WITH NOCHECK ADD 					
	CONSTRAINT [DF_ULDHP_XSANDNCD3SOTMP50] DEFAULT ('0') FOR [NCD_ID]
GO
ALTER TABLE [dbo].[USER_LDHP_XSANDNCD] WITH NOCHECK ADD 					
	CONSTRAINT [DF_ULDHP_XSANDNCD3SOTMP51] DEFAULT ('0') FOR [EXCESS_ID]
GO
GO

CREATE  INDEX [IDX_ULDHP_XSANDNCD] ON [dbo].[USER_LDHP_XSANDNCD]([POLICY_DETAILS_ID], [HISTORY_ID]) ON [PRIMARY]				
GO	

GRANT  SELECT  ON [dbo].[USER_LDHP_XSANDNCD]  TO [TRANSACTORUSERS]
GO

GRANT  SELECT  ON [dbo].[USER_LDHP_XSANDNCD]  TO [TRANSACTORPMUSERS]
GO


ALTER TABLE [dbo].[USER_LDHP_XSANDNCD] ADD 

	CONSTRAINT [FK_ULDHP_XSANDNCD] FOREIGN KEY 
	(
		[POLICY_DETAILS_ID],
		[HISTORY_ID]
	) REFERENCES [dbo].[CUSTOMER_POLICY_DETAILS] (
		[POLICY_DETAILS_ID],
		[HISTORY_ID]
	) NOT FOR REPLICATION
GO	
	
ALTER TABLE [dbo].[USER_LDHP_XSANDNCD] ADD 
	CONSTRAINT [FK_ULDHP_XSANDNCD3SOTMP52] FOREIGN KEY 
	(
		[NCD_ID]
    
	) REFERENCES [dbo].[LIST_HH_NCD] (
		[HH_NCD_ID]
	)	NOT FOR REPLICATION
	
GO
ALTER TABLE [dbo].[USER_LDHP_XSANDNCD] ADD 
	CONSTRAINT [FK_ULDHP_XSANDNCD3SOTMP53] FOREIGN KEY 
	(
		[EXCESS_ID]
    
	) REFERENCES [dbo].[LIST_HH_EXCESS] (
		[HH_EXCESS_ID]
	)	NOT FOR REPLICATION
	
GO
 
IF EXISTS (SELECT * FROM DBO.SYSOBJECTS WHERE ID = OBJECT_ID(N'[DBO].[USER_READ_LDHP_XSANDNCD]') AND OBJECTPROPERTY(ID, N'ISPROCEDURE') = 1)
DROP PROCEDURE [DBO].[USER_READ_LDHP_XSANDNCD]
GO
			
SET QUOTED_IDENTIFIER OFF 
GO
SET ANSI_NULLS ON 
GO

CREATE PROCEDURE DBO.USER_READ_LDHP_XSANDNCD (

@POLICY_DETAILS_ID CHAR(32),
@HISTORY_ID INT    
  

)	

AS
	
SELECT	
	USER_LDHP_XSANDNCD.[LDHP_XSANDNCD_ID], 

  USER_LDHP_XSANDNCD.[HISTORY_ID],
	USER_LDHP_XSANDNCD.[POLICY_DETAILS_ID]
		,NCD_ALIAS.[HH_NCD_ID] as NCD_ID,
	NCD_ALIAS.[HH_NCD_DEBUG] as NCD_DEBUG,EXCESS_ALIAS.[HH_EXCESS_ID] as EXCESS_ID,
	EXCESS_ALIAS.[HH_EXCESS_DEBUG] as EXCESS_DEBUG,
	USER_LDHP_XSANDNCD.USERINSTANCE
FROM		
	USER_LDHP_XSANDNCD
	INNER JOIN LIST_HH_NCD as NCD_ALIAS ON USER_LDHP_XSANDNCD.[NCD_ID] = NCD_ALIAS.[HH_NCD_ID]
	INNER JOIN LIST_HH_EXCESS as EXCESS_ALIAS ON USER_LDHP_XSANDNCD.[EXCESS_ID] = EXCESS_ALIAS.[HH_EXCESS_ID]
WHERE
  USER_LDHP_XSANDNCD.POLICY_DETAILS_ID = @POLICY_DETAILS_ID 
	AND USER_LDHP_XSANDNCD.HISTORY_ID = @HISTORY_ID      
    
ORDER BY
	USER_LDHP_XSANDNCD.USERINSTANCE ASC
		
GO

SET QUOTED_IDENTIFIER OFF 
GO
SET ANSI_NULLS ON 
GO

GRANT  EXECUTE  ON [DBO].[USER_READ_LDHP_XSANDNCD]  TO [TRANSACTORUSERS]
GO

GRANT  EXECUTE  ON [DBO].[USER_READ_LDHP_XSANDNCD]  TO [TRANSACTORPMUSERS]
GO

    
IF EXISTS (SELECT * FROM DBO.SYSOBJECTS WHERE ID = OBJECT_ID(N'[DBO].[USER_SAVE_LDHP_XSANDNCD]') AND OBJECTPROPERTY(ID, N'ISPROCEDURE') = 1)
DROP PROCEDURE [DBO].[USER_SAVE_LDHP_XSANDNCD]
GO

SET QUOTED_IDENTIFIER OFF 
GO
SET ANSI_NULLS ON 
GO

CREATE PROCEDURE DBO.USER_SAVE_LDHP_XSANDNCD

@LDHP_XSANDNCD_ID [CHAR](32), 

@HISTORY_ID [INT],
@POLICY_DETAILS_ID [CHAR](32),
@NCD_ID [VARCHAR] (8),
@EXCESS_ID [VARCHAR] (8),
@USERINSTANCE [INT]

AS

INSERT INTO 
USER_LDHP_XSANDNCD
(
	LDHP_XSANDNCD_ID, 

	HISTORY_ID,
	POLICY_DETAILS_ID,
	[NCD_ID] ,
	[EXCESS_ID] ,
	USERINSTANCE
) VALUES (
	@LDHP_XSANDNCD_ID, 

	@HISTORY_ID,
   @POLICY_DETAILS_ID,
	@NCD_ID,
	@EXCESS_ID,
	@USERINSTANCE
)
GO

SET QUOTED_IDENTIFIER OFF 
GO
SET ANSI_NULLS ON 
GO

GRANT  EXECUTE  ON [DBO].[USER_SAVE_LDHP_XSANDNCD]  TO [TRANSACTORUSERS]
GO

GRANT  EXECUTE  ON [DBO].[USER_SAVE_LDHP_XSANDNCD]  TO [TRANSACTORPMUSERS]
GO    
      
IF EXISTS (SELECT * FROM DBO.SYSOBJECTS WHERE ID = OBJECT_ID(N'[DBO].[USER_UPDATE_LDHP_XSANDNCD]') AND OBJECTPROPERTY(ID, N'ISPROCEDURE') = 1)
DROP PROCEDURE [DBO].[USER_UPDATE_LDHP_XSANDNCD]
GO

SET QUOTED_IDENTIFIER OFF 
GO
SET ANSI_NULLS ON 
GO

CREATE PROCEDURE DBO.USER_UPDATE_LDHP_XSANDNCD

@LDHP_XSANDNCD_ID [CHAR](32), 

@HISTORY_ID [INT],    
@POLICY_DETAILS_ID [CHAR](32),
@NCD_ID [VARCHAR] (8),
@EXCESS_ID [VARCHAR] (8),
@USERINSTANCE [INT]

AS

SET NOCOUNT ON

UPDATE
  USER_LDHP_XSANDNCD
SET
  [LDHP_XSANDNCD_ID] = @LDHP_XSANDNCD_ID,  
  
  [HISTORY_ID] = @HISTORY_ID,
  [POLICY_DETAILS_ID] = @POLICY_DETAILS_ID,
  [NCD_ID] = @NCD_ID,
  [EXCESS_ID] = @EXCESS_ID,      
  [USERINSTANCE] = @USERINSTANCE
WHERE
  [LDHP_XSANDNCD_ID] = @LDHP_XSANDNCD_ID

  AND [HISTORY_ID] = @HISTORY_ID      


GO

SET QUOTED_IDENTIFIER OFF 
GO
SET ANSI_NULLS ON 
GO

GRANT  EXECUTE  ON [DBO].[USER_UPDATE_LDHP_XSANDNCD]  TO [TRANSACTORUSERS], [TRANSACTORPMUSERS]
GO
  
 
IF EXISTS (SELECT * FROM DBO.SYSOBJECTS WHERE ID = OBJECT_ID(N'[DBO].[USER_DELETE_LDHP_XSANDNCD]') AND OBJECTPROPERTY(ID, N'ISPROCEDURE') = 1)
DROP PROCEDURE [DBO].[USER_DELETE_LDHP_XSANDNCD]
GO
			
SET QUOTED_IDENTIFIER OFF 
GO
SET ANSI_NULLS ON 
GO

CREATE PROCEDURE DBO.USER_DELETE_LDHP_XSANDNCD (

@LDHP_XSANDNCD_ID [CHAR](32), 
@HISTORY_ID INT    
)	

AS

SET NOCOUNT ON

DELETE USER_LDHP_XSANDNCD WHERE [LDHP_XSANDNCD_ID] = @LDHP_XSANDNCD_ID AND [HISTORY_ID] = @HISTORY_ID
  
GO

SET QUOTED_IDENTIFIER OFF 
GO
SET ANSI_NULLS ON 
GO

GRANT  EXECUTE  ON [DBO].[USER_DELETE_LDHP_XSANDNCD]  TO [TRANSACTORUSERS], [TRANSACTORPMUSERS]
GO

CREATE TABLE [dbo].[USER_LDHP_PROPDET] (	
	[LDHP_PROPDET_ID] [CHAR] (32) NOT NULL ,
	[HISTORY_ID] [INT] NOT NULL ,
	[POLICY_DETAILS_ID] [CHAR] (32) NOT NULL,
    [RELATIONSHIP_ID] [VARCHAR] (8) NULL,
    [MARITAL_ID] [VARCHAR] (8) NULL,
    [AGE] [VARCHAR] (10) NULL,
    [DOB] [DATETIME] NULL,
    [SURNAME] [VARCHAR] (200) NULL,
    [INITIALS] [VARCHAR] (200) NULL,
    [FORENAME] [VARCHAR] (200) NULL,
    [TITLE_ID] [VARCHAR] (8) NULL,
    [FEMALE] [BIT] NULL,
    [MALE] [BIT] NULL,
    
	[USERINSTANCE] [INT] NULL
) ON [PRIMARY]
GO


ALTER TABLE [dbo].[USER_LDHP_PROPDET] WITH NOCHECK ADD 
	CONSTRAINT [PK_U_LDHP_PROPDET] PRIMARY KEY  CLUSTERED 
	(
		[LDHP_PROPDET_ID],
		[HISTORY_ID]
	)  ON [PRIMARY] 
GO


ALTER TABLE [dbo].[USER_LDHP_PROPDET] WITH NOCHECK ADD 					
	CONSTRAINT [DF_ULDHP_PROPDET3SOTMP54] DEFAULT ('0') FOR [RELATIONSHIP_ID]
GO
ALTER TABLE [dbo].[USER_LDHP_PROPDET] WITH NOCHECK ADD 					
	CONSTRAINT [DF_ULDHP_PROPDET3SOTMP55] DEFAULT ('0') FOR [MARITAL_ID]
GO
ALTER TABLE [dbo].[USER_LDHP_PROPDET] WITH NOCHECK ADD 					
	CONSTRAINT [DF_ULDHP_PROPDET3SOTMP65] DEFAULT ('0') FOR [TITLE_ID]
GO
ALTER TABLE [dbo].[USER_LDHP_PROPDET] WITH NOCHECK ADD 	
	CONSTRAINT [DF_ULDHP_PROPDET3SOTMP66] DEFAULT (0) FOR [FEMALE]
GO
ALTER TABLE [dbo].[USER_LDHP_PROPDET] WITH NOCHECK ADD 	
	CONSTRAINT [DF_ULDHP_PROPDET3SOTMP67] DEFAULT (0) FOR [MALE]
GO
GO

CREATE  INDEX [IDX_ULDHP_PROPDET] ON [dbo].[USER_LDHP_PROPDET]([POLICY_DETAILS_ID], [HISTORY_ID]) ON [PRIMARY]				
GO	

GRANT  SELECT  ON [dbo].[USER_LDHP_PROPDET]  TO [TRANSACTORUSERS]
GO

GRANT  SELECT  ON [dbo].[USER_LDHP_PROPDET]  TO [TRANSACTORPMUSERS]
GO


ALTER TABLE [dbo].[USER_LDHP_PROPDET] ADD 

	CONSTRAINT [FK_ULDHP_PROPDET] FOREIGN KEY 
	(
		[POLICY_DETAILS_ID],
		[HISTORY_ID]
	) REFERENCES [dbo].[CUSTOMER_POLICY_DETAILS] (
		[POLICY_DETAILS_ID],
		[HISTORY_ID]
	) NOT FOR REPLICATION
GO	
	
ALTER TABLE [dbo].[USER_LDHP_PROPDET] ADD 
	CONSTRAINT [FK_ULDHP_PROPDET3SOTMP68] FOREIGN KEY 
	(
		[RELATIONSHIP_ID]
    
	) REFERENCES [dbo].[LIST_RELATIONSHIP] (
		[RELATIONSHIP_ID]
	)	NOT FOR REPLICATION
	
GO
ALTER TABLE [dbo].[USER_LDHP_PROPDET] ADD 
	CONSTRAINT [FK_ULDHP_PROPDET3SOTMP69] FOREIGN KEY 
	(
		[MARITAL_ID]
    
	) REFERENCES [dbo].[LIST_MARITAL_STATUS] (
		[MARITAL_STATUS_ID]
	)	NOT FOR REPLICATION
	
GO
ALTER TABLE [dbo].[USER_LDHP_PROPDET] ADD 
	CONSTRAINT [FK_ULDHP_PROPDET3SOTMP60] FOREIGN KEY 
	(
		[TITLE_ID]
    
	) REFERENCES [dbo].[LIST_TITLE] (
		[TITLE_ID]
	)	NOT FOR REPLICATION
	
GO
 
IF EXISTS (SELECT * FROM DBO.SYSOBJECTS WHERE ID = OBJECT_ID(N'[DBO].[USER_READ_LDHP_PROPDET]') AND OBJECTPROPERTY(ID, N'ISPROCEDURE') = 1)
DROP PROCEDURE [DBO].[USER_READ_LDHP_PROPDET]
GO
			
SET QUOTED_IDENTIFIER OFF 
GO
SET ANSI_NULLS ON 
GO

CREATE PROCEDURE DBO.USER_READ_LDHP_PROPDET (

@POLICY_DETAILS_ID CHAR(32),
@HISTORY_ID INT    
  

)	

AS
	
SELECT	
	USER_LDHP_PROPDET.[LDHP_PROPDET_ID], 

  USER_LDHP_PROPDET.[HISTORY_ID],
	USER_LDHP_PROPDET.[POLICY_DETAILS_ID]
		,RELATIONSHIP_ALIAS.[RELATIONSHIP_ID] as RELATIONSHIP_ID,
	RELATIONSHIP_ALIAS.[RELATIONSHIP_DEBUG] as RELATIONSHIP_DEBUG,MARITAL_ALIAS.[MARITAL_STATUS_ID] as MARITAL_ID,
	MARITAL_ALIAS.[MARITAL_STATUS_DEBUG] as MARITAL_DEBUG,
	USER_LDHP_PROPDET.[AGE],
	USER_LDHP_PROPDET.[DOB],
	USER_LDHP_PROPDET.[SURNAME],
	USER_LDHP_PROPDET.[INITIALS],
	USER_LDHP_PROPDET.[FORENAME],TITLE_ALIAS.[TITLE_ID] as TITLE_ID,
	TITLE_ALIAS.[TITLE_DEBUG] as TITLE_DEBUG,
	USER_LDHP_PROPDET.[FEMALE],
	USER_LDHP_PROPDET.[MALE],
	USER_LDHP_PROPDET.USERINSTANCE
FROM		
	USER_LDHP_PROPDET
	INNER JOIN LIST_RELATIONSHIP as RELATIONSHIP_ALIAS ON USER_LDHP_PROPDET.[RELATIONSHIP_ID] = RELATIONSHIP_ALIAS.[RELATIONSHIP_ID]
	INNER JOIN LIST_MARITAL_STATUS as MARITAL_ALIAS ON USER_LDHP_PROPDET.[MARITAL_ID] = MARITAL_ALIAS.[MARITAL_STATUS_ID]
	INNER JOIN LIST_TITLE as TITLE_ALIAS ON USER_LDHP_PROPDET.[TITLE_ID] = TITLE_ALIAS.[TITLE_ID]
WHERE
  USER_LDHP_PROPDET.POLICY_DETAILS_ID = @POLICY_DETAILS_ID 
	AND USER_LDHP_PROPDET.HISTORY_ID = @HISTORY_ID      
    
ORDER BY
	USER_LDHP_PROPDET.USERINSTANCE ASC
		
GO

SET QUOTED_IDENTIFIER OFF 
GO
SET ANSI_NULLS ON 
GO

GRANT  EXECUTE  ON [DBO].[USER_READ_LDHP_PROPDET]  TO [TRANSACTORUSERS]
GO

GRANT  EXECUTE  ON [DBO].[USER_READ_LDHP_PROPDET]  TO [TRANSACTORPMUSERS]
GO

    
IF EXISTS (SELECT * FROM DBO.SYSOBJECTS WHERE ID = OBJECT_ID(N'[DBO].[USER_SAVE_LDHP_PROPDET]') AND OBJECTPROPERTY(ID, N'ISPROCEDURE') = 1)
DROP PROCEDURE [DBO].[USER_SAVE_LDHP_PROPDET]
GO

SET QUOTED_IDENTIFIER OFF 
GO
SET ANSI_NULLS ON 
GO

CREATE PROCEDURE DBO.USER_SAVE_LDHP_PROPDET

@LDHP_PROPDET_ID [CHAR](32), 

@HISTORY_ID [INT],
@POLICY_DETAILS_ID [CHAR](32),
@RELATIONSHIP_ID [VARCHAR] (8),
@MARITAL_ID [VARCHAR] (8),
				
@AGE [VARCHAR] (10),
@DOB [DATETIME],
				
@SURNAME [VARCHAR] (200),
				
@INITIALS [VARCHAR] (200),
				
@FORENAME [VARCHAR] (200),
@TITLE_ID [VARCHAR] (8),
@FEMALE [BIT],
@MALE [BIT],
@USERINSTANCE [INT]

AS

INSERT INTO 
USER_LDHP_PROPDET
(
	LDHP_PROPDET_ID, 

	HISTORY_ID,
	POLICY_DETAILS_ID,
	[RELATIONSHIP_ID] ,
	[MARITAL_ID] ,
	[AGE],
	[DOB],
	[SURNAME],
	[INITIALS],
	[FORENAME],
	[TITLE_ID] ,
	[FEMALE],
	[MALE],
	USERINSTANCE
) VALUES (
	@LDHP_PROPDET_ID, 

	@HISTORY_ID,
   @POLICY_DETAILS_ID,
	@RELATIONSHIP_ID,
	@MARITAL_ID,
	@AGE,
	@DOB,
	@SURNAME,
	@INITIALS,
	@FORENAME,
	@TITLE_ID,
	@FEMALE,
	@MALE,
	@USERINSTANCE
)
GO

SET QUOTED_IDENTIFIER OFF 
GO
SET ANSI_NULLS ON 
GO

GRANT  EXECUTE  ON [DBO].[USER_SAVE_LDHP_PROPDET]  TO [TRANSACTORUSERS]
GO

GRANT  EXECUTE  ON [DBO].[USER_SAVE_LDHP_PROPDET]  TO [TRANSACTORPMUSERS]
GO    
      
IF EXISTS (SELECT * FROM DBO.SYSOBJECTS WHERE ID = OBJECT_ID(N'[DBO].[USER_UPDATE_LDHP_PROPDET]') AND OBJECTPROPERTY(ID, N'ISPROCEDURE') = 1)
DROP PROCEDURE [DBO].[USER_UPDATE_LDHP_PROPDET]
GO

SET QUOTED_IDENTIFIER OFF 
GO
SET ANSI_NULLS ON 
GO

CREATE PROCEDURE DBO.USER_UPDATE_LDHP_PROPDET

@LDHP_PROPDET_ID [CHAR](32), 

@HISTORY_ID [INT],    
@POLICY_DETAILS_ID [CHAR](32),
@RELATIONSHIP_ID [VARCHAR] (8),
@MARITAL_ID [VARCHAR] (8),
				
@AGE [VARCHAR] (10),
@DOB [DATETIME],
				
@SURNAME [VARCHAR] (200),
				
@INITIALS [VARCHAR] (200),
				
@FORENAME [VARCHAR] (200),
@TITLE_ID [VARCHAR] (8),
@FEMALE [BIT],
@MALE [BIT],
@USERINSTANCE [INT]

AS

SET NOCOUNT ON

UPDATE
  USER_LDHP_PROPDET
SET
  [LDHP_PROPDET_ID] = @LDHP_PROPDET_ID,  
  
  [HISTORY_ID] = @HISTORY_ID,
  [POLICY_DETAILS_ID] = @POLICY_DETAILS_ID,
  [RELATIONSHIP_ID] = @RELATIONSHIP_ID,
  [MARITAL_ID] = @MARITAL_ID,
  [AGE] = @AGE,
  [DOB] = @DOB,
  [SURNAME] = @SURNAME,
  [INITIALS] = @INITIALS,
  [FORENAME] = @FORENAME,
  [TITLE_ID] = @TITLE_ID,
  [FEMALE] = @FEMALE,
  [MALE] = @MALE,      
  [USERINSTANCE] = @USERINSTANCE
WHERE
  [LDHP_PROPDET_ID] = @LDHP_PROPDET_ID

  AND [HISTORY_ID] = @HISTORY_ID      


GO

SET QUOTED_IDENTIFIER OFF 
GO
SET ANSI_NULLS ON 
GO

GRANT  EXECUTE  ON [DBO].[USER_UPDATE_LDHP_PROPDET]  TO [TRANSACTORUSERS], [TRANSACTORPMUSERS]
GO
  
 
IF EXISTS (SELECT * FROM DBO.SYSOBJECTS WHERE ID = OBJECT_ID(N'[DBO].[USER_DELETE_LDHP_PROPDET]') AND OBJECTPROPERTY(ID, N'ISPROCEDURE') = 1)
DROP PROCEDURE [DBO].[USER_DELETE_LDHP_PROPDET]
GO
			
SET QUOTED_IDENTIFIER OFF 
GO
SET ANSI_NULLS ON 
GO

CREATE PROCEDURE DBO.USER_DELETE_LDHP_PROPDET (

@LDHP_PROPDET_ID [CHAR](32), 
@HISTORY_ID INT    
)	

AS

SET NOCOUNT ON

DELETE USER_LDHP_PROPDET WHERE [LDHP_PROPDET_ID] = @LDHP_PROPDET_ID AND [HISTORY_ID] = @HISTORY_ID
  
GO

SET QUOTED_IDENTIFIER OFF 
GO
SET ANSI_NULLS ON 
GO

GRANT  EXECUTE  ON [DBO].[USER_DELETE_LDHP_PROPDET]  TO [TRANSACTORUSERS], [TRANSACTORPMUSERS]
GO

CREATE TABLE [dbo].[USER_LDHP_EXTCOV] (	
	[LDHP_EXTCOV_ID] [CHAR] (32) NOT NULL ,
	[HISTORY_ID] [INT] NOT NULL ,
	[POLICY_DETAILS_ID] [CHAR] (32) NOT NULL,
    [PROPONCOVER] [NUMERIC] (18,2) NULL,
    [RSADISCOUN_ID] [VARCHAR] (8) NULL,
    
	[USERINSTANCE] [INT] NULL
) ON [PRIMARY]
GO


ALTER TABLE [dbo].[USER_LDHP_EXTCOV] WITH NOCHECK ADD 
	CONSTRAINT [PK_U_LDHP_EXTCOV] PRIMARY KEY  CLUSTERED 
	(
		[LDHP_EXTCOV_ID],
		[HISTORY_ID]
	)  ON [PRIMARY] 
GO


ALTER TABLE [dbo].[USER_LDHP_EXTCOV] WITH NOCHECK ADD 					
	CONSTRAINT [DF_ULDHP_EXTCOV3SOTMP61] DEFAULT ('0') FOR [RSADISCOUN_ID]
GO
GO

CREATE  INDEX [IDX_ULDHP_EXTCOV] ON [dbo].[USER_LDHP_EXTCOV]([POLICY_DETAILS_ID], [HISTORY_ID]) ON [PRIMARY]				
GO	

GRANT  SELECT  ON [dbo].[USER_LDHP_EXTCOV]  TO [TRANSACTORUSERS]
GO

GRANT  SELECT  ON [dbo].[USER_LDHP_EXTCOV]  TO [TRANSACTORPMUSERS]
GO


ALTER TABLE [dbo].[USER_LDHP_EXTCOV] ADD 

	CONSTRAINT [FK_ULDHP_EXTCOV] FOREIGN KEY 
	(
		[POLICY_DETAILS_ID],
		[HISTORY_ID]
	) REFERENCES [dbo].[CUSTOMER_POLICY_DETAILS] (
		[POLICY_DETAILS_ID],
		[HISTORY_ID]
	) NOT FOR REPLICATION
GO	
	
ALTER TABLE [dbo].[USER_LDHP_EXTCOV] ADD 
	CONSTRAINT [FK_ULDHP_EXTCOV3SOTMP62] FOREIGN KEY 
	(
		[RSADISCOUN_ID]
    
	) REFERENCES [dbo].[LIST_RSA_DISCOUNT] (
		[RSA_DISCOUNT_ID]
	)	NOT FOR REPLICATION
	
GO
 
IF EXISTS (SELECT * FROM DBO.SYSOBJECTS WHERE ID = OBJECT_ID(N'[DBO].[USER_READ_LDHP_EXTCOV]') AND OBJECTPROPERTY(ID, N'ISPROCEDURE') = 1)
DROP PROCEDURE [DBO].[USER_READ_LDHP_EXTCOV]
GO
			
SET QUOTED_IDENTIFIER OFF 
GO
SET ANSI_NULLS ON 
GO

CREATE PROCEDURE DBO.USER_READ_LDHP_EXTCOV (

@POLICY_DETAILS_ID CHAR(32),
@HISTORY_ID INT    
  

)	

AS
	
SELECT	
	USER_LDHP_EXTCOV.[LDHP_EXTCOV_ID], 

  USER_LDHP_EXTCOV.[HISTORY_ID],
	USER_LDHP_EXTCOV.[POLICY_DETAILS_ID]
		,
	USER_LDHP_EXTCOV.[PROPONCOVER],RSADISCOUN_ALIAS.[RSA_DISCOUNT_ID] as RSADISCOUN_ID,
	RSADISCOUN_ALIAS.[RSA_DISCOUNT_DEBUG] as RSADISCOUN_DEBUG,
	USER_LDHP_EXTCOV.USERINSTANCE
FROM		
	USER_LDHP_EXTCOV
	INNER JOIN LIST_RSA_DISCOUNT as RSADISCOUN_ALIAS ON USER_LDHP_EXTCOV.[RSADISCOUN_ID] = RSADISCOUN_ALIAS.[RSA_DISCOUNT_ID]
WHERE
  USER_LDHP_EXTCOV.POLICY_DETAILS_ID = @POLICY_DETAILS_ID 
	AND USER_LDHP_EXTCOV.HISTORY_ID = @HISTORY_ID      
    
ORDER BY
	USER_LDHP_EXTCOV.USERINSTANCE ASC
		
GO

SET QUOTED_IDENTIFIER OFF 
GO
SET ANSI_NULLS ON 
GO

GRANT  EXECUTE  ON [DBO].[USER_READ_LDHP_EXTCOV]  TO [TRANSACTORUSERS]
GO

GRANT  EXECUTE  ON [DBO].[USER_READ_LDHP_EXTCOV]  TO [TRANSACTORPMUSERS]
GO

    
IF EXISTS (SELECT * FROM DBO.SYSOBJECTS WHERE ID = OBJECT_ID(N'[DBO].[USER_SAVE_LDHP_EXTCOV]') AND OBJECTPROPERTY(ID, N'ISPROCEDURE') = 1)
DROP PROCEDURE [DBO].[USER_SAVE_LDHP_EXTCOV]
GO

SET QUOTED_IDENTIFIER OFF 
GO
SET ANSI_NULLS ON 
GO

CREATE PROCEDURE DBO.USER_SAVE_LDHP_EXTCOV

@LDHP_EXTCOV_ID [CHAR](32), 

@HISTORY_ID [INT],
@POLICY_DETAILS_ID [CHAR](32),
				
@PROPONCOVER [NUMERIC] (18,2),
@RSADISCOUN_ID [VARCHAR] (8),
@USERINSTANCE [INT]

AS

INSERT INTO 
USER_LDHP_EXTCOV
(
	LDHP_EXTCOV_ID, 

	HISTORY_ID,
	POLICY_DETAILS_ID,
	[PROPONCOVER],
	[RSADISCOUN_ID] ,
	USERINSTANCE
) VALUES (
	@LDHP_EXTCOV_ID, 

	@HISTORY_ID,
   @POLICY_DETAILS_ID,
	@PROPONCOVER,
	@RSADISCOUN_ID,
	@USERINSTANCE
)
GO

SET QUOTED_IDENTIFIER OFF 
GO
SET ANSI_NULLS ON 
GO

GRANT  EXECUTE  ON [DBO].[USER_SAVE_LDHP_EXTCOV]  TO [TRANSACTORUSERS]
GO

GRANT  EXECUTE  ON [DBO].[USER_SAVE_LDHP_EXTCOV]  TO [TRANSACTORPMUSERS]
GO    
      
IF EXISTS (SELECT * FROM DBO.SYSOBJECTS WHERE ID = OBJECT_ID(N'[DBO].[USER_UPDATE_LDHP_EXTCOV]') AND OBJECTPROPERTY(ID, N'ISPROCEDURE') = 1)
DROP PROCEDURE [DBO].[USER_UPDATE_LDHP_EXTCOV]
GO

SET QUOTED_IDENTIFIER OFF 
GO
SET ANSI_NULLS ON 
GO

CREATE PROCEDURE DBO.USER_UPDATE_LDHP_EXTCOV

@LDHP_EXTCOV_ID [CHAR](32), 

@HISTORY_ID [INT],    
@POLICY_DETAILS_ID [CHAR](32),
				
@PROPONCOVER [NUMERIC] (18,2),
@RSADISCOUN_ID [VARCHAR] (8),
@USERINSTANCE [INT]

AS

SET NOCOUNT ON

UPDATE
  USER_LDHP_EXTCOV
SET
  [LDHP_EXTCOV_ID] = @LDHP_EXTCOV_ID,  
  
  [HISTORY_ID] = @HISTORY_ID,
  [POLICY_DETAILS_ID] = @POLICY_DETAILS_ID,
  [PROPONCOVER] = @PROPONCOVER,
  [RSADISCOUN_ID] = @RSADISCOUN_ID,      
  [USERINSTANCE] = @USERINSTANCE
WHERE
  [LDHP_EXTCOV_ID] = @LDHP_EXTCOV_ID

  AND [HISTORY_ID] = @HISTORY_ID      


GO

SET QUOTED_IDENTIFIER OFF 
GO
SET ANSI_NULLS ON 
GO

GRANT  EXECUTE  ON [DBO].[USER_UPDATE_LDHP_EXTCOV]  TO [TRANSACTORUSERS], [TRANSACTORPMUSERS]
GO
  
 
IF EXISTS (SELECT * FROM DBO.SYSOBJECTS WHERE ID = OBJECT_ID(N'[DBO].[USER_DELETE_LDHP_EXTCOV]') AND OBJECTPROPERTY(ID, N'ISPROCEDURE') = 1)
DROP PROCEDURE [DBO].[USER_DELETE_LDHP_EXTCOV]
GO
			
SET QUOTED_IDENTIFIER OFF 
GO
SET ANSI_NULLS ON 
GO

CREATE PROCEDURE DBO.USER_DELETE_LDHP_EXTCOV (

@LDHP_EXTCOV_ID [CHAR](32), 
@HISTORY_ID INT    
)	

AS

SET NOCOUNT ON

DELETE USER_LDHP_EXTCOV WHERE [LDHP_EXTCOV_ID] = @LDHP_EXTCOV_ID AND [HISTORY_ID] = @HISTORY_ID
  
GO

SET QUOTED_IDENTIFIER OFF 
GO
SET ANSI_NULLS ON 
GO

GRANT  EXECUTE  ON [DBO].[USER_DELETE_LDHP_EXTCOV]  TO [TRANSACTORUSERS], [TRANSACTORPMUSERS]
GO

CREATE TABLE [dbo].[USER_LDHP_OCCUPAT] (	
	[LDHP_OCCUPAT_ID] [CHAR] (32) NOT NULL ,
	[HISTORY_ID] [INT] NOT NULL ,
	[LDHP_PROPDET_ID] [CHAR] (32) NOT NULL,
    [PARTTIME] [BIT] NULL,
    [EMPSTATUS_ID] [VARCHAR] (8) NULL,
    [EMPLOYERSBUS_ID] [VARCHAR] (8) NULL,
    [OCCUPATION_ID] [VARCHAR] (8) NULL,
    
	[USERINSTANCE] [INT] NULL
) ON [PRIMARY]
GO


ALTER TABLE [dbo].[USER_LDHP_OCCUPAT] WITH NOCHECK ADD 
	CONSTRAINT [PK_U_LDHP_OCCUPAT] PRIMARY KEY  CLUSTERED 
	(
		[LDHP_OCCUPAT_ID],
		[HISTORY_ID]
	)  ON [PRIMARY] 
GO


ALTER TABLE [dbo].[USER_LDHP_OCCUPAT] WITH NOCHECK ADD 				
	CONSTRAINT [DF_ULDHP_OCCUPAT3SOTMP63] DEFAULT (0) FOR [PARTTIME]
GO
ALTER TABLE [dbo].[USER_LDHP_OCCUPAT] WITH NOCHECK ADD 					
	CONSTRAINT [DF_ULDHP_OCCUPAT3SOTMP73] DEFAULT ('0') FOR [EMPSTATUS_ID]
GO
ALTER TABLE [dbo].[USER_LDHP_OCCUPAT] WITH NOCHECK ADD 					
	CONSTRAINT [DF_ULDHP_OCCUPAT3SOTMP74] DEFAULT ('0') FOR [EMPLOYERSBUS_ID]
GO
ALTER TABLE [dbo].[USER_LDHP_OCCUPAT] WITH NOCHECK ADD 					
	CONSTRAINT [DF_ULDHP_OCCUPAT3SOTMP75] DEFAULT ('0') FOR [OCCUPATION_ID]
GO
GO

CREATE  INDEX [IDX_ULDHP_OCCUPAT] ON [dbo].[USER_LDHP_OCCUPAT]([LDHP_PROPDET_ID], [HISTORY_ID]) ON [PRIMARY]				
GO	

GRANT  SELECT  ON [dbo].[USER_LDHP_OCCUPAT]  TO [TRANSACTORUSERS]
GO

GRANT  SELECT  ON [dbo].[USER_LDHP_OCCUPAT]  TO [TRANSACTORPMUSERS]
GO


ALTER TABLE [dbo].[USER_LDHP_OCCUPAT] ADD 

CONSTRAINT [FK_ULDHP_OCCUPAT] FOREIGN KEY 
(
	[LDHP_PROPDET_ID],
	[HISTORY_ID]
) REFERENCES [dbo].[USER_LDHP_PROPDET] (
	[LDHP_PROPDET_ID],
	[HISTORY_ID]
) NOT FOR REPLICATION
GO
	
ALTER TABLE [dbo].[USER_LDHP_OCCUPAT] ADD 
	CONSTRAINT [FK_ULDHP_OCCUPAT3SOTMP76] FOREIGN KEY 
	(
		[EMPSTATUS_ID]
    
	) REFERENCES [dbo].[LIST_EMPLOYMENT_STATUS] (
		[EMPLOYMENT_STATUS_ID]
	)	NOT FOR REPLICATION
	
GO
ALTER TABLE [dbo].[USER_LDHP_OCCUPAT] ADD 
	CONSTRAINT [FK_ULDHP_OCCUPAT3SOTMP77] FOREIGN KEY 
	(
		[EMPLOYERSBUS_ID]
    
	) REFERENCES [dbo].[LIST_EMPLOYERS_BUS] (
		[EMPLOYERS_BUS_ID]
	)	NOT FOR REPLICATION
	
GO
ALTER TABLE [dbo].[USER_LDHP_OCCUPAT] ADD 
	CONSTRAINT [FK_ULDHP_OCCUPAT3SOTMP78] FOREIGN KEY 
	(
		[OCCUPATION_ID]
    
	) REFERENCES [dbo].[LIST_OCCUPATION] (
		[OCCUPATION_ID]
	)	NOT FOR REPLICATION
	
GO
 
IF EXISTS (SELECT * FROM DBO.SYSOBJECTS WHERE ID = OBJECT_ID(N'[DBO].[USER_READ_LDHP_OCCUPAT]') AND OBJECTPROPERTY(ID, N'ISPROCEDURE') = 1)
DROP PROCEDURE [DBO].[USER_READ_LDHP_OCCUPAT]
GO
			
SET QUOTED_IDENTIFIER OFF 
GO
SET ANSI_NULLS ON 
GO

CREATE PROCEDURE DBO.USER_READ_LDHP_OCCUPAT (

@LDHP_PROPDET_ID CHAR(32),
@HISTORY_ID INT    
  

)	

AS
	
SELECT	
	USER_LDHP_OCCUPAT.[LDHP_OCCUPAT_ID], 

  USER_LDHP_OCCUPAT.[HISTORY_ID],
	USER_LDHP_OCCUPAT.[LDHP_PROPDET_ID]
		,
	USER_LDHP_OCCUPAT.[PARTTIME],EMPSTATUS_ALIAS.[EMPLOYMENT_STATUS_ID] as EMPSTATUS_ID,
	EMPSTATUS_ALIAS.[EMPLOYMENT_STATUS_DEBUG] as EMPSTATUS_DEBUG,EMPLOYERSBUS_ALIAS.[EMPLOYERS_BUS_ID] as EMPLOYERSBUS_ID,
	EMPLOYERSBUS_ALIAS.[EMPLOYERS_BUS_DEBUG] as EMPLOYERSBUS_DEBUG,OCCUPATION_ALIAS.[OCCUPATION_ID] as OCCUPATION_ID,
	OCCUPATION_ALIAS.[OCCUPATION_DEBUG] as OCCUPATION_DEBUG,
	USER_LDHP_OCCUPAT.USERINSTANCE
FROM		
	USER_LDHP_OCCUPAT
	INNER JOIN LIST_EMPLOYMENT_STATUS as EMPSTATUS_ALIAS ON USER_LDHP_OCCUPAT.[EMPSTATUS_ID] = EMPSTATUS_ALIAS.[EMPLOYMENT_STATUS_ID]
	INNER JOIN LIST_EMPLOYERS_BUS as EMPLOYERSBUS_ALIAS ON USER_LDHP_OCCUPAT.[EMPLOYERSBUS_ID] = EMPLOYERSBUS_ALIAS.[EMPLOYERS_BUS_ID]
	INNER JOIN LIST_OCCUPATION as OCCUPATION_ALIAS ON USER_LDHP_OCCUPAT.[OCCUPATION_ID] = OCCUPATION_ALIAS.[OCCUPATION_ID]
WHERE
  USER_LDHP_OCCUPAT.LDHP_PROPDET_ID = @LDHP_PROPDET_ID
	AND USER_LDHP_OCCUPAT.HISTORY_ID = @HISTORY_ID      
    
ORDER BY
	USER_LDHP_OCCUPAT.USERINSTANCE ASC
		
GO

SET QUOTED_IDENTIFIER OFF 
GO
SET ANSI_NULLS ON 
GO

GRANT  EXECUTE  ON [DBO].[USER_READ_LDHP_OCCUPAT]  TO [TRANSACTORUSERS]
GO

GRANT  EXECUTE  ON [DBO].[USER_READ_LDHP_OCCUPAT]  TO [TRANSACTORPMUSERS]
GO

    
IF EXISTS (SELECT * FROM DBO.SYSOBJECTS WHERE ID = OBJECT_ID(N'[DBO].[USER_SAVE_LDHP_OCCUPAT]') AND OBJECTPROPERTY(ID, N'ISPROCEDURE') = 1)
DROP PROCEDURE [DBO].[USER_SAVE_LDHP_OCCUPAT]
GO

SET QUOTED_IDENTIFIER OFF 
GO
SET ANSI_NULLS ON 
GO

CREATE PROCEDURE DBO.USER_SAVE_LDHP_OCCUPAT

@LDHP_OCCUPAT_ID [CHAR](32), 

@HISTORY_ID [INT],
@LDHP_PROPDET_ID CHAR(32),
@PARTTIME [BIT],
@EMPSTATUS_ID [VARCHAR] (8),
@EMPLOYERSBUS_ID [VARCHAR] (8),
@OCCUPATION_ID [VARCHAR] (8),
@USERINSTANCE [INT]

AS

INSERT INTO 
USER_LDHP_OCCUPAT
(
	LDHP_OCCUPAT_ID, 

	HISTORY_ID,
	LDHP_PROPDET_ID,
	[PARTTIME],
	[EMPSTATUS_ID] ,
	[EMPLOYERSBUS_ID] ,
	[OCCUPATION_ID] ,
	USERINSTANCE
) VALUES (
	@LDHP_OCCUPAT_ID, 

	@HISTORY_ID,
   @LDHP_PROPDET_ID,
	@PARTTIME,
	@EMPSTATUS_ID,
	@EMPLOYERSBUS_ID,
	@OCCUPATION_ID,
	@USERINSTANCE
)
GO

SET QUOTED_IDENTIFIER OFF 
GO
SET ANSI_NULLS ON 
GO

GRANT  EXECUTE  ON [DBO].[USER_SAVE_LDHP_OCCUPAT]  TO [TRANSACTORUSERS]
GO

GRANT  EXECUTE  ON [DBO].[USER_SAVE_LDHP_OCCUPAT]  TO [TRANSACTORPMUSERS]
GO    
      
IF EXISTS (SELECT * FROM DBO.SYSOBJECTS WHERE ID = OBJECT_ID(N'[DBO].[USER_UPDATE_LDHP_OCCUPAT]') AND OBJECTPROPERTY(ID, N'ISPROCEDURE') = 1)
DROP PROCEDURE [DBO].[USER_UPDATE_LDHP_OCCUPAT]
GO

SET QUOTED_IDENTIFIER OFF 
GO
SET ANSI_NULLS ON 
GO

CREATE PROCEDURE DBO.USER_UPDATE_LDHP_OCCUPAT

@LDHP_OCCUPAT_ID [CHAR](32), 

@HISTORY_ID [INT],    
@LDHP_PROPDET_ID CHAR(32),
@PARTTIME [BIT],
@EMPSTATUS_ID [VARCHAR] (8),
@EMPLOYERSBUS_ID [VARCHAR] (8),
@OCCUPATION_ID [VARCHAR] (8),
@USERINSTANCE [INT]

AS

SET NOCOUNT ON

UPDATE
  USER_LDHP_OCCUPAT
SET
  [LDHP_OCCUPAT_ID] = @LDHP_OCCUPAT_ID,  
  
  [HISTORY_ID] = @HISTORY_ID,
  [LDHP_PROPDET_ID] = @LDHP_PROPDET_ID,
  [PARTTIME] = @PARTTIME,
  [EMPSTATUS_ID] = @EMPSTATUS_ID,
  [EMPLOYERSBUS_ID] = @EMPLOYERSBUS_ID,
  [OCCUPATION_ID] = @OCCUPATION_ID,      
  [USERINSTANCE] = @USERINSTANCE
WHERE
  [LDHP_OCCUPAT_ID] = @LDHP_OCCUPAT_ID

  AND [HISTORY_ID] = @HISTORY_ID      


GO

SET QUOTED_IDENTIFIER OFF 
GO
SET ANSI_NULLS ON 
GO

GRANT  EXECUTE  ON [DBO].[USER_UPDATE_LDHP_OCCUPAT]  TO [TRANSACTORUSERS], [TRANSACTORPMUSERS]
GO
  
 
IF EXISTS (SELECT * FROM DBO.SYSOBJECTS WHERE ID = OBJECT_ID(N'[DBO].[USER_DELETE_LDHP_OCCUPAT]') AND OBJECTPROPERTY(ID, N'ISPROCEDURE') = 1)
DROP PROCEDURE [DBO].[USER_DELETE_LDHP_OCCUPAT]
GO
			
SET QUOTED_IDENTIFIER OFF 
GO
SET ANSI_NULLS ON 
GO

CREATE PROCEDURE DBO.USER_DELETE_LDHP_OCCUPAT (

@LDHP_OCCUPAT_ID [CHAR](32), 
@HISTORY_ID INT    
)	

AS

SET NOCOUNT ON

DELETE USER_LDHP_OCCUPAT WHERE [LDHP_OCCUPAT_ID] = @LDHP_OCCUPAT_ID AND [HISTORY_ID] = @HISTORY_ID
  
GO

SET QUOTED_IDENTIFIER OFF 
GO
SET ANSI_NULLS ON 
GO

GRANT  EXECUTE  ON [DBO].[USER_DELETE_LDHP_OCCUPAT]  TO [TRANSACTORUSERS], [TRANSACTORPMUSERS]
GO

IF EXISTS (SELECT * FROM DBO.SYSOBJECTS WHERE ID = OBJECT_ID(N'[DBO].[USER_DELETE_LDHP]') AND OBJECTPROPERTY(ID, N'ISPROCEDURE') = 1)
DROP PROCEDURE [DBO].[USER_DELETE_LDHP]
GO

SET QUOTED_IDENTIFIER OFF 
GO
SET ANSI_NULLS ON 
GO

CREATE PROCEDURE DBO.USER_DELETE_LDHP

@POLICY_DETAILS_ID CHAR(32),
@HISTORY_ID INT

AS



DELETE USER_LDHP_GENQUEST
WHERE LDHP_GENQUEST_ID IN
(

SELECT LDHP_GENQUEST_ID FROM USER_LDHP_GENQUEST WHERE (POLICY_DETAILS_ID = @POLICY_DETAILS_ID AND HISTORY_ID = @HISTORY_ID)
				
)
AND HISTORY_ID = @HISTORY_ID

		

DELETE USER_LDHP_HHDETAIL
WHERE LDHP_HHDETAIL_ID IN
(

SELECT LDHP_HHDETAIL_ID FROM USER_LDHP_HHDETAIL WHERE (POLICY_DETAILS_ID = @POLICY_DETAILS_ID AND HISTORY_ID = @HISTORY_ID)
				
)
AND HISTORY_ID = @HISTORY_ID

		

DELETE USER_LDHP_HPCLAIM
WHERE LDHP_HPCLAIM_ID IN
(

SELECT LDHP_HPCLAIM_ID FROM USER_LDHP_HPCLAIM WHERE (POLICY_DETAILS_ID = @POLICY_DETAILS_ID AND HISTORY_ID = @HISTORY_ID)
				
)
AND HISTORY_ID = @HISTORY_ID

		

DELETE USER_LDHP_XSANDNCD
WHERE LDHP_XSANDNCD_ID IN
(

SELECT LDHP_XSANDNCD_ID FROM USER_LDHP_XSANDNCD WHERE (POLICY_DETAILS_ID = @POLICY_DETAILS_ID AND HISTORY_ID = @HISTORY_ID)
				
)
AND HISTORY_ID = @HISTORY_ID

		

DELETE USER_LDHP_OCCUPAT
WHERE LDHP_OCCUPAT_ID IN
(
SELECT LDHP_OCCUPAT_ID
FROM USER_LDHP_OCCUPAT
WHERE LDHP_PROPDET_ID
	IN (
					
SELECT LDHP_PROPDET_ID FROM USER_LDHP_PROPDET WHERE (POLICY_DETAILS_ID = @POLICY_DETAILS_ID AND HISTORY_ID = @HISTORY_ID)
				
	)
AND HISTORY_ID = @HISTORY_ID
				
)
AND HISTORY_ID = @HISTORY_ID

		

DELETE USER_LDHP_PROPDET
WHERE LDHP_PROPDET_ID IN
(

SELECT LDHP_PROPDET_ID FROM USER_LDHP_PROPDET WHERE (POLICY_DETAILS_ID = @POLICY_DETAILS_ID AND HISTORY_ID = @HISTORY_ID)
				
)
AND HISTORY_ID = @HISTORY_ID

		

DELETE USER_LDHP_EXTCOV
WHERE LDHP_EXTCOV_ID IN
(

SELECT LDHP_EXTCOV_ID FROM USER_LDHP_EXTCOV WHERE (POLICY_DETAILS_ID = @POLICY_DETAILS_ID AND HISTORY_ID = @HISTORY_ID)
				
)
AND HISTORY_ID = @HISTORY_ID

		

GO
SET QUOTED_IDENTIFIER OFF 
GO
SET ANSI_NULLS ON 
GO

GRANT  EXECUTE  ON [DBO].[USER_DELETE_LDHP]  TO [TRANSACTORUSERS]
GO

GRANT  EXECUTE  ON [DBO].[USER_DELETE_LDHP]  TO [TRANSACTORPMUSERS]
GO    
  
--User Link Tables
		
DELETE FROM SYSTEM_QUESTIONS WHERE PARENTID = 'UO_LDHP_GENQUEST'
DELETE FROM SYSTEM_OBJECTS WHERE ID = 'UO_LDHP_GENQUEST'
      
IF NOT EXISTS (SELECT ID FROM SYSTEM_OBJECTS WHERE ID = 'UO_LDHP_GENQUEST')
INSERT INTO SYSTEM_OBJECTS (ID,DESCRIPTION,PARENTID,INSTANCE,OBJECT_ID,PRODUCTTYPE) VALUES ('UO_LDHP_GENQUEST', 'General Questions (Holiday Property)','Policy_Details','s',NULL,'213')
        
IF NOT EXISTS (SELECT ID FROM SYSTEM_QUESTIONS WHERE ID = 'UQ_LDHP_GENQUEST_Details')
 
INSERT INTO SYSTEM_QUESTIONS (ID,DESCRIPTION,PARENTID,EXCLUSIONS,TYPE,TESTDEFAULT,VARIABLETYPE,TABLENAME) VALUES ('UQ_LDHP_GENQUEST_Details','Details','UO_LDHP_GENQUEST',NULL,'t',NULL,NULL,NULL)	
IF NOT EXISTS (SELECT ID FROM SYSTEM_QUESTIONS WHERE ID = 'UQ_LDHP_GENQUEST_ExtraPre')
INSERT INTO SYSTEM_QUESTIONS (ID,DESCRIPTION,PARENTID,EXCLUSIONS,TYPE,TESTDEFAULT,VARIABLETYPE,TABLENAME) VALUES ('UQ_LDHP_GENQUEST_ExtraPre','ExtraPre','UO_LDHP_GENQUEST',NULL,'b',NULL,NULL,NULL)
IF NOT EXISTS (SELECT ID FROM SYSTEM_QUESTIONS WHERE ID = 'UQ_LDHP_GENQUEST_CriminalOffence')
INSERT INTO SYSTEM_QUESTIONS (ID,DESCRIPTION,PARENTID,EXCLUSIONS,TYPE,TESTDEFAULT,VARIABLETYPE,TABLENAME) VALUES ('UQ_LDHP_GENQUEST_CriminalOffence','CriminalOffence','UO_LDHP_GENQUEST',NULL,'b',NULL,NULL,NULL)
IF NOT EXISTS (SELECT ID FROM SYSTEM_QUESTIONS WHERE ID = 'UQ_LDHP_GENQUEST_RefOrCancel')
INSERT INTO SYSTEM_QUESTIONS (ID,DESCRIPTION,PARENTID,EXCLUSIONS,TYPE,TESTDEFAULT,VARIABLETYPE,TABLENAME) VALUES ('UQ_LDHP_GENQUEST_RefOrCancel','RefOrCancel','UO_LDHP_GENQUEST',NULL,'b',NULL,NULL,NULL)

DELETE FROM SYSTEM_QUESTIONS WHERE PARENTID = 'UO_LDHP_HHDETAIL'
DELETE FROM SYSTEM_OBJECTS WHERE ID = 'UO_LDHP_HHDETAIL'
      
IF NOT EXISTS (SELECT ID FROM SYSTEM_OBJECTS WHERE ID = 'UO_LDHP_HHDETAIL')
INSERT INTO SYSTEM_OBJECTS (ID,DESCRIPTION,PARENTID,INSTANCE,OBJECT_ID,PRODUCTTYPE) VALUES ('UO_LDHP_HHDETAIL', 'Holiday Home Details (Holiday Property)','Policy_Details','s',NULL,'213')
        
IF NOT EXISTS (SELECT ID FROM SYSTEM_QUESTIONS WHERE ID = 'UQ_LDHP_HHDETAIL_YearBuilt')
 
INSERT INTO SYSTEM_QUESTIONS (ID,DESCRIPTION,PARENTID,EXCLUSIONS,TYPE,TESTDEFAULT,VARIABLETYPE,TABLENAME) VALUES ('UQ_LDHP_HHDETAIL_YearBuilt','YearBuilt','UO_LDHP_HHDETAIL',NULL,'n',NULL,NULL,NULL)	
	
IF NOT EXISTS (SELECT ID FROM SYSTEM_QUESTIONS WHERE ID = 'UQ_LDHP_HHDETAIL_ContentValue')
 
INSERT INTO SYSTEM_QUESTIONS (ID,DESCRIPTION,PARENTID,EXCLUSIONS,TYPE,TESTDEFAULT,VARIABLETYPE,TABLENAME) VALUES ('UQ_LDHP_HHDETAIL_ContentValue','ContentValue','UO_LDHP_HHDETAIL',NULL,'t',NULL,NULL,NULL)	
IF NOT EXISTS (SELECT ID FROM SYSTEM_QUESTIONS WHERE ID = 'UQ_LDHP_HHDETAIL_ADPets')
INSERT INTO SYSTEM_QUESTIONS (ID,DESCRIPTION,PARENTID,EXCLUSIONS,TYPE,TESTDEFAULT,VARIABLETYPE,TABLENAME) VALUES ('UQ_LDHP_HHDETAIL_ADPets','ADPets','UO_LDHP_HHDETAIL',NULL,'b',NULL,NULL,NULL)
IF NOT EXISTS (SELECT ID FROM SYSTEM_QUESTIONS WHERE ID = 'UQ_LDHP_HHDETAIL_ADCover')
INSERT INTO SYSTEM_QUESTIONS (ID,DESCRIPTION,PARENTID,EXCLUSIONS,TYPE,TESTDEFAULT,VARIABLETYPE,TABLENAME) VALUES ('UQ_LDHP_HHDETAIL_ADCover','ADCover','UO_LDHP_HHDETAIL',NULL,'b',NULL,NULL,NULL)

IF NOT EXISTS (SELECT ID FROM SYSTEM_QUESTIONS WHERE ID = 'UQ_LDHP_HHDETAIL_BuildingValue')
 
INSERT INTO SYSTEM_QUESTIONS (ID,DESCRIPTION,PARENTID,EXCLUSIONS,TYPE,TESTDEFAULT,VARIABLETYPE,TABLENAME) VALUES ('UQ_LDHP_HHDETAIL_BuildingValue','BuildingValue','UO_LDHP_HHDETAIL',NULL,'n',NULL,NULL,NULL)	
	IF NOT EXISTS (SELECT ID FROM SYSTEM_QUESTIONS WHERE ID = 'UQ_LDHP_HHDETAIL_BusUse')
	
INSERT INTO SYSTEM_QUESTIONS (ID,DESCRIPTION,PARENTID,EXCLUSIONS,TYPE,TESTDEFAULT,VARIABLETYPE,TABLENAME) VALUES ('UQ_LDHP_HHDETAIL_BusUse','BusUse','UO_LDHP_HHDETAIL',NULL,'t',NULL,NULL, 'LIST_HH_BUSINESS_USE')
		IF NOT EXISTS (SELECT ID FROM SYSTEM_QUESTIONS WHERE ID = 'UQ_LDHP_HHDETAIL_Unoccupancy')
	
INSERT INTO SYSTEM_QUESTIONS (ID,DESCRIPTION,PARENTID,EXCLUSIONS,TYPE,TESTDEFAULT,VARIABLETYPE,TABLENAME) VALUES ('UQ_LDHP_HHDETAIL_Unoccupancy','Unoccupancy','UO_LDHP_HHDETAIL',NULL,'t',NULL,NULL, 'LIST_HH_UNOCCUPANCY')
		IF NOT EXISTS (SELECT ID FROM SYSTEM_QUESTIONS WHERE ID = 'UQ_LDHP_HHDETAIL_GSRepair')
INSERT INTO SYSTEM_QUESTIONS (ID,DESCRIPTION,PARENTID,EXCLUSIONS,TYPE,TESTDEFAULT,VARIABLETYPE,TABLENAME) VALUES ('UQ_LDHP_HHDETAIL_GSRepair','GSRepair','UO_LDHP_HHDETAIL',NULL,'b',NULL,NULL,NULL)
IF NOT EXISTS (SELECT ID FROM SYSTEM_QUESTIONS WHERE ID = 'UQ_LDHP_HHDETAIL_WaterSwitch')
INSERT INTO SYSTEM_QUESTIONS (ID,DESCRIPTION,PARENTID,EXCLUSIONS,TYPE,TESTDEFAULT,VARIABLETYPE,TABLENAME) VALUES ('UQ_LDHP_HHDETAIL_WaterSwitch','WaterSwitch','UO_LDHP_HHDETAIL',NULL,'b',NULL,NULL,NULL)
IF NOT EXISTS (SELECT ID FROM SYSTEM_QUESTIONS WHERE ID = 'UQ_LDHP_HHDETAIL_SCEntrance')
INSERT INTO SYSTEM_QUESTIONS (ID,DESCRIPTION,PARENTID,EXCLUSIONS,TYPE,TESTDEFAULT,VARIABLETYPE,TABLENAME) VALUES ('UQ_LDHP_HHDETAIL_SCEntrance','SCEntrance','UO_LDHP_HHDETAIL',NULL,'b',NULL,NULL,NULL)
IF NOT EXISTS (SELECT ID FROM SYSTEM_QUESTIONS WHERE ID = 'UQ_LDHP_HHDETAIL_WindowLocks')
INSERT INTO SYSTEM_QUESTIONS (ID,DESCRIPTION,PARENTID,EXCLUSIONS,TYPE,TESTDEFAULT,VARIABLETYPE,TABLENAME) VALUES ('UQ_LDHP_HHDETAIL_WindowLocks','WindowLocks','UO_LDHP_HHDETAIL',NULL,'b',NULL,NULL,NULL)
IF NOT EXISTS (SELECT ID FROM SYSTEM_QUESTIONS WHERE ID = 'UQ_LDHP_HHDETAIL_DoorsLocked')
INSERT INTO SYSTEM_QUESTIONS (ID,DESCRIPTION,PARENTID,EXCLUSIONS,TYPE,TESTDEFAULT,VARIABLETYPE,TABLENAME) VALUES ('UQ_LDHP_HHDETAIL_DoorsLocked','DoorsLocked','UO_LDHP_HHDETAIL',NULL,'b',NULL,NULL,NULL)

IF NOT EXISTS (SELECT ID FROM SYSTEM_QUESTIONS WHERE ID = 'UQ_LDHP_HHDETAIL_NumofBedrooms')
 
INSERT INTO SYSTEM_QUESTIONS (ID,DESCRIPTION,PARENTID,EXCLUSIONS,TYPE,TESTDEFAULT,VARIABLETYPE,TABLENAME) VALUES ('UQ_LDHP_HHDETAIL_NumofBedrooms','NumofBedrooms','UO_LDHP_HHDETAIL',NULL,'n',NULL,NULL,NULL)	
	IF NOT EXISTS (SELECT ID FROM SYSTEM_QUESTIONS WHERE ID = 'UQ_LDHP_HHDETAIL_WallConst')
	
INSERT INTO SYSTEM_QUESTIONS (ID,DESCRIPTION,PARENTID,EXCLUSIONS,TYPE,TESTDEFAULT,VARIABLETYPE,TABLENAME) VALUES ('UQ_LDHP_HHDETAIL_WallConst','WallConst','UO_LDHP_HHDETAIL',NULL,'t',NULL,NULL, 'LIST_HH_WALL_CONSTRUCT')
		IF NOT EXISTS (SELECT ID FROM SYSTEM_QUESTIONS WHERE ID = 'UQ_LDHP_HHDETAIL_RoofConst')
	
INSERT INTO SYSTEM_QUESTIONS (ID,DESCRIPTION,PARENTID,EXCLUSIONS,TYPE,TESTDEFAULT,VARIABLETYPE,TABLENAME) VALUES ('UQ_LDHP_HHDETAIL_RoofConst','RoofConst','UO_LDHP_HHDETAIL',NULL,'t',NULL,NULL, 'LIST_HH_ROOF_CONSTRUCT')
		IF NOT EXISTS (SELECT ID FROM SYSTEM_QUESTIONS WHERE ID = 'UQ_LDHP_HHDETAIL_FlatOrFelt')
	
INSERT INTO SYSTEM_QUESTIONS (ID,DESCRIPTION,PARENTID,EXCLUSIONS,TYPE,TESTDEFAULT,VARIABLETYPE,TABLENAME) VALUES ('UQ_LDHP_HHDETAIL_FlatOrFelt','FlatOrFelt','UO_LDHP_HHDETAIL',NULL,'t',NULL,NULL, 'LIST_PARKHOME_ROOFTYPE')
		IF NOT EXISTS (SELECT ID FROM SYSTEM_QUESTIONS WHERE ID = 'UQ_LDHP_HHDETAIL_ListStatus')
	
INSERT INTO SYSTEM_QUESTIONS (ID,DESCRIPTION,PARENTID,EXCLUSIONS,TYPE,TESTDEFAULT,VARIABLETYPE,TABLENAME) VALUES ('UQ_LDHP_HHDETAIL_ListStatus','ListStatus','UO_LDHP_HHDETAIL',NULL,'t',NULL,NULL, 'LIST_HH_LIST_STATUS')
		IF NOT EXISTS (SELECT ID FROM SYSTEM_QUESTIONS WHERE ID = 'UQ_LDHP_HHDETAIL_TypeOfProperty')
	
INSERT INTO SYSTEM_QUESTIONS (ID,DESCRIPTION,PARENTID,EXCLUSIONS,TYPE,TESTDEFAULT,VARIABLETYPE,TABLENAME) VALUES ('UQ_LDHP_HHDETAIL_TypeOfProperty','TypeOfProperty','UO_LDHP_HHDETAIL',NULL,'t',NULL,NULL, 'LIST_HH_TYPE_PROPERTY')
		
IF NOT EXISTS (SELECT ID FROM SYSTEM_QUESTIONS WHERE ID = 'UQ_LDHP_HHDETAIL_Country')
 
INSERT INTO SYSTEM_QUESTIONS (ID,DESCRIPTION,PARENTID,EXCLUSIONS,TYPE,TESTDEFAULT,VARIABLETYPE,TABLENAME) VALUES ('UQ_LDHP_HHDETAIL_Country','Country','UO_LDHP_HHDETAIL',NULL,'t',NULL,NULL,NULL)	

IF NOT EXISTS (SELECT ID FROM SYSTEM_QUESTIONS WHERE ID = 'UQ_LDHP_HHDETAIL_County')
 
INSERT INTO SYSTEM_QUESTIONS (ID,DESCRIPTION,PARENTID,EXCLUSIONS,TYPE,TESTDEFAULT,VARIABLETYPE,TABLENAME) VALUES ('UQ_LDHP_HHDETAIL_County','County','UO_LDHP_HHDETAIL',NULL,'t',NULL,NULL,NULL)	

IF NOT EXISTS (SELECT ID FROM SYSTEM_QUESTIONS WHERE ID = 'UQ_LDHP_HHDETAIL_City')
 
INSERT INTO SYSTEM_QUESTIONS (ID,DESCRIPTION,PARENTID,EXCLUSIONS,TYPE,TESTDEFAULT,VARIABLETYPE,TABLENAME) VALUES ('UQ_LDHP_HHDETAIL_City','City','UO_LDHP_HHDETAIL',NULL,'t',NULL,NULL,NULL)	

IF NOT EXISTS (SELECT ID FROM SYSTEM_QUESTIONS WHERE ID = 'UQ_LDHP_HHDETAIL_Locality')
 
INSERT INTO SYSTEM_QUESTIONS (ID,DESCRIPTION,PARENTID,EXCLUSIONS,TYPE,TESTDEFAULT,VARIABLETYPE,TABLENAME) VALUES ('UQ_LDHP_HHDETAIL_Locality','Locality','UO_LDHP_HHDETAIL',NULL,'t',NULL,NULL,NULL)	

IF NOT EXISTS (SELECT ID FROM SYSTEM_QUESTIONS WHERE ID = 'UQ_LDHP_HHDETAIL_Street')
 
INSERT INTO SYSTEM_QUESTIONS (ID,DESCRIPTION,PARENTID,EXCLUSIONS,TYPE,TESTDEFAULT,VARIABLETYPE,TABLENAME) VALUES ('UQ_LDHP_HHDETAIL_Street','Street','UO_LDHP_HHDETAIL',NULL,'t',NULL,NULL,NULL)	

IF NOT EXISTS (SELECT ID FROM SYSTEM_QUESTIONS WHERE ID = 'UQ_LDHP_HHDETAIL_House')
 
INSERT INTO SYSTEM_QUESTIONS (ID,DESCRIPTION,PARENTID,EXCLUSIONS,TYPE,TESTDEFAULT,VARIABLETYPE,TABLENAME) VALUES ('UQ_LDHP_HHDETAIL_House','House','UO_LDHP_HHDETAIL',NULL,'t',NULL,NULL,NULL)	

IF NOT EXISTS (SELECT ID FROM SYSTEM_QUESTIONS WHERE ID = 'UQ_LDHP_HHDETAIL_Postcode')
 
INSERT INTO SYSTEM_QUESTIONS (ID,DESCRIPTION,PARENTID,EXCLUSIONS,TYPE,TESTDEFAULT,VARIABLETYPE,TABLENAME) VALUES ('UQ_LDHP_HHDETAIL_Postcode','Postcode','UO_LDHP_HHDETAIL',NULL,'t',NULL,NULL,NULL)	

IF NOT EXISTS (SELECT ID FROM SYSTEM_QUESTIONS WHERE ID = 'UQ_LDHP_HHDETAIL_Postcode_Town')
INSERT INTO SYSTEM_QUESTIONS (ID,DESCRIPTION,PARENTID,EXCLUSIONS,TYPE,TESTDEFAULT,VARIABLETYPE,TABLENAME) VALUES ('UQ_LDHP_HHDETAIL_Postcode_Town','Postcode Town','UO_LDHP_HHDETAIL',NULL,'t',NULL,NULL,NULL)
IF NOT EXISTS (SELECT ID FROM SYSTEM_QUESTIONS WHERE ID = 'UQ_LDHP_HHDETAIL_Postcode_Sector')
INSERT INTO SYSTEM_QUESTIONS (ID,DESCRIPTION,PARENTID,EXCLUSIONS,TYPE,TESTDEFAULT,VARIABLETYPE,TABLENAME) VALUES ('UQ_LDHP_HHDETAIL_Postcode_Sector','Postcode Sector','UO_LDHP_HHDETAIL',NULL,'n',NULL,NULL,NULL)
IF NOT EXISTS (SELECT ID FROM SYSTEM_QUESTIONS WHERE ID = 'UQ_LDHP_HHDETAIL_Postcode_TownAndSector')
INSERT INTO SYSTEM_QUESTIONS (ID,DESCRIPTION,PARENTID,EXCLUSIONS,TYPE,TESTDEFAULT,VARIABLETYPE,TABLENAME) VALUES ('UQ_LDHP_HHDETAIL_Postcode_TownAndSector','Postcode Town and Sector','UO_LDHP_HHDETAIL',NULL,'t',NULL,NULL,NULL)
IF NOT EXISTS (SELECT ID FROM SYSTEM_QUESTIONS WHERE ID = 'UQ_LDHP_HHDETAIL_Postcode_TownOnly')
INSERT INTO SYSTEM_QUESTIONS (ID,DESCRIPTION,PARENTID,EXCLUSIONS,TYPE,TESTDEFAULT,VARIABLETYPE,TABLENAME) VALUES ('UQ_LDHP_HHDETAIL_Postcode_TownOnly','Postcode Town Only','UO_LDHP_HHDETAIL',NULL,'t',NULL,NULL,NULL)

IF NOT EXISTS (SELECT ID FROM SYSTEM_QUESTIONS WHERE ID = 'UQ_LDHP_HHDETAIL_Sleeps')
 
INSERT INTO SYSTEM_QUESTIONS (ID,DESCRIPTION,PARENTID,EXCLUSIONS,TYPE,TESTDEFAULT,VARIABLETYPE,TABLENAME) VALUES ('UQ_LDHP_HHDETAIL_Sleeps','txtSleeps','UO_LDHP_HHDETAIL',NULL,'t',NULL,NULL,NULL)	
IF NOT EXISTS (SELECT ID FROM SYSTEM_QUESTIONS WHERE ID = 'UQ_LDHP_HHDETAIL_CNTCover')
INSERT INTO SYSTEM_QUESTIONS (ID,DESCRIPTION,PARENTID,EXCLUSIONS,TYPE,TESTDEFAULT,VARIABLETYPE,TABLENAME) VALUES ('UQ_LDHP_HHDETAIL_CNTCover','chkCNTCover','UO_LDHP_HHDETAIL',NULL,'b',NULL,NULL,NULL)
IF NOT EXISTS (SELECT ID FROM SYSTEM_QUESTIONS WHERE ID = 'UQ_LDHP_HHDETAIL_BLDCover')
INSERT INTO SYSTEM_QUESTIONS (ID,DESCRIPTION,PARENTID,EXCLUSIONS,TYPE,TESTDEFAULT,VARIABLETYPE,TABLENAME) VALUES ('UQ_LDHP_HHDETAIL_BLDCover','chkBLDCover','UO_LDHP_HHDETAIL',NULL,'b',NULL,NULL,NULL)
IF NOT EXISTS (SELECT ID FROM SYSTEM_QUESTIONS WHERE ID = 'UQ_LDHP_HHDETAIL_BldAD')
INSERT INTO SYSTEM_QUESTIONS (ID,DESCRIPTION,PARENTID,EXCLUSIONS,TYPE,TESTDEFAULT,VARIABLETYPE,TABLENAME) VALUES ('UQ_LDHP_HHDETAIL_BldAD','chkBldAD','UO_LDHP_HHDETAIL',NULL,'b',NULL,NULL,NULL)
IF NOT EXISTS (SELECT ID FROM SYSTEM_QUESTIONS WHERE ID = 'UQ_LDHP_HHDETAIL_Hiring')
	
INSERT INTO SYSTEM_QUESTIONS (ID,DESCRIPTION,PARENTID,EXCLUSIONS,TYPE,TESTDEFAULT,VARIABLETYPE,TABLENAME) VALUES ('UQ_LDHP_HHDETAIL_Hiring','cboHiring','UO_LDHP_HHDETAIL',NULL,'t',NULL,NULL, 'LIST_HH_MORTGAGE_HIRIN')
		IF NOT EXISTS (SELECT ID FROM SYSTEM_QUESTIONS WHERE ID = 'UQ_LDHP_HHDETAIL_Alarm')
	
INSERT INTO SYSTEM_QUESTIONS (ID,DESCRIPTION,PARENTID,EXCLUSIONS,TYPE,TESTDEFAULT,VARIABLETYPE,TABLENAME) VALUES ('UQ_LDHP_HHDETAIL_Alarm','cboAlarm','UO_LDHP_HHDETAIL',NULL,'t',NULL,NULL, 'LIST_HH_ALARM_FITTED')
		IF NOT EXISTS (SELECT ID FROM SYSTEM_QUESTIONS WHERE ID = 'UQ_LDHP_HHDETAIL_SmokeDetect')
INSERT INTO SYSTEM_QUESTIONS (ID,DESCRIPTION,PARENTID,EXCLUSIONS,TYPE,TESTDEFAULT,VARIABLETYPE,TABLENAME) VALUES ('UQ_LDHP_HHDETAIL_SmokeDetect','chkSmokeDetect','UO_LDHP_HHDETAIL',NULL,'b',NULL,NULL,NULL)

DELETE FROM SYSTEM_QUESTIONS WHERE PARENTID = 'UO_LDHP_HPCLAIM'
DELETE FROM SYSTEM_OBJECTS WHERE ID = 'UO_LDHP_HPCLAIM'
      
IF NOT EXISTS (SELECT ID FROM SYSTEM_OBJECTS WHERE ID = 'UO_LDHP_HPCLAIM')
INSERT INTO SYSTEM_OBJECTS (ID,DESCRIPTION,PARENTID,INSTANCE,OBJECT_ID,PRODUCTTYPE) VALUES ('UO_LDHP_HPCLAIM', 'Claim Details (Holiday Property)','Policy_Details','m',NULL,'213')
        IF NOT EXISTS (SELECT ID FROM SYSTEM_QUESTIONS WHERE ID = 'UQ_LDHP_HPCLAIM_IncOnPol')
INSERT INTO SYSTEM_QUESTIONS (ID,DESCRIPTION,PARENTID,EXCLUSIONS,TYPE,TESTDEFAULT,VARIABLETYPE,TABLENAME) VALUES ('UQ_LDHP_HPCLAIM_IncOnPol','IncOnPol','UO_LDHP_HPCLAIM',NULL,'b',NULL,NULL,NULL)
IF NOT EXISTS (SELECT ID FROM SYSTEM_QUESTIONS WHERE ID = 'UQ_LDHP_HPCLAIM_NCDPrejudiced')
INSERT INTO SYSTEM_QUESTIONS (ID,DESCRIPTION,PARENTID,EXCLUSIONS,TYPE,TESTDEFAULT,VARIABLETYPE,TABLENAME) VALUES ('UQ_LDHP_HPCLAIM_NCDPrejudiced','NCDPrejudiced','UO_LDHP_HPCLAIM',NULL,'b',NULL,NULL,NULL)

IF NOT EXISTS (SELECT ID FROM SYSTEM_QUESTIONS WHERE ID = 'UQ_LDHP_HPCLAIM_LegalRef')
 
INSERT INTO SYSTEM_QUESTIONS (ID,DESCRIPTION,PARENTID,EXCLUSIONS,TYPE,TESTDEFAULT,VARIABLETYPE,TABLENAME) VALUES ('UQ_LDHP_HPCLAIM_LegalRef','LegalRef','UO_LDHP_HPCLAIM',NULL,'t',NULL,NULL,NULL)	

IF NOT EXISTS (SELECT ID FROM SYSTEM_QUESTIONS WHERE ID = 'UQ_LDHP_HPCLAIM_SettledAmount')
 
INSERT INTO SYSTEM_QUESTIONS (ID,DESCRIPTION,PARENTID,EXCLUSIONS,TYPE,TESTDEFAULT,VARIABLETYPE,TABLENAME) VALUES ('UQ_LDHP_HPCLAIM_SettledAmount','SettledAmount','UO_LDHP_HPCLAIM',NULL,'n',NULL,NULL,NULL)	
	IF NOT EXISTS (SELECT ID FROM SYSTEM_QUESTIONS WHERE ID = 'UQ_LDHP_HPCLAIM_SettledDate')
INSERT INTO SYSTEM_QUESTIONS (ID,DESCRIPTION,PARENTID,EXCLUSIONS,TYPE,TESTDEFAULT,VARIABLETYPE,TABLENAME) VALUES ('UQ_LDHP_HPCLAIM_SettledDate','SettledDate','UO_LDHP_HPCLAIM',NULL,'d',NULL,NULL,NULL)

IF NOT EXISTS (SELECT ID FROM SYSTEM_QUESTIONS WHERE ID = 'UQ_LDHP_HPCLAIM_ClaimAmount')
 
INSERT INTO SYSTEM_QUESTIONS (ID,DESCRIPTION,PARENTID,EXCLUSIONS,TYPE,TESTDEFAULT,VARIABLETYPE,TABLENAME) VALUES ('UQ_LDHP_HPCLAIM_ClaimAmount','ClaimAmount','UO_LDHP_HPCLAIM',NULL,'n',NULL,NULL,NULL)	
	
IF NOT EXISTS (SELECT ID FROM SYSTEM_QUESTIONS WHERE ID = 'UQ_LDHP_HPCLAIM_ClaimDesc')
 
INSERT INTO SYSTEM_QUESTIONS (ID,DESCRIPTION,PARENTID,EXCLUSIONS,TYPE,TESTDEFAULT,VARIABLETYPE,TABLENAME) VALUES ('UQ_LDHP_HPCLAIM_ClaimDesc','ClaimDesc','UO_LDHP_HPCLAIM',NULL,'t',NULL,NULL,NULL)	
IF NOT EXISTS (SELECT ID FROM SYSTEM_QUESTIONS WHERE ID = 'UQ_LDHP_HPCLAIM_ClaimStatus')
	
INSERT INTO SYSTEM_QUESTIONS (ID,DESCRIPTION,PARENTID,EXCLUSIONS,TYPE,TESTDEFAULT,VARIABLETYPE,TABLENAME) VALUES ('UQ_LDHP_HPCLAIM_ClaimStatus','ClaimStatus','UO_LDHP_HPCLAIM',NULL,'t',NULL,NULL, 'LIST_HH_CLAIM_STATUS')
		IF NOT EXISTS (SELECT ID FROM SYSTEM_QUESTIONS WHERE ID = 'UQ_LDHP_HPCLAIM_ClaimDetail')
	
INSERT INTO SYSTEM_QUESTIONS (ID,DESCRIPTION,PARENTID,EXCLUSIONS,TYPE,TESTDEFAULT,VARIABLETYPE,TABLENAME) VALUES ('UQ_LDHP_HPCLAIM_ClaimDetail','ClaimDetail','UO_LDHP_HPCLAIM',NULL,'t',NULL,NULL, 'LIST_HH_CLAIM_DETAIL')
		IF NOT EXISTS (SELECT ID FROM SYSTEM_QUESTIONS WHERE ID = 'UQ_LDHP_HPCLAIM_ClaimType')
	
INSERT INTO SYSTEM_QUESTIONS (ID,DESCRIPTION,PARENTID,EXCLUSIONS,TYPE,TESTDEFAULT,VARIABLETYPE,TABLENAME) VALUES ('UQ_LDHP_HPCLAIM_ClaimType','ClaimType','UO_LDHP_HPCLAIM',NULL,'t',NULL,NULL, 'LIST_HH_CLAIM_TYPE')
		IF NOT EXISTS (SELECT ID FROM SYSTEM_QUESTIONS WHERE ID = 'UQ_LDHP_HPCLAIM_IncidentDate')
INSERT INTO SYSTEM_QUESTIONS (ID,DESCRIPTION,PARENTID,EXCLUSIONS,TYPE,TESTDEFAULT,VARIABLETYPE,TABLENAME) VALUES ('UQ_LDHP_HPCLAIM_IncidentDate','IncidentDate','UO_LDHP_HPCLAIM',NULL,'d',NULL,NULL,NULL)

IF NOT EXISTS (SELECT ID FROM SYSTEM_QUESTIONS WHERE ID = 'UQ_LDHP_HPCLAIM_ClaimRef')
 
INSERT INTO SYSTEM_QUESTIONS (ID,DESCRIPTION,PARENTID,EXCLUSIONS,TYPE,TESTDEFAULT,VARIABLETYPE,TABLENAME) VALUES ('UQ_LDHP_HPCLAIM_ClaimRef','ClaimRef','UO_LDHP_HPCLAIM',NULL,'t',NULL,NULL,NULL)	
IF NOT EXISTS (SELECT ID FROM SYSTEM_QUESTIONS WHERE ID = 'UQ_LDHP_HPCLAIM_AppSection')
	
INSERT INTO SYSTEM_QUESTIONS (ID,DESCRIPTION,PARENTID,EXCLUSIONS,TYPE,TESTDEFAULT,VARIABLETYPE,TABLENAME) VALUES ('UQ_LDHP_HPCLAIM_AppSection','cboAppSection','UO_LDHP_HPCLAIM',NULL,'t',NULL,NULL, 'LIST_HH_CLAIM_SECTION')
		
DELETE FROM SYSTEM_QUESTIONS WHERE PARENTID = 'UO_LDHP_XSANDNCD'
DELETE FROM SYSTEM_OBJECTS WHERE ID = 'UO_LDHP_XSANDNCD'
      
IF NOT EXISTS (SELECT ID FROM SYSTEM_OBJECTS WHERE ID = 'UO_LDHP_XSANDNCD')
INSERT INTO SYSTEM_OBJECTS (ID,DESCRIPTION,PARENTID,INSTANCE,OBJECT_ID,PRODUCTTYPE) VALUES ('UO_LDHP_XSANDNCD', 'Excess and NCD Details (Holiday Property)','Policy_Details','s',NULL,'213')
        IF NOT EXISTS (SELECT ID FROM SYSTEM_QUESTIONS WHERE ID = 'UQ_LDHP_XSANDNCD_NCD')
	
INSERT INTO SYSTEM_QUESTIONS (ID,DESCRIPTION,PARENTID,EXCLUSIONS,TYPE,TESTDEFAULT,VARIABLETYPE,TABLENAME) VALUES ('UQ_LDHP_XSANDNCD_NCD','NCD','UO_LDHP_XSANDNCD',NULL,'t',NULL,NULL, 'LIST_HH_NCD')
		IF NOT EXISTS (SELECT ID FROM SYSTEM_QUESTIONS WHERE ID = 'UQ_LDHP_XSANDNCD_Excess')
	
INSERT INTO SYSTEM_QUESTIONS (ID,DESCRIPTION,PARENTID,EXCLUSIONS,TYPE,TESTDEFAULT,VARIABLETYPE,TABLENAME) VALUES ('UQ_LDHP_XSANDNCD_Excess','Excess','UO_LDHP_XSANDNCD',NULL,'t',NULL,NULL, 'LIST_HH_EXCESS')
		
DELETE FROM SYSTEM_QUESTIONS WHERE PARENTID = 'UO_LDHP_PropDet'
DELETE FROM SYSTEM_OBJECTS WHERE ID = 'UO_LDHP_PropDet'
      
IF NOT EXISTS (SELECT ID FROM SYSTEM_OBJECTS WHERE ID = 'UO_LDHP_PropDet')
INSERT INTO SYSTEM_OBJECTS (ID,DESCRIPTION,PARENTID,INSTANCE,OBJECT_ID,PRODUCTTYPE) VALUES ('UO_LDHP_PropDet', 'Proposer Details (Holiday Property)','Policy_Details','m',NULL,'213')
        IF NOT EXISTS (SELECT ID FROM SYSTEM_QUESTIONS WHERE ID = 'UQ_LDHP_PropDet_Relationship')
	
INSERT INTO SYSTEM_QUESTIONS (ID,DESCRIPTION,PARENTID,EXCLUSIONS,TYPE,TESTDEFAULT,VARIABLETYPE,TABLENAME) VALUES ('UQ_LDHP_PropDet_Relationship','Relationship','UO_LDHP_PropDet',NULL,'t',NULL,NULL, 'LIST_RELATIONSHIP')
		IF NOT EXISTS (SELECT ID FROM SYSTEM_QUESTIONS WHERE ID = 'UQ_LDHP_PropDet_Marital')
	
INSERT INTO SYSTEM_QUESTIONS (ID,DESCRIPTION,PARENTID,EXCLUSIONS,TYPE,TESTDEFAULT,VARIABLETYPE,TABLENAME) VALUES ('UQ_LDHP_PropDet_Marital','Marital','UO_LDHP_PropDet',NULL,'t',NULL,NULL, 'LIST_MARITAL_STATUS')
		
IF NOT EXISTS (SELECT ID FROM SYSTEM_QUESTIONS WHERE ID = 'UQ_LDHP_PropDet_AGe')
 
INSERT INTO SYSTEM_QUESTIONS (ID,DESCRIPTION,PARENTID,EXCLUSIONS,TYPE,TESTDEFAULT,VARIABLETYPE,TABLENAME) VALUES ('UQ_LDHP_PropDet_AGe','Age','UO_LDHP_PropDet',NULL,'t',NULL,NULL,NULL)	
IF NOT EXISTS (SELECT ID FROM SYSTEM_QUESTIONS WHERE ID = 'UQ_LDHP_PropDet_DOB')
INSERT INTO SYSTEM_QUESTIONS (ID,DESCRIPTION,PARENTID,EXCLUSIONS,TYPE,TESTDEFAULT,VARIABLETYPE,TABLENAME) VALUES ('UQ_LDHP_PropDet_DOB','DOB','UO_LDHP_PropDet',NULL,'d',NULL,NULL,NULL)

IF NOT EXISTS (SELECT ID FROM SYSTEM_QUESTIONS WHERE ID = 'UQ_LDHP_PropDet_Surname')
 
INSERT INTO SYSTEM_QUESTIONS (ID,DESCRIPTION,PARENTID,EXCLUSIONS,TYPE,TESTDEFAULT,VARIABLETYPE,TABLENAME) VALUES ('UQ_LDHP_PropDet_Surname','Surname','UO_LDHP_PropDet',NULL,'t',NULL,NULL,NULL)	

IF NOT EXISTS (SELECT ID FROM SYSTEM_QUESTIONS WHERE ID = 'UQ_LDHP_PropDet_Initials')
 
INSERT INTO SYSTEM_QUESTIONS (ID,DESCRIPTION,PARENTID,EXCLUSIONS,TYPE,TESTDEFAULT,VARIABLETYPE,TABLENAME) VALUES ('UQ_LDHP_PropDet_Initials','Initials','UO_LDHP_PropDet',NULL,'t',NULL,NULL,NULL)	

IF NOT EXISTS (SELECT ID FROM SYSTEM_QUESTIONS WHERE ID = 'UQ_LDHP_PropDet_Forename')
 
INSERT INTO SYSTEM_QUESTIONS (ID,DESCRIPTION,PARENTID,EXCLUSIONS,TYPE,TESTDEFAULT,VARIABLETYPE,TABLENAME) VALUES ('UQ_LDHP_PropDet_Forename','Forename','UO_LDHP_PropDet',NULL,'t',NULL,NULL,NULL)	
IF NOT EXISTS (SELECT ID FROM SYSTEM_QUESTIONS WHERE ID = 'UQ_LDHP_PropDet_Title')
	
INSERT INTO SYSTEM_QUESTIONS (ID,DESCRIPTION,PARENTID,EXCLUSIONS,TYPE,TESTDEFAULT,VARIABLETYPE,TABLENAME) VALUES ('UQ_LDHP_PropDet_Title','Title','UO_LDHP_PropDet',NULL,'t',NULL,NULL, 'LIST_TITLE')
		IF NOT EXISTS (SELECT ID FROM SYSTEM_QUESTIONS WHERE ID = 'UQ_LDHP_PropDet_Female')
INSERT INTO SYSTEM_QUESTIONS (ID,DESCRIPTION,PARENTID,EXCLUSIONS,TYPE,TESTDEFAULT,VARIABLETYPE,TABLENAME) VALUES ('UQ_LDHP_PropDet_Female','Female','UO_LDHP_PropDet',NULL,'b',NULL,NULL,NULL)
IF NOT EXISTS (SELECT ID FROM SYSTEM_QUESTIONS WHERE ID = 'UQ_LDHP_PropDet_Male')
INSERT INTO SYSTEM_QUESTIONS (ID,DESCRIPTION,PARENTID,EXCLUSIONS,TYPE,TESTDEFAULT,VARIABLETYPE,TABLENAME) VALUES ('UQ_LDHP_PropDet_Male','Male','UO_LDHP_PropDet',NULL,'b',NULL,NULL,NULL)

DELETE FROM SYSTEM_QUESTIONS WHERE PARENTID = 'UO_LDHP_OCCUPAT'
DELETE FROM SYSTEM_OBJECTS WHERE ID = 'UO_LDHP_OCCUPAT'
      
IF NOT EXISTS (SELECT ID FROM SYSTEM_OBJECTS WHERE ID = 'UO_LDHP_OCCUPAT')
INSERT INTO SYSTEM_OBJECTS (ID,DESCRIPTION,PARENTID,INSTANCE,OBJECT_ID,PRODUCTTYPE) VALUES ('UO_LDHP_OCCUPAT', 'Occupation Details (Holiday Property)','UO_LDHP_PROPDET','m',NULL,'213')
        IF NOT EXISTS (SELECT ID FROM SYSTEM_QUESTIONS WHERE ID = 'UQ_LDHP_OCCUPAT_PartTime')
INSERT INTO SYSTEM_QUESTIONS (ID,DESCRIPTION,PARENTID,EXCLUSIONS,TYPE,TESTDEFAULT,VARIABLETYPE,TABLENAME) VALUES ('UQ_LDHP_OCCUPAT_PartTime','PartTime','UO_LDHP_OCCUPAT',NULL,'b',NULL,NULL,NULL)
IF NOT EXISTS (SELECT ID FROM SYSTEM_QUESTIONS WHERE ID = 'UQ_LDHP_OCCUPAT_EmpStatus')
	
INSERT INTO SYSTEM_QUESTIONS (ID,DESCRIPTION,PARENTID,EXCLUSIONS,TYPE,TESTDEFAULT,VARIABLETYPE,TABLENAME) VALUES ('UQ_LDHP_OCCUPAT_EmpStatus','EmpStatus','UO_LDHP_OCCUPAT',NULL,'t',NULL,NULL, 'LIST_EMPLOYMENT_STATUS')
		IF NOT EXISTS (SELECT ID FROM SYSTEM_QUESTIONS WHERE ID = 'UQ_LDHP_OCCUPAT_EmployersBus')
	
INSERT INTO SYSTEM_QUESTIONS (ID,DESCRIPTION,PARENTID,EXCLUSIONS,TYPE,TESTDEFAULT,VARIABLETYPE,TABLENAME) VALUES ('UQ_LDHP_OCCUPAT_EmployersBus','EmployersBusiness','UO_LDHP_OCCUPAT',NULL,'t',NULL,NULL, 'LIST_EMPLOYERS_BUS')
		IF NOT EXISTS (SELECT ID FROM SYSTEM_QUESTIONS WHERE ID = 'UQ_LDHP_OCCUPAT_Occupation')
	
INSERT INTO SYSTEM_QUESTIONS (ID,DESCRIPTION,PARENTID,EXCLUSIONS,TYPE,TESTDEFAULT,VARIABLETYPE,TABLENAME) VALUES ('UQ_LDHP_OCCUPAT_Occupation','Occupation','UO_LDHP_OCCUPAT',NULL,'t',NULL,NULL, 'LIST_OCCUPATION')
		
DELETE FROM SYSTEM_QUESTIONS WHERE PARENTID = 'UO_LDHP_EXTCOV'
DELETE FROM SYSTEM_OBJECTS WHERE ID = 'UO_LDHP_EXTCOV'
      
IF NOT EXISTS (SELECT ID FROM SYSTEM_OBJECTS WHERE ID = 'UO_LDHP_EXTCOV')
INSERT INTO SYSTEM_OBJECTS (ID,DESCRIPTION,PARENTID,INSTANCE,OBJECT_ID,PRODUCTTYPE) VALUES ('UO_LDHP_EXTCOV', 'Extensions Of Cover (Holiday Property)','Policy_Details','s',NULL,'213')
        
IF NOT EXISTS (SELECT ID FROM SYSTEM_QUESTIONS WHERE ID = 'UQ_LDHP_EXTCOV_PropOnCover')
 
INSERT INTO SYSTEM_QUESTIONS (ID,DESCRIPTION,PARENTID,EXCLUSIONS,TYPE,TESTDEFAULT,VARIABLETYPE,TABLENAME) VALUES ('UQ_LDHP_EXTCOV_PropOnCover','txtPropOnCover','UO_LDHP_EXTCOV',NULL,'n',NULL,NULL,NULL)	
	IF NOT EXISTS (SELECT ID FROM SYSTEM_QUESTIONS WHERE ID = 'UQ_LDHP_EXTCOV_RSADiscoun')
	
INSERT INTO SYSTEM_QUESTIONS (ID,DESCRIPTION,PARENTID,EXCLUSIONS,TYPE,TESTDEFAULT,VARIABLETYPE,TABLENAME) VALUES ('UQ_LDHP_EXTCOV_RSADiscoun','cboRSADiscoun','UO_LDHP_EXTCOV',NULL,'t',NULL,NULL, 'LIST_RSA_DISCOUNT')
		
--User Clone/Copy
					
	
IF EXISTS (SELECT * FROM DBO.SYSOBJECTS WHERE ID = OBJECT_ID(N'[DBO].[USER_CLONE_LDHP]') AND OBJECTPROPERTY(ID, N'ISPROCEDURE') = 1)
DROP PROCEDURE [DBO].[USER_CLONE_LDHP]
GO

SET QUOTED_IDENTIFIER OFF 
GO
SET ANSI_NULLS ON 
GO

CREATE PROCEDURE DBO.USER_CLONE_LDHP

@POLICY_DETAILS_ID CHAR(32),
@HISTORY_ID INT,
@NEWHISTORY_ID INT

AS


INSERT USER_LDHP_GENQUEST         
(
	LDHP_GENQUEST_ID,     
	HISTORY_ID,
	POLICY_DETAILS_ID,
				
	[DETAILS],
	[EXTRAPRE],
	[CRIMINALOFFENCE],
	[REFORCANCEL],
	[USERINSTANCE]
)
SELECT	[LDHP_GENQUEST_ID],
	@NEWHISTORY_ID,
	[POLICY_DETAILS_ID],
				
	[DETAILS],
	[EXTRAPRE],
	[CRIMINALOFFENCE],
	[REFORCANCEL],
	[USERINSTANCE]
FROM USER_LDHP_GENQUEST WHERE (POLICY_DETAILS_ID = @POLICY_DETAILS_ID AND HISTORY_ID = @HISTORY_ID)
			
INSERT USER_LDHP_HHDETAIL         
(
	LDHP_HHDETAIL_ID,     
	HISTORY_ID,
	POLICY_DETAILS_ID,
				
	[YEARBUILT],
				
	[CONTENTVALUE],
	[ADPETS],
	[ADCOVER],
				
	[BUILDINGVALUE],
	[BUSUSE_ID],
	[UNOCCUPANCY_ID],
	[GSREPAIR],
	[WATERSWITCH],
	[SCENTRANCE],
	[WINDOWLOCKS],
	[DOORSLOCKED],
				
	[NUMOFBEDROOMS],
	[WALLCONST_ID],
	[ROOFCONST_ID],
	[FLATORFELT_ID],
	[LISTSTATUS_ID],
	[TYPEOFPROPERTY_ID],
				
	[COUNTRY],
				
	[COUNTY],
				
	[CITY],
				
	[LOCALITY],
				
	[STREET],
				
	[HOUSE],
				
	[POSTCODE],
				
	[SLEEPS],
	[CNTCOVER],
	[BLDCOVER],
	[BLDAD],
	[HIRING_ID],
	[ALARM_ID],
	[SMOKEDETECT],
	[USERINSTANCE]
)
SELECT	[LDHP_HHDETAIL_ID],
	@NEWHISTORY_ID,
	[POLICY_DETAILS_ID],
				
	[YEARBUILT],
				
	[CONTENTVALUE],
	[ADPETS],
	[ADCOVER],
				
	[BUILDINGVALUE],
	[BUSUSE_ID],
	[UNOCCUPANCY_ID],
	[GSREPAIR],
	[WATERSWITCH],
	[SCENTRANCE],
	[WINDOWLOCKS],
	[DOORSLOCKED],
				
	[NUMOFBEDROOMS],
	[WALLCONST_ID],
	[ROOFCONST_ID],
	[FLATORFELT_ID],
	[LISTSTATUS_ID],
	[TYPEOFPROPERTY_ID],
				
	[COUNTRY],
				
	[COUNTY],
				
	[CITY],
				
	[LOCALITY],
				
	[STREET],
				
	[HOUSE],
				
	[POSTCODE],
				
	[SLEEPS],
	[CNTCOVER],
	[BLDCOVER],
	[BLDAD],
	[HIRING_ID],
	[ALARM_ID],
	[SMOKEDETECT],
	[USERINSTANCE]
FROM USER_LDHP_HHDETAIL WHERE (POLICY_DETAILS_ID = @POLICY_DETAILS_ID AND HISTORY_ID = @HISTORY_ID)
			
INSERT USER_LDHP_HPCLAIM         
(
	LDHP_HPCLAIM_ID,     
	HISTORY_ID,
	POLICY_DETAILS_ID,
	[INCONPOL],
	[NCDPREJUDICED],
				
	[LEGALREF],
				
	[SETTLEDAMOUNT],
	[SETTLEDDATE],
				
	[CLAIMAMOUNT],
				
	[CLAIMDESC],
	[CLAIMSTATUS_ID],
	[CLAIMDETAIL_ID],
	[CLAIMTYPE_ID],
	[INCIDENTDATE],
				
	[CLAIMREF],
	[APPSECTION_ID],
	[USERINSTANCE]
)
SELECT	[LDHP_HPCLAIM_ID],
	@NEWHISTORY_ID,
	[POLICY_DETAILS_ID],
	[INCONPOL],
	[NCDPREJUDICED],
				
	[LEGALREF],
				
	[SETTLEDAMOUNT],
	[SETTLEDDATE],
				
	[CLAIMAMOUNT],
				
	[CLAIMDESC],
	[CLAIMSTATUS_ID],
	[CLAIMDETAIL_ID],
	[CLAIMTYPE_ID],
	[INCIDENTDATE],
				
	[CLAIMREF],
	[APPSECTION_ID],
	[USERINSTANCE]
FROM USER_LDHP_HPCLAIM WHERE (POLICY_DETAILS_ID = @POLICY_DETAILS_ID AND HISTORY_ID = @HISTORY_ID)
			
INSERT USER_LDHP_XSANDNCD         
(
	LDHP_XSANDNCD_ID,     
	HISTORY_ID,
	POLICY_DETAILS_ID,
	[NCD_ID],
	[EXCESS_ID],
	[USERINSTANCE]
)
SELECT	[LDHP_XSANDNCD_ID],
	@NEWHISTORY_ID,
	[POLICY_DETAILS_ID],
	[NCD_ID],
	[EXCESS_ID],
	[USERINSTANCE]
FROM USER_LDHP_XSANDNCD WHERE (POLICY_DETAILS_ID = @POLICY_DETAILS_ID AND HISTORY_ID = @HISTORY_ID)
			
INSERT USER_LDHP_PropDet         
(
	LDHP_PropDet_ID,     
	HISTORY_ID,
	POLICY_DETAILS_ID,
	[RELATIONSHIP_ID],
	[MARITAL_ID],
				
	[AGE],
	[DOB],
				
	[SURNAME],
				
	[INITIALS],
				
	[FORENAME],
	[TITLE_ID],
	[FEMALE],
	[MALE],
	[USERINSTANCE]
)
SELECT	[LDHP_PropDet_ID],
	@NEWHISTORY_ID,
	[POLICY_DETAILS_ID],
	[RELATIONSHIP_ID],
	[MARITAL_ID],
				
	[AGE],
	[DOB],
				
	[SURNAME],
				
	[INITIALS],
				
	[FORENAME],
	[TITLE_ID],
	[FEMALE],
	[MALE],
	[USERINSTANCE]
FROM USER_LDHP_PropDet WHERE (POLICY_DETAILS_ID = @POLICY_DETAILS_ID AND HISTORY_ID = @HISTORY_ID)
			
INSERT USER_LDHP_EXTCOV         
(
	LDHP_EXTCOV_ID,     
	HISTORY_ID,
	POLICY_DETAILS_ID,
				
	[PROPONCOVER],
	[RSADISCOUN_ID],
	[USERINSTANCE]
)
SELECT	[LDHP_EXTCOV_ID],
	@NEWHISTORY_ID,
	[POLICY_DETAILS_ID],
				
	[PROPONCOVER],
	[RSADISCOUN_ID],
	[USERINSTANCE]
FROM USER_LDHP_EXTCOV WHERE (POLICY_DETAILS_ID = @POLICY_DETAILS_ID AND HISTORY_ID = @HISTORY_ID)
					
INSERT USER_LDHP_OCCUPAT         
(
	LDHP_OCCUPAT_ID,     
	HISTORY_ID,	
	LDHP_PROPDET_ID
	,
	[PARTTIME],
	[EMPSTATUS_ID],
	[EMPLOYERSBUS_ID],
	[OCCUPATION_ID],
	[USERINSTANCE]
)                  
SELECT	[LDHP_OCCUPAT_ID],
	@NEWHISTORY_ID,
	[LDHP_PROPDET_ID],
	[PARTTIME],
	[EMPSTATUS_ID],
	[EMPLOYERSBUS_ID],
	[OCCUPATION_ID],
	[USERINSTANCE]
			
FROM USER_LDHP_OCCUPAT
WHERE LDHP_PROPDET_ID
	IN (
					
SELECT LDHP_PROPDET_ID FROM USER_LDHP_PROPDET WHERE (POLICY_DETAILS_ID = @POLICY_DETAILS_ID AND HISTORY_ID = @HISTORY_ID)
				
	)
AND HISTORY_ID = @HISTORY_ID
				

GO
SET QUOTED_IDENTIFIER OFF 
GO
SET ANSI_NULLS ON 
GO

GRANT  EXECUTE  ON [DBO].[USER_CLONE_LDHP]  TO [TRANSACTORUSERS]
GO

GRANT  EXECUTE  ON [DBO].[USER_CLONE_LDHP]  TO [TRANSACTORPMUSERS]
GO  

		
IF EXISTS (SELECT * FROM DBO.SYSOBJECTS WHERE ID = OBJECT_ID(N'[DBO].[USER_COPY_LDHP]') AND OBJECTPROPERTY(ID, N'ISPROCEDURE') = 1)
DROP PROCEDURE [DBO].[USER_COPY_LDHP]
GO

SET QUOTED_IDENTIFIER OFF 
GO
SET ANSI_NULLS ON 
GO

CREATE PROCEDURE DBO.USER_COPY_LDHP

@POLICY_DETAILS_ID CHAR(32),
@HISTORY_ID INT,
@NEW_POLICY_DETAILS_ID CHAR(32),
@NEW_HISTORY_ID INT

AS

DECLARE @NEW_ID char(32)

--No parent, no child.				
INSERT USER_LDHP_GENQUEST                 
(
	LDHP_GENQUEST_ID,     
	HISTORY_ID,
	POLICY_DETAILS_ID,
				
	[DETAILS],
	[EXTRAPRE],
	[CRIMINALOFFENCE],
	[REFORCANCEL],
	[USERINSTANCE]
)                                
SELECT	Replace(NewID(), '-', ''),
	@NEW_HISTORY_ID,
	@NEW_POLICY_DETAILS_ID,
				
	[DETAILS],
	[EXTRAPRE],
	[CRIMINALOFFENCE],
	[REFORCANCEL],
	[USERINSTANCE]
FROM USER_LDHP_GENQUEST WHERE (POLICY_DETAILS_ID = @POLICY_DETAILS_ID AND HISTORY_ID = @HISTORY_ID)						
							
--No parent, no child.				
INSERT USER_LDHP_HHDETAIL                 
(
	LDHP_HHDETAIL_ID,     
	HISTORY_ID,
	POLICY_DETAILS_ID,
				
	[YEARBUILT],
				
	[CONTENTVALUE],
	[ADPETS],
	[ADCOVER],
				
	[BUILDINGVALUE],
	[BUSUSE_ID],
	[UNOCCUPANCY_ID],
	[GSREPAIR],
	[WATERSWITCH],
	[SCENTRANCE],
	[WINDOWLOCKS],
	[DOORSLOCKED],
				
	[NUMOFBEDROOMS],
	[WALLCONST_ID],
	[ROOFCONST_ID],
	[FLATORFELT_ID],
	[LISTSTATUS_ID],
	[TYPEOFPROPERTY_ID],
				
	[COUNTRY],
				
	[COUNTY],
				
	[CITY],
				
	[LOCALITY],
				
	[STREET],
				
	[HOUSE],
				
	[POSTCODE],
				
	[SLEEPS],
	[CNTCOVER],
	[BLDCOVER],
	[BLDAD],
	[HIRING_ID],
	[ALARM_ID],
	[SMOKEDETECT],
	[USERINSTANCE]
)                                
SELECT	Replace(NewID(), '-', ''),
	@NEW_HISTORY_ID,
	@NEW_POLICY_DETAILS_ID,
				
	[YEARBUILT],
				
	[CONTENTVALUE],
	[ADPETS],
	[ADCOVER],
				
	[BUILDINGVALUE],
	[BUSUSE_ID],
	[UNOCCUPANCY_ID],
	[GSREPAIR],
	[WATERSWITCH],
	[SCENTRANCE],
	[WINDOWLOCKS],
	[DOORSLOCKED],
				
	[NUMOFBEDROOMS],
	[WALLCONST_ID],
	[ROOFCONST_ID],
	[FLATORFELT_ID],
	[LISTSTATUS_ID],
	[TYPEOFPROPERTY_ID],
				
	[COUNTRY],
				
	[COUNTY],
				
	[CITY],
				
	[LOCALITY],
				
	[STREET],
				
	[HOUSE],
				
	[POSTCODE],
				
	[SLEEPS],
	[CNTCOVER],
	[BLDCOVER],
	[BLDAD],
	[HIRING_ID],
	[ALARM_ID],
	[SMOKEDETECT],
	[USERINSTANCE]
FROM USER_LDHP_HHDETAIL WHERE (POLICY_DETAILS_ID = @POLICY_DETAILS_ID AND HISTORY_ID = @HISTORY_ID)						
							
--No parent, no child.				
INSERT USER_LDHP_HPCLAIM                 
(
	LDHP_HPCLAIM_ID,     
	HISTORY_ID,
	POLICY_DETAILS_ID,
	[INCONPOL],
	[NCDPREJUDICED],
				
	[LEGALREF],
				
	[SETTLEDAMOUNT],
	[SETTLEDDATE],
				
	[CLAIMAMOUNT],
				
	[CLAIMDESC],
	[CLAIMSTATUS_ID],
	[CLAIMDETAIL_ID],
	[CLAIMTYPE_ID],
	[INCIDENTDATE],
				
	[CLAIMREF],
	[APPSECTION_ID],
	[USERINSTANCE]
)                                
SELECT	Replace(NewID(), '-', ''),
	@NEW_HISTORY_ID,
	@NEW_POLICY_DETAILS_ID,
	[INCONPOL],
	[NCDPREJUDICED],
				
	[LEGALREF],
				
	[SETTLEDAMOUNT],
	[SETTLEDDATE],
				
	[CLAIMAMOUNT],
				
	[CLAIMDESC],
	[CLAIMSTATUS_ID],
	[CLAIMDETAIL_ID],
	[CLAIMTYPE_ID],
	[INCIDENTDATE],
				
	[CLAIMREF],
	[APPSECTION_ID],
	[USERINSTANCE]
FROM USER_LDHP_HPCLAIM WHERE (POLICY_DETAILS_ID = @POLICY_DETAILS_ID AND HISTORY_ID = @HISTORY_ID)						
							
--No parent, no child.				
INSERT USER_LDHP_XSANDNCD                 
(
	LDHP_XSANDNCD_ID,     
	HISTORY_ID,
	POLICY_DETAILS_ID,
	[NCD_ID],
	[EXCESS_ID],
	[USERINSTANCE]
)                                
SELECT	Replace(NewID(), '-', ''),
	@NEW_HISTORY_ID,
	@NEW_POLICY_DETAILS_ID,
	[NCD_ID],
	[EXCESS_ID],
	[USERINSTANCE]
FROM USER_LDHP_XSANDNCD WHERE (POLICY_DETAILS_ID = @POLICY_DETAILS_ID AND HISTORY_ID = @HISTORY_ID)						
									
--Parent.
DECLARE @LDHP_PropDet_ID char(32)
DECLARE LDHP_PropDet_CURSOR CURSOR FAST_FORWARD FOR 
	SELECT [LDHP_PropDet_ID] FROM USER_LDHP_PropDet WHERE (POLICY_DETAILS_ID = @POLICY_DETAILS_ID AND HISTORY_ID = @HISTORY_ID)
 
OPEN LDHP_PropDet_CURSOR
 
FETCH NEXT FROM LDHP_PropDet_CURSOR INTO @LDHP_PropDet_ID
 
WHILE @@FETCH_STATUS = 0
BEGIN 
	DECLARE @NEW_LDHP_PropDet_ID char(32)
	SELECT @NEW_LDHP_PropDet_ID = Replace(NewID(), '-', '')         
		
	INSERT USER_LDHP_PropDet 
	(
	  LDHP_PropDet_ID,     
	  HISTORY_ID,
	  POLICY_DETAILS_ID,
	[RELATIONSHIP_ID],
	[MARITAL_ID],
				
	[AGE],
	[DOB],
				
	[SURNAME],
				
	[INITIALS],
				
	[FORENAME],
	[TITLE_ID],
	[FEMALE],
	[MALE],
	  [USERINSTANCE]
	)       
	SELECT	@NEW_LDHP_PropDet_ID,
		@NEW_HISTORY_ID,
		@NEW_POLICY_DETAILS_ID,
	[RELATIONSHIP_ID],
	[MARITAL_ID],
				
	[AGE],
	[DOB],
				
	[SURNAME],
				
	[INITIALS],
				
	[FORENAME],
	[TITLE_ID],
	[FEMALE],
	[MALE],
		[USERINSTANCE]
	FROM USER_LDHP_PropDet WHERE (LDHP_PropDet_ID = @LDHP_PropDet_ID AND HISTORY_ID = @HISTORY_ID)
						
	--Child.
  DECLARE @LDHP_OCCUPAT_ID CHAR(32)
  DECLARE LDHP_OCCUPAT_CURSOR CURSOR FAST_FORWARD FOR 
	SELECT LDHP_OCCUPAT_ID
	FROM USER_LDHP_OCCUPAT
	WHERE LDHP_PropDet_ID = @LDHP_PropDet_ID AND HISTORY_ID = @HISTORY_ID
OPEN LDHP_OCCUPAT_CURSOR
FETCH NEXT FROM LDHP_OCCUPAT_CURSOR INTO @LDHP_OCCUPAT_ID
WHILE @@FETCH_STATUS = 0
BEGIN
	DECLARE @NEW_LDHP_OCCUPAT_ID CHAR (32)
	SELECT @NEW_LDHP_OCCUPAT_ID = Replace(NewID(), '-', '')
	INSERT USER_LDHP_OCCUPAT 
  (
	  LDHP_OCCUPAT_ID,     
	  HISTORY_ID,
	  LDHP_PROPDET_ID,
	[PARTTIME],
	[EMPSTATUS_ID],
	[EMPLOYERSBUS_ID],
	[OCCUPATION_ID],
	  [USERINSTANCE]
  )          
	SELECT	@NEW_LDHP_OCCUPAT_ID,
		@NEW_HISTORY_ID,
		@NEW_LDHP_PropDet_ID,
	[PARTTIME],
	[EMPSTATUS_ID],
	[EMPLOYERSBUS_ID],
	[OCCUPATION_ID],
		[USERINSTANCE]
	FROM USER_LDHP_OCCUPAT WHERE (LDHP_OCCUPAT_ID = @LDHP_OCCUPAT_ID AND HISTORY_ID = @HISTORY_ID)	
	
					
	FETCH NEXT FROM LDHP_OCCUPAT_CURSOR INTO @LDHP_OCCUPAT_ID
END
CLOSE LDHP_OCCUPAT_CURSOR
DEALLOCATE LDHP_OCCUPAT_CURSOR		
	
								
	FETCH NEXT FROM LDHP_PropDet_CURSOR INTO @LDHP_PropDet_ID

END

CLOSE LDHP_PropDet_CURSOR
DEALLOCATE LDHP_PropDet_CURSOR		
					
--No parent, no child.				
INSERT USER_LDHP_EXTCOV                 
(
	LDHP_EXTCOV_ID,     
	HISTORY_ID,
	POLICY_DETAILS_ID,
				
	[PROPONCOVER],
	[RSADISCOUN_ID],
	[USERINSTANCE]
)                                
SELECT	Replace(NewID(), '-', ''),
	@NEW_HISTORY_ID,
	@NEW_POLICY_DETAILS_ID,
				
	[PROPONCOVER],
	[RSADISCOUN_ID],
	[USERINSTANCE]
FROM USER_LDHP_EXTCOV WHERE (POLICY_DETAILS_ID = @POLICY_DETAILS_ID AND HISTORY_ID = @HISTORY_ID)						
							


GO
SET QUOTED_IDENTIFIER OFF 
GO
SET ANSI_NULLS ON 
GO

GRANT  EXECUTE  ON [DBO].[USER_COPY_LDHP]  TO [TRANSACTORUSERS]
GO

GRANT  EXECUTE  ON [DBO].[USER_COPY_LDHP]  TO [TRANSACTORPMUSERS]
GO  
					
--SumInsured
		
DELETE System_Claim_Liability_Fields WHERE ProductType_ID = '213'
		
--Historical Claims
		