	
--CREATE RM Fields

--Get next available ProductTypeID
if not exists(select PRODUCTTYPE_ID from SYSTEM_LIST_PRODUCTTYPE where PRODUCTTYPE_ID = '193')
Insert Into SYSTEM_LIST_PRODUCTTYPE (PRODUCTTYPE_ID,PRODUCTTYPE_DEBUG,DELETED) Values ('193','Park Home',0)

IF NOT EXISTS (SELECT PRODUCTTYPE_ID FROM SYSTEM_LIST_PRODUCTTYPE_ALIAS WHERE PRODUCTTYPE_ID = '193')
INSERT SYSTEM_LIST_PRODUCTTYPE_ALIAS VALUES ('193', 'CGPHOME', '0')   
    
IF NOT EXISTS (SELECT PRODUCTTYPE_ID FROM SYSTEM_LIST_PRODUCTTYPE_VERSION WHERE PRODUCTTYPE_ID = '193' AND TYPE = '1' AND VERSION = 1)
BEGIN
  INSERT SYSTEM_LIST_PRODUCTTYPE_VERSION VALUES ('193', '1', getdate(), '1', '1')
  UPDATE SYSTEM_LIST_PRODUCTTYPE_VERSION SET LIVE = 0 WHERE PRODUCTTYPE_ID = '193' AND TYPE = '1' AND VERSION < 1
END
GO    
      

--Create Navigation Tables
    	

if exists (select * from dbo.sysobjects where id = object_id(N'[dbo].[NAV_PERM_CGPHOME_NEW]') and OBJECTPROPERTY(id, N'IsUserTable') = 1)
	drop table [dbo].[NAV_PERM_CGPHOME_NEW]
GO
if exists (select * from dbo.sysobjects where id = object_id(N'[dbo].[NAV_FIELDS_CGPHOME_NEW]') and OBJECTPROPERTY(id, N'IsUserTable') = 1)
	drop table [dbo].[NAV_FIELDS_CGPHOME_NEW]
GO
if exists (select * from dbo.sysobjects where id = object_id(N'[dbo].[NAV_FORMS_CGPHOME_NEW]') and OBJECTPROPERTY(id, N'IsUserTable') = 1)
	drop table [dbo].[NAV_FORMS_CGPHOME_NEW]
GO

CREATE TABLE [DBO].[NAV_FIELDS_CGPHOME_NEW] (
	[NAV_CGPHOME_NEW_ID] [CHAR] (8) NOT NULL ,
	[PARENTID] [CHAR] (8) NOT NULL ,
	[FIELDNAME] [VARCHAR] (40) NULL ,
	[ENABLED_044] [BIT] NOT NULL ,
	[NAV_CGPHOME_NEW_044] [VARCHAR] (50) NULL ,
	[SCRIPT_044] [VARCHAR] (255) NULL ,
	[MANDATORY_044] [BIT] NULL ,
	[MANDATORY_MESSAGE_044] [VARCHAR] (255) NULL ,
	[DEFAULT_VALUE_044] [VARCHAR] (100) NULL ,
	[DEFAULT_DATATYPE_044] [VARCHAR] (1) NULL ,
	[TAB_INDEX_044] [INT] NULL 
) ON [PRIMARY]
GO

ALTER TABLE [DBO].[NAV_FIELDS_CGPHOME_NEW] WITH NOCHECK ADD 
	CONSTRAINT [PK_NAV_FIELDS_CGPHOME_NEW] PRIMARY KEY  CLUSTERED 
	(
		[NAV_CGPHOME_NEW_ID]
	)  ON [PRIMARY] 
GO

GRANT  SELECT , UPDATE ON [DBO].[NAV_FIELDS_CGPHOME_NEW]  TO [TRANSACTORPMUSERS]
GO

GRANT  SELECT ON [DBO].[NAV_FIELDS_CGPHOME_NEW]  TO [TRANSACTORUSERS]
GO	

CREATE TABLE [DBO].[NAV_FORMS_CGPHOME_NEW] (
	[NAV_CGPHOME_NEW_ID] [CHAR] (8) NOT NULL ,
	[NAV_CGPHOME_NEW] [VARCHAR] (50) NULL ,
	[MOVEABLE] [BIT] NOT NULL ,
	[ENABLED_044] [BIT] NOT NULL ,
	[SEQUENCE_044] [INT] NOT NULL ,
	[NAV_CGPHOME_NEW_044] [VARCHAR] (50) NULL ,
	[NAV_TBL_TAG_044] [VARCHAR] (255) NULL 
) ON [PRIMARY]
GO

ALTER TABLE [DBO].[NAV_FORMS_CGPHOME_NEW] WITH NOCHECK ADD 
	CONSTRAINT [PK_NAV_FORMS_CGPHOME_NEW] PRIMARY KEY  CLUSTERED 
	(
		[NAV_CGPHOME_NEW_ID]
	)  ON [PRIMARY] 
GO

GRANT SELECT, UPDATE ON [DBO].[NAV_FORMS_CGPHOME_NEW] TO [TRANSACTORPMUSERS]
GO

GRANT SELECT ON [DBO].[NAV_FORMS_CGPHOME_NEW] TO [TRANSACTORUSERS]
GO

CREATE TABLE [DBO].[NAV_PERM_CGPHOME_NEW] (
	[PERM_CGPHOME_NEW_ID] [CHAR] (36) NOT NULL ,
	[NAV_CGPHOME_NEW_ID] [CHAR] (8) NOT NULL ,
	[ROLE_ID] [INT] NOT NULL 
) ON [PRIMARY]
GO

ALTER TABLE [DBO].[NAV_PERM_CGPHOME_NEW] WITH NOCHECK ADD 
	CONSTRAINT [PK_NAV_PERM_CGPHOME_NEW] PRIMARY KEY  CLUSTERED 
	(
		[PERM_CGPHOME_NEW_ID]
	)  ON [PRIMARY] 
GO

CREATE  UNIQUE  INDEX [IDX_NAV_PERM_CGPHOME_NEW] ON [DBO].[NAV_PERM_CGPHOME_NEW]([NAV_CGPHOME_NEW_ID], [ROLE_ID]) ON [PRIMARY]
GO

GRANT SELECT, UPDATE, INSERT, DELETE ON [DBO].[NAV_PERM_CGPHOME_NEW]  TO [TRANSACTORUSERS]
GO

ALTER TABLE [DBO].[NAV_FIELDS_CGPHOME_NEW] ADD 
	CONSTRAINT [FK_PNFNFICGPHOMENEW] FOREIGN KEY 
	(
		[PARENTID]
	) REFERENCES [DBO].[NAV_FORMS_CGPHOME_NEW] (
		[NAV_CGPHOME_NEW_ID]
	) NOT FOR REPLICATION
GO

ALTER TABLE [DBO].[NAV_PERM_CGPHOME_NEW] ADD 
	CONSTRAINT [FK_NFINPCGPHOMENEW] FOREIGN KEY 
	(
		[NAV_CGPHOME_NEW_ID]
	) REFERENCES [DBO].[NAV_FIELDS_CGPHOME_NEW] (
		[NAV_CGPHOME_NEW_ID]
	) NOT FOR REPLICATION,
	CONSTRAINT [FK_SR_NPCGPHOMENEW] FOREIGN KEY 
	(
		[ROLE_ID]
	) REFERENCES [DBO].[SYSTEM_ROLE] (
		[ROLE_ID]
	) NOT FOR REPLICATION
GO		

	
if exists (select * from dbo.sysobjects where id = object_id(N'[dbo].[NAV_PERM_CGPHOME_PROPOSER_NEW]') and OBJECTPROPERTY(id, N'IsUserTable') = 1)
	drop table [dbo].[NAV_PERM_CGPHOME_PROPOSER_NEW]
GO
if exists (select * from dbo.sysobjects where id = object_id(N'[dbo].[NAV_FIELDS_CGPHOME_PROPOSER_NEW]') and OBJECTPROPERTY(id, N'IsUserTable') = 1)
	drop table [dbo].[NAV_FIELDS_CGPHOME_PROPOSER_NEW]
GO
if exists (select * from dbo.sysobjects where id = object_id(N'[dbo].[NAV_FORMS_CGPHOME_PROPOSER_NEW]') and OBJECTPROPERTY(id, N'IsUserTable') = 1)
	drop table [dbo].[NAV_FORMS_CGPHOME_PROPOSER_NEW]
GO
              
IF NOT EXISTS (SELECT * FROM DBO.SYSOBJECTS WHERE ID = OBJECT_ID(N'[DBO].[NAV_FIELDS_CGPHOME_PROPOSER_NEW]') AND OBJECTPROPERTY(ID, N'ISUSERTABLE') = 1)
BEGIN              
  CREATE TABLE [DBO].[NAV_FIELDS_CGPHOME_PROPOSER_NEW] (
	  [NAV_CGPHOME_PROPOSER_NEW_ID] [CHAR] (8) NOT NULL ,
	  [PARENTID] [CHAR] (8) NOT NULL ,
	  [FIELDNAME] [VARCHAR] (40) NULL ,
	  [ENABLED_044] [BIT] NOT NULL ,
	  [NAV_CGPHOME_PROPOSER_NEW_044] [VARCHAR] (50) NULL ,
	  [SCRIPT_044] [VARCHAR] (255) NULL ,
	  [MANDATORY_044] [BIT] NULL ,
	  [MANDATORY_MESSAGE_044] [VARCHAR] (255) NULL ,
	  [DEFAULT_VALUE_044] [VARCHAR] (100) NULL ,
	  [DEFAULT_DATATYPE_044] [VARCHAR] (1) NULL ,
	  [TAB_INDEX_044] [INT] NULL 
  ) ON [PRIMARY]

  ALTER TABLE [DBO].[NAV_FIELDS_CGPHOME_PROPOSER_NEW] WITH NOCHECK ADD 
	  CONSTRAINT [PK_NAV_FIELDS_CGPHOME_PROPOSER_NEW] PRIMARY KEY  CLUSTERED 
	  (
		  [NAV_CGPHOME_PROPOSER_NEW_ID]
	  )  ON [PRIMARY] 

  GRANT  SELECT , UPDATE ON [DBO].[NAV_FIELDS_CGPHOME_PROPOSER_NEW]  TO [TRANSACTORPMUSERS]
  GRANT  SELECT ON [DBO].[NAV_FIELDS_CGPHOME_PROPOSER_NEW]  TO [TRANSACTORUSERS]
END
GO
						
IF NOT EXISTS (SELECT * FROM DBO.SYSOBJECTS WHERE ID = OBJECT_ID(N'[DBO].[NAV_FORMS_CGPHOME_PROPOSER_NEW]') AND OBJECTPROPERTY(ID, N'ISUSERTABLE') = 1)
BEGIN
  CREATE TABLE [DBO].[NAV_FORMS_CGPHOME_PROPOSER_NEW] (
	  [NAV_CGPHOME_PROPOSER_NEW_ID] [CHAR] (8) NOT NULL ,
	  [NAV_CGPHOME_PROPOSER_NEW] [VARCHAR] (50) NULL ,
	  [MOVEABLE] [BIT] NOT NULL ,
	  [ENABLED_044] [BIT] NOT NULL ,
	  [SEQUENCE_044] [INT] NOT NULL ,
	  [NAV_CGPHOME_PROPOSER_NEW_044] [VARCHAR] (50) NULL ,
	  [NAV_TBL_TAG_044] [VARCHAR] (255) NULL 
  ) ON [PRIMARY]

  ALTER TABLE [DBO].[NAV_FORMS_CGPHOME_PROPOSER_NEW] WITH NOCHECK ADD 
	  CONSTRAINT [PK_NAV_FORMS_CGPHOME_PROPOSER_NEW] PRIMARY KEY  CLUSTERED 
	  (
		  [NAV_CGPHOME_PROPOSER_NEW_ID]
	  )  ON [PRIMARY] 

  GRANT SELECT, UPDATE ON [DBO].[NAV_FORMS_CGPHOME_PROPOSER_NEW] TO [TRANSACTORPMUSERS]
  GRANT SELECT ON [DBO].[NAV_FORMS_CGPHOME_PROPOSER_NEW] TO [TRANSACTORUSERS]
END
GO	
						
IF NOT EXISTS (SELECT * FROM DBO.SYSOBJECTS WHERE ID = OBJECT_ID(N'[DBO].[NAV_PERM_CGPHOME_PROPOSER_NEW]') AND OBJECTPROPERTY(ID, N'ISUSERTABLE') = 1)
BEGIN
  CREATE TABLE [DBO].[NAV_PERM_CGPHOME_PROPOSER_NEW] (
	  [PERM_CGPHOME_PROPOSER_NEW_ID] [CHAR] (36) NOT NULL ,
	  [NAV_CGPHOME_PROPOSER_NEW_ID] [CHAR] (8) NOT NULL ,
	  [ROLE_ID] [INT] NOT NULL 
  ) ON [PRIMARY]

  ALTER TABLE [DBO].[NAV_PERM_CGPHOME_PROPOSER_NEW] WITH NOCHECK ADD 
	  CONSTRAINT [PK_NAV_PERM_CGPHOME_PROPOSER_NEW] PRIMARY KEY  CLUSTERED 
	  (
		  [PERM_CGPHOME_PROPOSER_NEW_ID]
	  )  ON [PRIMARY] 

  CREATE  UNIQUE  INDEX [IDX_NAV_PERM_CGPHOME_PROPOSER_NEW] ON [DBO].[NAV_PERM_CGPHOME_PROPOSER_NEW]([NAV_CGPHOME_PROPOSER_NEW_ID], [ROLE_ID]) ON [PRIMARY]

  GRANT SELECT, UPDATE, INSERT, DELETE ON [DBO].[NAV_PERM_CGPHOME_PROPOSER_NEW]  TO [TRANSACTORUSERS]
END
GO	
						
IF NOT EXISTS (SELECT * FROM DBO.SYSOBJECTS WHERE ID = OBJECT_ID(N'[DBO].[FK_NFNFICGPHOME_PROPOSERNEW]') AND OBJECTPROPERTY(ID, N'ISCONSTRAINT') = 1)
ALTER TABLE [DBO].[NAV_FIELDS_CGPHOME_PROPOSER_NEW] ADD 
	CONSTRAINT [FK_NFNFICGPHOME_PROPOSERNEW] FOREIGN KEY 
	(
		[PARENTID]
	) REFERENCES [DBO].[NAV_FORMS_CGPHOME_PROPOSER_NEW] (
		[NAV_CGPHOME_PROPOSER_NEW_ID]
	) NOT FOR REPLICATION
GO

IF NOT EXISTS (SELECT * FROM DBO.SYSOBJECTS WHERE ID = OBJECT_ID(N'[DBO].[FK_NFINPCGPHOME_PROPOSERNEW]') AND OBJECTPROPERTY(ID, N'ISCONSTRAINT') = 1)
ALTER TABLE [DBO].[NAV_PERM_CGPHOME_PROPOSER_NEW] ADD 
	CONSTRAINT [FK_NFINPCGPHOME_PROPOSERNEW] FOREIGN KEY 
	(
		[NAV_CGPHOME_PROPOSER_NEW_ID]
	) REFERENCES [DBO].[NAV_FIELDS_CGPHOME_PROPOSER_NEW] (
		[NAV_CGPHOME_PROPOSER_NEW_ID]
	) NOT FOR REPLICATION

IF NOT EXISTS (SELECT * FROM DBO.SYSOBJECTS WHERE ID = OBJECT_ID(N'[DBO].[FK_SR_NPCGPHOME_PROPOSERNEW]') AND OBJECTPROPERTY(ID, N'ISCONSTRAINT') = 1)
ALTER TABLE [DBO].[NAV_PERM_CGPHOME_PROPOSER_NEW] ADD 
	CONSTRAINT [FK_SR_NPCGPHOME_PROPOSERNEW] FOREIGN KEY 
	(
		[ROLE_ID]
	) REFERENCES [DBO].[SYSTEM_ROLE] (
		[ROLE_ID]
	) NOT FOR REPLICATION
GO
							

if exists (select * from dbo.sysobjects where id = object_id(N'[dbo].[NAV_PERM_CGPHOME_ADD]') and OBJECTPROPERTY(id, N'IsUserTable') = 1)
	drop table [dbo].[NAV_PERM_CGPHOME_ADD]
GO
if exists (select * from dbo.sysobjects where id = object_id(N'[dbo].[NAV_FIELDS_CGPHOME_ADD]') and OBJECTPROPERTY(id, N'IsUserTable') = 1)
	drop table [dbo].[NAV_FIELDS_CGPHOME_ADD]
GO
if exists (select * from dbo.sysobjects where id = object_id(N'[dbo].[NAV_FORMS_CGPHOME_ADD]') and OBJECTPROPERTY(id, N'IsUserTable') = 1)
	drop table [dbo].[NAV_FORMS_CGPHOME_ADD]
GO

CREATE TABLE [DBO].[NAV_FIELDS_CGPHOME_ADD] (
	[NAV_CGPHOME_ADD_ID] [CHAR] (8) NOT NULL ,
	[PARENTID] [CHAR] (8) NOT NULL ,
	[FIELDNAME] [VARCHAR] (40) NULL ,
	[ENABLED_044] [BIT] NOT NULL ,
	[NAV_CGPHOME_ADD_044] [VARCHAR] (50) NULL ,
	[SCRIPT_044] [VARCHAR] (255) NULL ,
	[MANDATORY_044] [BIT] NULL ,
	[MANDATORY_MESSAGE_044] [VARCHAR] (255) NULL ,
	[DEFAULT_VALUE_044] [VARCHAR] (100) NULL ,
	[DEFAULT_DATATYPE_044] [VARCHAR] (1) NULL ,
	[TAB_INDEX_044] [INT] NULL 
) ON [PRIMARY]
GO

ALTER TABLE [DBO].[NAV_FIELDS_CGPHOME_ADD] WITH NOCHECK ADD 
	CONSTRAINT [PK_NAV_FIELDS_CGPHOME_ADD] PRIMARY KEY  CLUSTERED 
	(
		[NAV_CGPHOME_ADD_ID]
	)  ON [PRIMARY] 
GO

GRANT  SELECT , UPDATE ON [DBO].[NAV_FIELDS_CGPHOME_ADD]  TO [TRANSACTORPMUSERS]
GO

GRANT  SELECT ON [DBO].[NAV_FIELDS_CGPHOME_ADD]  TO [TRANSACTORUSERS]
GO	

CREATE TABLE [DBO].[NAV_FORMS_CGPHOME_ADD] (
	[NAV_CGPHOME_ADD_ID] [CHAR] (8) NOT NULL ,
	[NAV_CGPHOME_ADD] [VARCHAR] (50) NULL ,
	[MOVEABLE] [BIT] NOT NULL ,
	[ENABLED_044] [BIT] NOT NULL ,
	[SEQUENCE_044] [INT] NOT NULL ,
	[NAV_CGPHOME_ADD_044] [VARCHAR] (50) NULL ,
	[NAV_TBL_TAG_044] [VARCHAR] (255) NULL 
) ON [PRIMARY]
GO

ALTER TABLE [DBO].[NAV_FORMS_CGPHOME_ADD] WITH NOCHECK ADD 
	CONSTRAINT [PK_NAV_FORMS_CGPHOME_ADD] PRIMARY KEY  CLUSTERED 
	(
		[NAV_CGPHOME_ADD_ID]
	)  ON [PRIMARY] 
GO

GRANT SELECT, UPDATE ON [DBO].[NAV_FORMS_CGPHOME_ADD] TO [TRANSACTORPMUSERS]
GO

GRANT SELECT ON [DBO].[NAV_FORMS_CGPHOME_ADD] TO [TRANSACTORUSERS]
GO

CREATE TABLE [DBO].[NAV_PERM_CGPHOME_ADD] (
	[PERM_CGPHOME_ADD_ID] [CHAR] (36) NOT NULL ,
	[NAV_CGPHOME_ADD_ID] [CHAR] (8) NOT NULL ,
	[ROLE_ID] [INT] NOT NULL 
) ON [PRIMARY]
GO

ALTER TABLE [DBO].[NAV_PERM_CGPHOME_ADD] WITH NOCHECK ADD 
	CONSTRAINT [PK_NAV_PERM_CGPHOME_ADD] PRIMARY KEY  CLUSTERED 
	(
		[PERM_CGPHOME_ADD_ID]
	)  ON [PRIMARY] 
GO

CREATE  UNIQUE  INDEX [IDX_NAV_PERM_CGPHOME_ADD] ON [DBO].[NAV_PERM_CGPHOME_ADD]([NAV_CGPHOME_ADD_ID], [ROLE_ID]) ON [PRIMARY]
GO

GRANT SELECT, UPDATE, INSERT, DELETE ON [DBO].[NAV_PERM_CGPHOME_ADD]  TO [TRANSACTORUSERS]
GO

ALTER TABLE [DBO].[NAV_FIELDS_CGPHOME_ADD] ADD 
	CONSTRAINT [FK_PNFNFICGPHOMEADD] FOREIGN KEY 
	(
		[PARENTID]
	) REFERENCES [DBO].[NAV_FORMS_CGPHOME_ADD] (
		[NAV_CGPHOME_ADD_ID]
	) NOT FOR REPLICATION
GO

ALTER TABLE [DBO].[NAV_PERM_CGPHOME_ADD] ADD 
	CONSTRAINT [FK_NFINPCGPHOMEADD] FOREIGN KEY 
	(
		[NAV_CGPHOME_ADD_ID]
	) REFERENCES [DBO].[NAV_FIELDS_CGPHOME_ADD] (
		[NAV_CGPHOME_ADD_ID]
	) NOT FOR REPLICATION,
	CONSTRAINT [FK_SR_NPCGPHOMEADD] FOREIGN KEY 
	(
		[ROLE_ID]
	) REFERENCES [DBO].[SYSTEM_ROLE] (
		[ROLE_ID]
	) NOT FOR REPLICATION
GO		

	
if exists (select * from dbo.sysobjects where id = object_id(N'[dbo].[NAV_PERM_CGPHOME_PROPOSER_ADD]') and OBJECTPROPERTY(id, N'IsUserTable') = 1)
	drop table [dbo].[NAV_PERM_CGPHOME_PROPOSER_ADD]
GO
if exists (select * from dbo.sysobjects where id = object_id(N'[dbo].[NAV_FIELDS_CGPHOME_PROPOSER_ADD]') and OBJECTPROPERTY(id, N'IsUserTable') = 1)
	drop table [dbo].[NAV_FIELDS_CGPHOME_PROPOSER_ADD]
GO
if exists (select * from dbo.sysobjects where id = object_id(N'[dbo].[NAV_FORMS_CGPHOME_PROPOSER_ADD]') and OBJECTPROPERTY(id, N'IsUserTable') = 1)
	drop table [dbo].[NAV_FORMS_CGPHOME_PROPOSER_ADD]
GO
              
IF NOT EXISTS (SELECT * FROM DBO.SYSOBJECTS WHERE ID = OBJECT_ID(N'[DBO].[NAV_FIELDS_CGPHOME_PROPOSER_ADD]') AND OBJECTPROPERTY(ID, N'ISUSERTABLE') = 1)
BEGIN              
  CREATE TABLE [DBO].[NAV_FIELDS_CGPHOME_PROPOSER_ADD] (
	  [NAV_CGPHOME_PROPOSER_ADD_ID] [CHAR] (8) NOT NULL ,
	  [PARENTID] [CHAR] (8) NOT NULL ,
	  [FIELDNAME] [VARCHAR] (40) NULL ,
	  [ENABLED_044] [BIT] NOT NULL ,
	  [NAV_CGPHOME_PROPOSER_ADD_044] [VARCHAR] (50) NULL ,
	  [SCRIPT_044] [VARCHAR] (255) NULL ,
	  [MANDATORY_044] [BIT] NULL ,
	  [MANDATORY_MESSAGE_044] [VARCHAR] (255) NULL ,
	  [DEFAULT_VALUE_044] [VARCHAR] (100) NULL ,
	  [DEFAULT_DATATYPE_044] [VARCHAR] (1) NULL ,
	  [TAB_INDEX_044] [INT] NULL 
  ) ON [PRIMARY]

  ALTER TABLE [DBO].[NAV_FIELDS_CGPHOME_PROPOSER_ADD] WITH NOCHECK ADD 
	  CONSTRAINT [PK_NAV_FIELDS_CGPHOME_PROPOSER_ADD] PRIMARY KEY  CLUSTERED 
	  (
		  [NAV_CGPHOME_PROPOSER_ADD_ID]
	  )  ON [PRIMARY] 

  GRANT  SELECT , UPDATE ON [DBO].[NAV_FIELDS_CGPHOME_PROPOSER_ADD]  TO [TRANSACTORPMUSERS]
  GRANT  SELECT ON [DBO].[NAV_FIELDS_CGPHOME_PROPOSER_ADD]  TO [TRANSACTORUSERS]
END
GO
						
IF NOT EXISTS (SELECT * FROM DBO.SYSOBJECTS WHERE ID = OBJECT_ID(N'[DBO].[NAV_FORMS_CGPHOME_PROPOSER_ADD]') AND OBJECTPROPERTY(ID, N'ISUSERTABLE') = 1)
BEGIN
  CREATE TABLE [DBO].[NAV_FORMS_CGPHOME_PROPOSER_ADD] (
	  [NAV_CGPHOME_PROPOSER_ADD_ID] [CHAR] (8) NOT NULL ,
	  [NAV_CGPHOME_PROPOSER_ADD] [VARCHAR] (50) NULL ,
	  [MOVEABLE] [BIT] NOT NULL ,
	  [ENABLED_044] [BIT] NOT NULL ,
	  [SEQUENCE_044] [INT] NOT NULL ,
	  [NAV_CGPHOME_PROPOSER_ADD_044] [VARCHAR] (50) NULL ,
	  [NAV_TBL_TAG_044] [VARCHAR] (255) NULL 
  ) ON [PRIMARY]

  ALTER TABLE [DBO].[NAV_FORMS_CGPHOME_PROPOSER_ADD] WITH NOCHECK ADD 
	  CONSTRAINT [PK_NAV_FORMS_CGPHOME_PROPOSER_ADD] PRIMARY KEY  CLUSTERED 
	  (
		  [NAV_CGPHOME_PROPOSER_ADD_ID]
	  )  ON [PRIMARY] 

  GRANT SELECT, UPDATE ON [DBO].[NAV_FORMS_CGPHOME_PROPOSER_ADD] TO [TRANSACTORPMUSERS]
  GRANT SELECT ON [DBO].[NAV_FORMS_CGPHOME_PROPOSER_ADD] TO [TRANSACTORUSERS]
END
GO	
						
IF NOT EXISTS (SELECT * FROM DBO.SYSOBJECTS WHERE ID = OBJECT_ID(N'[DBO].[NAV_PERM_CGPHOME_PROPOSER_ADD]') AND OBJECTPROPERTY(ID, N'ISUSERTABLE') = 1)
BEGIN
  CREATE TABLE [DBO].[NAV_PERM_CGPHOME_PROPOSER_ADD] (
	  [PERM_CGPHOME_PROPOSER_ADD_ID] [CHAR] (36) NOT NULL ,
	  [NAV_CGPHOME_PROPOSER_ADD_ID] [CHAR] (8) NOT NULL ,
	  [ROLE_ID] [INT] NOT NULL 
  ) ON [PRIMARY]

  ALTER TABLE [DBO].[NAV_PERM_CGPHOME_PROPOSER_ADD] WITH NOCHECK ADD 
	  CONSTRAINT [PK_NAV_PERM_CGPHOME_PROPOSER_ADD] PRIMARY KEY  CLUSTERED 
	  (
		  [PERM_CGPHOME_PROPOSER_ADD_ID]
	  )  ON [PRIMARY] 

  CREATE  UNIQUE  INDEX [IDX_NAV_PERM_CGPHOME_PROPOSER_ADD] ON [DBO].[NAV_PERM_CGPHOME_PROPOSER_ADD]([NAV_CGPHOME_PROPOSER_ADD_ID], [ROLE_ID]) ON [PRIMARY]

  GRANT SELECT, UPDATE, INSERT, DELETE ON [DBO].[NAV_PERM_CGPHOME_PROPOSER_ADD]  TO [TRANSACTORUSERS]
END
GO	
						
IF NOT EXISTS (SELECT * FROM DBO.SYSOBJECTS WHERE ID = OBJECT_ID(N'[DBO].[FK_NFNFICGPHOME_PROPOSERADD]') AND OBJECTPROPERTY(ID, N'ISCONSTRAINT') = 1)
ALTER TABLE [DBO].[NAV_FIELDS_CGPHOME_PROPOSER_ADD] ADD 
	CONSTRAINT [FK_NFNFICGPHOME_PROPOSERADD] FOREIGN KEY 
	(
		[PARENTID]
	) REFERENCES [DBO].[NAV_FORMS_CGPHOME_PROPOSER_ADD] (
		[NAV_CGPHOME_PROPOSER_ADD_ID]
	) NOT FOR REPLICATION
GO

IF NOT EXISTS (SELECT * FROM DBO.SYSOBJECTS WHERE ID = OBJECT_ID(N'[DBO].[FK_NFINPCGPHOME_PROPOSERADD]') AND OBJECTPROPERTY(ID, N'ISCONSTRAINT') = 1)
ALTER TABLE [DBO].[NAV_PERM_CGPHOME_PROPOSER_ADD] ADD 
	CONSTRAINT [FK_NFINPCGPHOME_PROPOSERADD] FOREIGN KEY 
	(
		[NAV_CGPHOME_PROPOSER_ADD_ID]
	) REFERENCES [DBO].[NAV_FIELDS_CGPHOME_PROPOSER_ADD] (
		[NAV_CGPHOME_PROPOSER_ADD_ID]
	) NOT FOR REPLICATION

IF NOT EXISTS (SELECT * FROM DBO.SYSOBJECTS WHERE ID = OBJECT_ID(N'[DBO].[FK_SR_NPCGPHOME_PROPOSERADD]') AND OBJECTPROPERTY(ID, N'ISCONSTRAINT') = 1)
ALTER TABLE [DBO].[NAV_PERM_CGPHOME_PROPOSER_ADD] ADD 
	CONSTRAINT [FK_SR_NPCGPHOME_PROPOSERADD] FOREIGN KEY 
	(
		[ROLE_ID]
	) REFERENCES [DBO].[SYSTEM_ROLE] (
		[ROLE_ID]
	) NOT FOR REPLICATION
GO
							

if exists (select * from dbo.sysobjects where id = object_id(N'[dbo].[NAV_PERM_CGPHOME_PST]') and OBJECTPROPERTY(id, N'IsUserTable') = 1)
	drop table [dbo].[NAV_PERM_CGPHOME_PST]
GO
if exists (select * from dbo.sysobjects where id = object_id(N'[dbo].[NAV_FIELDS_CGPHOME_PST]') and OBJECTPROPERTY(id, N'IsUserTable') = 1)
	drop table [dbo].[NAV_FIELDS_CGPHOME_PST]
GO
if exists (select * from dbo.sysobjects where id = object_id(N'[dbo].[NAV_FORMS_CGPHOME_PST]') and OBJECTPROPERTY(id, N'IsUserTable') = 1)
	drop table [dbo].[NAV_FORMS_CGPHOME_PST]
GO

CREATE TABLE [DBO].[NAV_FIELDS_CGPHOME_PST] (
	[NAV_CGPHOME_PST_ID] [CHAR] (8) NOT NULL ,
	[PARENTID] [CHAR] (8) NOT NULL ,
	[FIELDNAME] [VARCHAR] (40) NULL ,
	[ENABLED_044] [BIT] NOT NULL ,
	[NAV_CGPHOME_PST_044] [VARCHAR] (50) NULL ,
	[SCRIPT_044] [VARCHAR] (255) NULL ,
	[MANDATORY_044] [BIT] NULL ,
	[MANDATORY_MESSAGE_044] [VARCHAR] (255) NULL ,
	[DEFAULT_VALUE_044] [VARCHAR] (100) NULL ,
	[DEFAULT_DATATYPE_044] [VARCHAR] (1) NULL ,
	[TAB_INDEX_044] [INT] NULL 
) ON [PRIMARY]
GO

ALTER TABLE [DBO].[NAV_FIELDS_CGPHOME_PST] WITH NOCHECK ADD 
	CONSTRAINT [PK_NAV_FIELDS_CGPHOME_PST] PRIMARY KEY  CLUSTERED 
	(
		[NAV_CGPHOME_PST_ID]
	)  ON [PRIMARY] 
GO

GRANT  SELECT , UPDATE ON [DBO].[NAV_FIELDS_CGPHOME_PST]  TO [TRANSACTORPMUSERS]
GO

GRANT  SELECT ON [DBO].[NAV_FIELDS_CGPHOME_PST]  TO [TRANSACTORUSERS]
GO	

CREATE TABLE [DBO].[NAV_FORMS_CGPHOME_PST] (
	[NAV_CGPHOME_PST_ID] [CHAR] (8) NOT NULL ,
	[NAV_CGPHOME_PST] [VARCHAR] (50) NULL ,
	[MOVEABLE] [BIT] NOT NULL ,
	[ENABLED_044] [BIT] NOT NULL ,
	[SEQUENCE_044] [INT] NOT NULL ,
	[NAV_CGPHOME_PST_044] [VARCHAR] (50) NULL ,
	[NAV_TBL_TAG_044] [VARCHAR] (255) NULL 
) ON [PRIMARY]
GO

ALTER TABLE [DBO].[NAV_FORMS_CGPHOME_PST] WITH NOCHECK ADD 
	CONSTRAINT [PK_NAV_FORMS_CGPHOME_PST] PRIMARY KEY  CLUSTERED 
	(
		[NAV_CGPHOME_PST_ID]
	)  ON [PRIMARY] 
GO

GRANT SELECT, UPDATE ON [DBO].[NAV_FORMS_CGPHOME_PST] TO [TRANSACTORPMUSERS]
GO

GRANT SELECT ON [DBO].[NAV_FORMS_CGPHOME_PST] TO [TRANSACTORUSERS]
GO

CREATE TABLE [DBO].[NAV_PERM_CGPHOME_PST] (
	[PERM_CGPHOME_PST_ID] [CHAR] (36) NOT NULL ,
	[NAV_CGPHOME_PST_ID] [CHAR] (8) NOT NULL ,
	[ROLE_ID] [INT] NOT NULL 
) ON [PRIMARY]
GO

ALTER TABLE [DBO].[NAV_PERM_CGPHOME_PST] WITH NOCHECK ADD 
	CONSTRAINT [PK_NAV_PERM_CGPHOME_PST] PRIMARY KEY  CLUSTERED 
	(
		[PERM_CGPHOME_PST_ID]
	)  ON [PRIMARY] 
GO

CREATE  UNIQUE  INDEX [IDX_NAV_PERM_CGPHOME_PST] ON [DBO].[NAV_PERM_CGPHOME_PST]([NAV_CGPHOME_PST_ID], [ROLE_ID]) ON [PRIMARY]
GO

GRANT SELECT, UPDATE, INSERT, DELETE ON [DBO].[NAV_PERM_CGPHOME_PST]  TO [TRANSACTORUSERS]
GO

ALTER TABLE [DBO].[NAV_FIELDS_CGPHOME_PST] ADD 
	CONSTRAINT [FK_PNFNFICGPHOMEPST] FOREIGN KEY 
	(
		[PARENTID]
	) REFERENCES [DBO].[NAV_FORMS_CGPHOME_PST] (
		[NAV_CGPHOME_PST_ID]
	) NOT FOR REPLICATION
GO

ALTER TABLE [DBO].[NAV_PERM_CGPHOME_PST] ADD 
	CONSTRAINT [FK_NFINPCGPHOMEPST] FOREIGN KEY 
	(
		[NAV_CGPHOME_PST_ID]
	) REFERENCES [DBO].[NAV_FIELDS_CGPHOME_PST] (
		[NAV_CGPHOME_PST_ID]
	) NOT FOR REPLICATION,
	CONSTRAINT [FK_SR_NPCGPHOMEPST] FOREIGN KEY 
	(
		[ROLE_ID]
	) REFERENCES [DBO].[SYSTEM_ROLE] (
		[ROLE_ID]
	) NOT FOR REPLICATION
GO		

		

if exists (select * from dbo.sysobjects where id = object_id(N'[dbo].[NAV_PERM_CGPHOME_IND]') and OBJECTPROPERTY(id, N'IsUserTable') = 1)
	drop table [dbo].[NAV_PERM_CGPHOME_IND]
GO
if exists (select * from dbo.sysobjects where id = object_id(N'[dbo].[NAV_FIELDS_CGPHOME_IND]') and OBJECTPROPERTY(id, N'IsUserTable') = 1)
	drop table [dbo].[NAV_FIELDS_CGPHOME_IND]
GO
if exists (select * from dbo.sysobjects where id = object_id(N'[dbo].[NAV_FORMS_CGPHOME_IND]') and OBJECTPROPERTY(id, N'IsUserTable') = 1)
	drop table [dbo].[NAV_FORMS_CGPHOME_IND]
GO

CREATE TABLE [DBO].[NAV_FIELDS_CGPHOME_IND] (
	[NAV_CGPHOME_IND_ID] [CHAR] (8) NOT NULL ,
	[PARENTID] [CHAR] (8) NOT NULL ,
	[FIELDNAME] [VARCHAR] (40) NULL ,
	[ENABLED_044] [BIT] NOT NULL ,
	[NAV_CGPHOME_IND_044] [VARCHAR] (50) NULL ,
	[SCRIPT_044] [VARCHAR] (255) NULL ,
	[MANDATORY_044] [BIT] NULL ,
	[MANDATORY_MESSAGE_044] [VARCHAR] (255) NULL ,
	[DEFAULT_VALUE_044] [VARCHAR] (100) NULL ,
	[DEFAULT_DATATYPE_044] [VARCHAR] (1) NULL ,
	[TAB_INDEX_044] [INT] NULL 
) ON [PRIMARY]
GO

ALTER TABLE [DBO].[NAV_FIELDS_CGPHOME_IND] WITH NOCHECK ADD 
	CONSTRAINT [PK_NAV_FIELDS_CGPHOME_IND] PRIMARY KEY  CLUSTERED 
	(
		[NAV_CGPHOME_IND_ID]
	)  ON [PRIMARY] 
GO

GRANT  SELECT , UPDATE ON [DBO].[NAV_FIELDS_CGPHOME_IND]  TO [TRANSACTORPMUSERS]
GO

GRANT  SELECT ON [DBO].[NAV_FIELDS_CGPHOME_IND]  TO [TRANSACTORUSERS]
GO	

CREATE TABLE [DBO].[NAV_FORMS_CGPHOME_IND] (
	[NAV_CGPHOME_IND_ID] [CHAR] (8) NOT NULL ,
	[NAV_CGPHOME_IND] [VARCHAR] (50) NULL ,
	[MOVEABLE] [BIT] NOT NULL ,
	[ENABLED_044] [BIT] NOT NULL ,
	[SEQUENCE_044] [INT] NOT NULL ,
	[NAV_CGPHOME_IND_044] [VARCHAR] (50) NULL ,
	[NAV_TBL_TAG_044] [VARCHAR] (255) NULL 
) ON [PRIMARY]
GO

ALTER TABLE [DBO].[NAV_FORMS_CGPHOME_IND] WITH NOCHECK ADD 
	CONSTRAINT [PK_NAV_FORMS_CGPHOME_IND] PRIMARY KEY  CLUSTERED 
	(
		[NAV_CGPHOME_IND_ID]
	)  ON [PRIMARY] 
GO

GRANT SELECT, UPDATE ON [DBO].[NAV_FORMS_CGPHOME_IND] TO [TRANSACTORPMUSERS]
GO

GRANT SELECT ON [DBO].[NAV_FORMS_CGPHOME_IND] TO [TRANSACTORUSERS]
GO

CREATE TABLE [DBO].[NAV_PERM_CGPHOME_IND] (
	[PERM_CGPHOME_IND_ID] [CHAR] (36) NOT NULL ,
	[NAV_CGPHOME_IND_ID] [CHAR] (8) NOT NULL ,
	[ROLE_ID] [INT] NOT NULL 
) ON [PRIMARY]
GO

ALTER TABLE [DBO].[NAV_PERM_CGPHOME_IND] WITH NOCHECK ADD 
	CONSTRAINT [PK_NAV_PERM_CGPHOME_IND] PRIMARY KEY  CLUSTERED 
	(
		[PERM_CGPHOME_IND_ID]
	)  ON [PRIMARY] 
GO

CREATE  UNIQUE  INDEX [IDX_NAV_PERM_CGPHOME_IND] ON [DBO].[NAV_PERM_CGPHOME_IND]([NAV_CGPHOME_IND_ID], [ROLE_ID]) ON [PRIMARY]
GO

GRANT SELECT, UPDATE, INSERT, DELETE ON [DBO].[NAV_PERM_CGPHOME_IND]  TO [TRANSACTORUSERS]
GO

ALTER TABLE [DBO].[NAV_FIELDS_CGPHOME_IND] ADD 
	CONSTRAINT [FK_PNFNFICGPHOMEIND] FOREIGN KEY 
	(
		[PARENTID]
	) REFERENCES [DBO].[NAV_FORMS_CGPHOME_IND] (
		[NAV_CGPHOME_IND_ID]
	) NOT FOR REPLICATION
GO

ALTER TABLE [DBO].[NAV_PERM_CGPHOME_IND] ADD 
	CONSTRAINT [FK_NFINPCGPHOMEIND] FOREIGN KEY 
	(
		[NAV_CGPHOME_IND_ID]
	) REFERENCES [DBO].[NAV_FIELDS_CGPHOME_IND] (
		[NAV_CGPHOME_IND_ID]
	) NOT FOR REPLICATION,
	CONSTRAINT [FK_SR_NPCGPHOMEIND] FOREIGN KEY 
	(
		[ROLE_ID]
	) REFERENCES [DBO].[SYSTEM_ROLE] (
		[ROLE_ID]
	) NOT FOR REPLICATION
GO		

		
--Insert into Navigation Tables		
		
INSERT INTO Nav_Forms_CGPHOME_NEW( Nav_CGPHOME_NEW_ID, Nav_CGPHOME_NEW, MoveAble, Enabled_044, Sequence_044, Nav_CGPHOME_NEW_044, Nav_Tbl_Tag_044) VALUES ( '3OFORFU8', 'TES_Screen_Builder\\CGPHOME\frmPHDETAIL.tst', 1, 1, 11, 'Park Home Details', NULL)
                          
INSERT INTO Nav_Fields_CGPHOME_NEW( Nav_CGPHOME_NEW_ID, ParentID, FieldName, Enabled_044, Nav_CGPHOME_NEW_044, Script_044, Mandatory_044, Mandatory_Message_044, Default_Value_044, Default_Datatype_044, Tab_Index_044) VALUES ( '3OFORFU9', '3OFORFU8', 'txtIntParty', 1, 'Interested Party Details', NULL, 0, NULL, NULL, 't', NULL)
					
INSERT INTO Nav_Fields_CGPHOME_NEW( Nav_CGPHOME_NEW_ID, ParentID, FieldName, Enabled_044, Nav_CGPHOME_NEW_044, Script_044, Mandatory_044, Mandatory_Message_044, Default_Value_044, Default_Datatype_044, Tab_Index_044) VALUES ( '3OFORFV9', '3OFORFU8', 'cboWinLocks', 1, 'Window Locks', NULL, 0, NULL, NULL, 't', NULL)
			
INSERT INTO Nav_Fields_CGPHOME_NEW( Nav_CGPHOME_NEW_ID, ParentID, FieldName, Enabled_044, Nav_CGPHOME_NEW_044, Script_044, Mandatory_044, Mandatory_Message_044, Default_Value_044, Default_Datatype_044, Tab_Index_044) VALUES ( '3OFORFV0', '3OFORFU8', 'cboAlarmType', 1, 'Alarm Type', NULL, 0, NULL, NULL, 't', NULL)
			
INSERT INTO Nav_Fields_CGPHOME_NEW( Nav_CGPHOME_NEW_ID, ParentID, FieldName, Enabled_044, Nav_CGPHOME_NEW_044, Script_044, Mandatory_044, Mandatory_Message_044, Default_Value_044, Default_Datatype_044, Tab_Index_044) VALUES ( '3OFORFV1', '3OFORFU8', 'cboDoorLock', 1, 'Door Locks', NULL, 0, NULL, NULL, 't', NULL)
			
INSERT INTO Nav_Fields_CGPHOME_NEW( Nav_CGPHOME_NEW_ID, ParentID, FieldName, Enabled_044, Nav_CGPHOME_NEW_044, Script_044, Mandatory_044, Mandatory_Message_044, Default_Value_044, Default_Datatype_044, Tab_Index_044) VALUES ( '3OFORFV2', '3OFORFU8', 'txtPESpecCount', 1, 'Count of Personal Effects Specified Items', NULL, 0, NULL, NULL, 't', NULL)
					
INSERT INTO Nav_Fields_CGPHOME_NEW( Nav_CGPHOME_NEW_ID, ParentID, FieldName, Enabled_044, Nav_CGPHOME_NEW_044, Script_044, Mandatory_044, Mandatory_Message_044, Default_Value_044, Default_Datatype_044, Tab_Index_044) VALUES ( '3OFORFV3', '3OFORFU8', 'txtContSpecCount', 1, 'Count Of Contents Specified Items', NULL, 0, NULL, NULL, 't', NULL)
					
INSERT INTO Nav_Fields_CGPHOME_NEW( Nav_CGPHOME_NEW_ID, ParentID, FieldName, Enabled_044, Nav_CGPHOME_NEW_044, Script_044, Mandatory_044, Mandatory_Message_044, Default_Value_044, Default_Datatype_044, Tab_Index_044) VALUES ( '3OFORFV4', '3OFORFU8', 'cfdTotalSI', 1, 'TotalSI', NULL, 0, NULL, NULL, 't', NULL)
			
INSERT INTO Nav_Fields_CGPHOME_NEW( Nav_CGPHOME_NEW_ID, ParentID, FieldName, Enabled_044, Nav_CGPHOME_NEW_044, Script_044, Mandatory_044, Mandatory_Message_044, Default_Value_044, Default_Datatype_044, Tab_Index_044) VALUES ( '3OFORFV5', '3OFORFU8', 'cboCycleCover', 1, 'Pedal Cycle Cover', NULL, 0, NULL, NULL, 't', NULL)
			
INSERT INTO Nav_Fields_CGPHOME_NEW( Nav_CGPHOME_NEW_ID, ParentID, FieldName, Enabled_044, Nav_CGPHOME_NEW_044, Script_044, Mandatory_044, Mandatory_Message_044, Default_Value_044, Default_Datatype_044, Tab_Index_044) VALUES ( '3OFORFV6', '3OFORFU8', 'cboPECover', 1, 'Personal Effects and Money', NULL, 0, NULL, NULL, 't', NULL)
			
INSERT INTO Nav_Fields_CGPHOME_NEW( Nav_CGPHOME_NEW_ID, ParentID, FieldName, Enabled_044, Nav_CGPHOME_NEW_044, Script_044, Mandatory_044, Mandatory_Message_044, Default_Value_044, Default_Datatype_044, Tab_Index_044) VALUES ( '3OFORFV7', '3OFORFU8', 'chkADCover', 1, 'Accidental Damage Cover', NULL, 0, NULL, NULL, 'b', NULL)
			
INSERT INTO Nav_Fields_CGPHOME_NEW( Nav_CGPHOME_NEW_ID, ParentID, FieldName, Enabled_044, Nav_CGPHOME_NEW_044, Script_044, Mandatory_044, Mandatory_Message_044, Default_Value_044, Default_Datatype_044, Tab_Index_044) VALUES ( '3OFORFV8', '3OFORFU8', 'cfdContentSI', 1, 'Contents SI', NULL, 0, NULL, NULL, 't', NULL)
			
INSERT INTO Nav_Fields_CGPHOME_NEW( Nav_CGPHOME_NEW_ID, ParentID, FieldName, Enabled_044, Nav_CGPHOME_NEW_044, Script_044, Mandatory_044, Mandatory_Message_044, Default_Value_044, Default_Datatype_044, Tab_Index_044) VALUES ( '3OFORG08', '3OFORFU8', 'cfdPHSI', 1, 'Park Home SI', NULL, 0, NULL, NULL, 't', NULL)
			
INSERT INTO Nav_Fields_CGPHOME_NEW( Nav_CGPHOME_NEW_ID, ParentID, FieldName, Enabled_044, Nav_CGPHOME_NEW_044, Script_044, Mandatory_044, Mandatory_Message_044, Default_Value_044, Default_Datatype_044, Tab_Index_044) VALUES ( '3OFORG09', '3OFORFU8', 'chkGSORepair', 1, 'Good State of Repair', NULL, 0, NULL, NULL, 'b', NULL)
			
INSERT INTO Nav_Fields_CGPHOME_NEW( Nav_CGPHOME_NEW_ID, ParentID, FieldName, Enabled_044, Nav_CGPHOME_NEW_044, Script_044, Mandatory_044, Mandatory_Message_044, Default_Value_044, Default_Datatype_044, Tab_Index_044) VALUES ( '3OFORG00', '3OFORFU8', 'chkSmoke', 1, 'Smoke Detectors?', NULL, 0, NULL, NULL, 'b', NULL)
			
INSERT INTO Nav_Fields_CGPHOME_NEW( Nav_CGPHOME_NEW_ID, ParentID, FieldName, Enabled_044, Nav_CGPHOME_NEW_044, Script_044, Mandatory_044, Mandatory_Message_044, Default_Value_044, Default_Datatype_044, Tab_Index_044) VALUES ( '3OFORG01', '3OFORFU8', 'chkFinanced', 1, 'Financed', NULL, 0, NULL, NULL, 'b', NULL)
			
INSERT INTO Nav_Fields_CGPHOME_NEW( Nav_CGPHOME_NEW_ID, ParentID, FieldName, Enabled_044, Nav_CGPHOME_NEW_044, Script_044, Mandatory_044, Mandatory_Message_044, Default_Value_044, Default_Datatype_044, Tab_Index_044) VALUES ( '3OFORG02', '3OFORFU8', 'cboFlatorFelt', 1, 'Flat or Felt Roof', NULL, 0, NULL, NULL, 't', NULL)
			
INSERT INTO Nav_Fields_CGPHOME_NEW( Nav_CGPHOME_NEW_ID, ParentID, FieldName, Enabled_044, Nav_CGPHOME_NEW_044, Script_044, Mandatory_044, Mandatory_Message_044, Default_Value_044, Default_Datatype_044, Tab_Index_044) VALUES ( '3OFORG03', '3OFORFU8', 'cboYOManufacture', 1, 'Year Of Manufacture', NULL, 0, NULL, NULL, 't', NULL)
			
INSERT INTO Nav_Fields_CGPHOME_NEW( Nav_CGPHOME_NEW_ID, ParentID, FieldName, Enabled_044, Nav_CGPHOME_NEW_044, Script_044, Mandatory_044, Mandatory_Message_044, Default_Value_044, Default_Datatype_044, Tab_Index_044) VALUES ( '3OFORG04', '3OFORFU8', 'txtType', 1, 'Type', NULL, 0, NULL, NULL, 't', NULL)
					
INSERT INTO Nav_Fields_CGPHOME_NEW( Nav_CGPHOME_NEW_ID, ParentID, FieldName, Enabled_044, Nav_CGPHOME_NEW_044, Script_044, Mandatory_044, Mandatory_Message_044, Default_Value_044, Default_Datatype_044, Tab_Index_044) VALUES ( '3OFORG05', '3OFORFU8', 'cboModel', 1, 'Model', NULL, 0, NULL, NULL, 't', NULL)
			
INSERT INTO Nav_Fields_CGPHOME_NEW( Nav_CGPHOME_NEW_ID, ParentID, FieldName, Enabled_044, Nav_CGPHOME_NEW_044, Script_044, Mandatory_044, Mandatory_Message_044, Default_Value_044, Default_Datatype_044, Tab_Index_044) VALUES ( '3OFORG06', '3OFORFU8', 'cboMake', 1, 'Make', NULL, 0, NULL, NULL, 't', NULL)
			
INSERT INTO Nav_Forms_CGPHOME_NEW( Nav_CGPHOME_NEW_ID, Nav_CGPHOME_NEW, MoveAble, Enabled_044, Sequence_044, Nav_CGPHOME_NEW_044, Nav_Tbl_Tag_044) VALUES ( '3OFORG16', 'TES_Screen_Builder\\CGPHOME\frmSPECCONT.tst', 1, 1, 13, 'Contents Specified Items', NULL)
                          
INSERT INTO Nav_Fields_CGPHOME_NEW( Nav_CGPHOME_NEW_ID, ParentID, FieldName, Enabled_044, Nav_CGPHOME_NEW_044, Script_044, Mandatory_044, Mandatory_Message_044, Default_Value_044, Default_Datatype_044, Tab_Index_044) VALUES ( '3OFORG17', '3OFORG16', 'txtdummy', 1, 'Dummy', NULL, 0, NULL, NULL, 't', NULL)
					
INSERT INTO Nav_Fields_CGPHOME_NEW( Nav_CGPHOME_NEW_ID, ParentID, FieldName, Enabled_044, Nav_CGPHOME_NEW_044, Script_044, Mandatory_044, Mandatory_Message_044, Default_Value_044, Default_Datatype_044, Tab_Index_044) VALUES ( '3OFORG18', '3OFORG16', 'cmdREMSPECCONT', 1, 'Remove Specified Contents', NULL, 0, NULL, NULL, 'b', NULL)
			
INSERT INTO Nav_Fields_CGPHOME_NEW( Nav_CGPHOME_NEW_ID, ParentID, FieldName, Enabled_044, Nav_CGPHOME_NEW_044, Script_044, Mandatory_044, Mandatory_Message_044, Default_Value_044, Default_Datatype_044, Tab_Index_044) VALUES ( '3OFORG19', '3OFORG16', 'cmdEditSpecCont', 1, 'Edit Specified Contents', NULL, 0, NULL, NULL, 'b', NULL)
			
INSERT INTO Nav_Fields_CGPHOME_NEW( Nav_CGPHOME_NEW_ID, ParentID, FieldName, Enabled_044, Nav_CGPHOME_NEW_044, Script_044, Mandatory_044, Mandatory_Message_044, Default_Value_044, Default_Datatype_044, Tab_Index_044) VALUES ( '3OFORG10', '3OFORG16', 'cmdAddSpecCont', 1, 'Add Specified Contents', NULL, 0, NULL, NULL, 'b', NULL)
			
INSERT INTO Nav_Fields_CGPHOME_NEW( Nav_CGPHOME_NEW_ID, ParentID, FieldName, Enabled_044, Nav_CGPHOME_NEW_044, Script_044, Mandatory_044, Mandatory_Message_044, Default_Value_044, Default_Datatype_044, Tab_Index_044) VALUES ( '3OFORG11', '3OFORG16', 'lvwSPECCONTLIST', 1, 'Specified Contents List', NULL, 0, NULL, NULL, 'n', NULL)
			
INSERT INTO Nav_Forms_CGPHOME_NEW( Nav_CGPHOME_NEW_ID, Nav_CGPHOME_NEW, MoveAble, Enabled_044, Sequence_044, Nav_CGPHOME_NEW_044, Nav_Tbl_Tag_044) VALUES ( '3OFORG12', 'TES_Screen_Builder\\CGPHOME\frmSPECPE.tst', 1, 1, 12, 'Personal Effects Specified Items', NULL)
                          
INSERT INTO Nav_Fields_CGPHOME_NEW( Nav_CGPHOME_NEW_ID, ParentID, FieldName, Enabled_044, Nav_CGPHOME_NEW_044, Script_044, Mandatory_044, Mandatory_Message_044, Default_Value_044, Default_Datatype_044, Tab_Index_044) VALUES ( '3OFORG13', '3OFORG12', 'txtDummy', 1, 'Dummy', NULL, 0, NULL, NULL, 't', NULL)
					
INSERT INTO Nav_Fields_CGPHOME_NEW( Nav_CGPHOME_NEW_ID, ParentID, FieldName, Enabled_044, Nav_CGPHOME_NEW_044, Script_044, Mandatory_044, Mandatory_Message_044, Default_Value_044, Default_Datatype_044, Tab_Index_044) VALUES ( '3OFORG14', '3OFORG12', 'cmdREMSPECPE', 1, 'Remove Specified Personal Item', NULL, 0, NULL, NULL, 'b', NULL)
			
INSERT INTO Nav_Fields_CGPHOME_NEW( Nav_CGPHOME_NEW_ID, ParentID, FieldName, Enabled_044, Nav_CGPHOME_NEW_044, Script_044, Mandatory_044, Mandatory_Message_044, Default_Value_044, Default_Datatype_044, Tab_Index_044) VALUES ( '3OFORG15', '3OFORG12', 'cmdEditSpecPE', 1, 'Edit Specified Personal Item', NULL, 0, NULL, NULL, 'b', NULL)
			
INSERT INTO Nav_Fields_CGPHOME_NEW( Nav_CGPHOME_NEW_ID, ParentID, FieldName, Enabled_044, Nav_CGPHOME_NEW_044, Script_044, Mandatory_044, Mandatory_Message_044, Default_Value_044, Default_Datatype_044, Tab_Index_044) VALUES ( '3OFORG25', '3OFORG12', 'cmdADDSPECPE', 1, 'Add A Specified Item PE', NULL, 0, NULL, NULL, 'b', NULL)
			
INSERT INTO Nav_Fields_CGPHOME_NEW( Nav_CGPHOME_NEW_ID, ParentID, FieldName, Enabled_044, Nav_CGPHOME_NEW_044, Script_044, Mandatory_044, Mandatory_Message_044, Default_Value_044, Default_Datatype_044, Tab_Index_044) VALUES ( '3OFORG26', '3OFORG12', 'lvwSPECPELIST', 1, 'List of Specified Personal Effects', NULL, 0, NULL, NULL, 'n', NULL)
			
INSERT INTO Nav_Forms_CGPHOME_NEW( Nav_CGPHOME_NEW_ID, Nav_CGPHOME_NEW, MoveAble, Enabled_044, Sequence_044, Nav_CGPHOME_NEW_044, Nav_Tbl_Tag_044) VALUES ( '3OFORG27', 'TES_Screen_Builder\\CGPHOME\frmPARKDETA.tst', 1, 1, 14, 'Park Home Estate Details', NULL)
                          
INSERT INTO Nav_Fields_CGPHOME_NEW( Nav_CGPHOME_NEW_ID, ParentID, FieldName, Enabled_044, Nav_CGPHOME_NEW_044, Script_044, Mandatory_044, Mandatory_Message_044, Default_Value_044, Default_Datatype_044, Tab_Index_044) VALUES ( '3OFORG28', '3OFORG27', 'cboUnoccupied', 1, 'Unoccupancy Duration', NULL, 0, NULL, NULL, 't', NULL)
			
INSERT INTO Nav_Fields_CGPHOME_NEW( Nav_CGPHOME_NEW_ID, ParentID, FieldName, Enabled_044, Nav_CGPHOME_NEW_044, Script_044, Mandatory_044, Mandatory_Message_044, Default_Value_044, Default_Datatype_044, Tab_Index_044) VALUES ( '3OFORG29', '3OFORG27', 'chkRegSite', 1, 'Registered Site', NULL, 0, NULL, NULL, 'b', NULL)
			
INSERT INTO Nav_Fields_CGPHOME_NEW( Nav_CGPHOME_NEW_ID, ParentID, FieldName, Enabled_044, Nav_CGPHOME_NEW_044, Script_044, Mandatory_044, Mandatory_Message_044, Default_Value_044, Default_Datatype_044, Tab_Index_044) VALUES ( '3OFORG20', '3OFORG27', 'cboBusinessUse', 1, 'Used For Business?', NULL, 0, NULL, NULL, 't', NULL)
			
INSERT INTO Nav_Fields_CGPHOME_NEW( Nav_CGPHOME_NEW_ID, ParentID, FieldName, Enabled_044, Nav_CGPHOME_NEW_044, Script_044, Mandatory_044, Mandatory_Message_044, Default_Value_044, Default_Datatype_044, Tab_Index_044) VALUES ( '3OFORG21', '3OFORG27', 'txtNumOnSite', 1, 'Number of Park Homes on Site', NULL, 0, NULL, NULL, 't', NULL)
					
INSERT INTO Nav_Forms_CGPHOME_NEW( Nav_CGPHOME_NEW_ID, Nav_CGPHOME_NEW, MoveAble, Enabled_044, Sequence_044, Nav_CGPHOME_NEW_044, Nav_Tbl_Tag_044) VALUES ( '3OFORG22', 'TES_Screen_Builder\\CGPHOME\frmCLAIMSUM.tst', 1, 1, 15, 'Claims Summary', NULL)
                          
INSERT INTO Nav_Fields_CGPHOME_NEW( Nav_CGPHOME_NEW_ID, ParentID, FieldName, Enabled_044, Nav_CGPHOME_NEW_044, Script_044, Mandatory_044, Mandatory_Message_044, Default_Value_044, Default_Datatype_044, Tab_Index_044) VALUES ( '3OFORG23', '3OFORG22', 'cmdRemoveClaim', 1, 'Remove Claim', NULL, 0, NULL, NULL, 'b', NULL)
			
INSERT INTO Nav_Fields_CGPHOME_NEW( Nav_CGPHOME_NEW_ID, ParentID, FieldName, Enabled_044, Nav_CGPHOME_NEW_044, Script_044, Mandatory_044, Mandatory_Message_044, Default_Value_044, Default_Datatype_044, Tab_Index_044) VALUES ( '3OFORG24', '3OFORG22', 'cmdEditClaim', 1, 'Edit Claim', NULL, 0, NULL, NULL, 'b', NULL)
			
INSERT INTO Nav_Fields_CGPHOME_NEW( Nav_CGPHOME_NEW_ID, ParentID, FieldName, Enabled_044, Nav_CGPHOME_NEW_044, Script_044, Mandatory_044, Mandatory_Message_044, Default_Value_044, Default_Datatype_044, Tab_Index_044) VALUES ( '3OFORG34', '3OFORG22', 'cmdAddClaim', 1, 'Add Claim', NULL, 0, NULL, NULL, 'b', NULL)
			
INSERT INTO Nav_Fields_CGPHOME_NEW( Nav_CGPHOME_NEW_ID, ParentID, FieldName, Enabled_044, Nav_CGPHOME_NEW_044, Script_044, Mandatory_044, Mandatory_Message_044, Default_Value_044, Default_Datatype_044, Tab_Index_044) VALUES ( '3OFORG35', '3OFORG22', 'lvwClaimSummary', 1, 'Claims Summary Table', NULL, 0, NULL, NULL, 'n', NULL)
			
INSERT INTO Nav_Forms_CGPHOME_NEW( Nav_CGPHOME_NEW_ID, Nav_CGPHOME_NEW, MoveAble, Enabled_044, Sequence_044, Nav_CGPHOME_NEW_044, Nav_Tbl_Tag_044) VALUES ( '3OFORG36', 'TES_Screen_Builder\\CGPHOME\frmXSANDNCD.tst', 1, 1, 16, 'Excess And NCD', NULL)
                          
INSERT INTO Nav_Fields_CGPHOME_NEW( Nav_CGPHOME_NEW_ID, ParentID, FieldName, Enabled_044, Nav_CGPHOME_NEW_044, Script_044, Mandatory_044, Mandatory_Message_044, Default_Value_044, Default_Datatype_044, Tab_Index_044) VALUES ( '3OFORG37', '3OFORG36', 'cboNCD', 1, 'No Claims Discount', NULL, 0, NULL, NULL, 't', NULL)
			
INSERT INTO Nav_Fields_CGPHOME_NEW( Nav_CGPHOME_NEW_ID, ParentID, FieldName, Enabled_044, Nav_CGPHOME_NEW_044, Script_044, Mandatory_044, Mandatory_Message_044, Default_Value_044, Default_Datatype_044, Tab_Index_044) VALUES ( '3OFORG38', '3OFORG36', 'cboExcess', 1, 'Excess', NULL, 0, NULL, NULL, 't', NULL)
			
INSERT INTO Nav_Forms_CGPHOME_NEW( Nav_CGPHOME_NEW_ID, Nav_CGPHOME_NEW,MoveAble, Enabled_044, Sequence_044, Nav_CGPHOME_NEW_044, Nav_Tbl_Tag_044) VALUES ( '3OFORG39', '&+CGPHOME_PROPOSER_NEW', 1, 1, 10, '', NULL)
                        
INSERT INTO Nav_Forms_CGPHOME_PROPOSER_NEW( Nav_CGPHOME_PROPOSER_NEW_ID, Nav_CGPHOME_PROPOSER_NEW, MoveAble, Enabled_044, Sequence_044, Nav_CGPHOME_PROPOSER_NEW_044, Nav_Tbl_Tag_044) VALUES ( '3OFORG30', 'TES_Screen_Builder\\CGPHOME\frmProposer.tst', 1, 1, 9, '', NULL)
							
INSERT INTO Nav_Fields_CGPHOME_PROPOSER_NEW( Nav_CGPHOME_PROPOSER_NEW_ID, ParentID, FieldName, Enabled_044, Nav_CGPHOME_PROPOSER_NEW_044, Script_044, Mandatory_044, Mandatory_Message_044, Default_Value_044, Default_Datatype_044, Tab_Index_044) VALUES ( '3OFORG31', '3OFORG30', 'lvwOccList', 1, 'Occupation List', NULL, 0, NULL, NULL, 'n', NULL)
			
INSERT INTO Nav_Fields_CGPHOME_PROPOSER_NEW( Nav_CGPHOME_PROPOSER_NEW_ID, ParentID, FieldName, Enabled_044, Nav_CGPHOME_PROPOSER_NEW_044, Script_044, Mandatory_044, Mandatory_Message_044, Default_Value_044, Default_Datatype_044, Tab_Index_044) VALUES ( '3OFORG32', '3OFORG30', 'cboRelationship', 1, 'Relationship', NULL, 0, NULL, NULL, 't', NULL)
			
INSERT INTO Nav_Fields_CGPHOME_PROPOSER_NEW( Nav_CGPHOME_PROPOSER_NEW_ID, ParentID, FieldName, Enabled_044, Nav_CGPHOME_PROPOSER_NEW_044, Script_044, Mandatory_044, Mandatory_Message_044, Default_Value_044, Default_Datatype_044, Tab_Index_044) VALUES ( '3OFORG42', '3OFORG30', 'cboMaritalStatus', 1, 'Marital Status', NULL, 0, NULL, NULL, 't', NULL)
			
INSERT INTO Nav_Fields_CGPHOME_PROPOSER_NEW( Nav_CGPHOME_PROPOSER_NEW_ID, ParentID, FieldName, Enabled_044, Nav_CGPHOME_PROPOSER_NEW_044, Script_044, Mandatory_044, Mandatory_Message_044, Default_Value_044, Default_Datatype_044, Tab_Index_044) VALUES ( '3OFORG43', '3OFORG30', 'txtAge', 1, 'Age', NULL, 0, NULL, NULL, 't', NULL)
					
INSERT INTO Nav_Fields_CGPHOME_PROPOSER_NEW( Nav_CGPHOME_PROPOSER_NEW_ID, ParentID, FieldName, Enabled_044, Nav_CGPHOME_PROPOSER_NEW_044, Script_044, Mandatory_044, Mandatory_Message_044, Default_Value_044, Default_Datatype_044, Tab_Index_044) VALUES ( '3OFORG44', '3OFORG30', 'mskDOB', 1, 'DOB', NULL, 0, NULL, NULL, 'd', NULL)
			
INSERT INTO Nav_Fields_CGPHOME_PROPOSER_NEW( Nav_CGPHOME_PROPOSER_NEW_ID, ParentID, FieldName, Enabled_044, Nav_CGPHOME_PROPOSER_NEW_044, Script_044, Mandatory_044, Mandatory_Message_044, Default_Value_044, Default_Datatype_044, Tab_Index_044) VALUES ( '3OFORG45', '3OFORG30', 'txtSurname', 1, 'Surname', NULL, 0, NULL, NULL, 't', NULL)
					
INSERT INTO Nav_Fields_CGPHOME_PROPOSER_NEW( Nav_CGPHOME_PROPOSER_NEW_ID, ParentID, FieldName, Enabled_044, Nav_CGPHOME_PROPOSER_NEW_044, Script_044, Mandatory_044, Mandatory_Message_044, Default_Value_044, Default_Datatype_044, Tab_Index_044) VALUES ( '3OFORG46', '3OFORG30', 'txtInitials', 1, 'Other Initials', NULL, 0, NULL, NULL, 't', NULL)
					
INSERT INTO Nav_Fields_CGPHOME_PROPOSER_NEW( Nav_CGPHOME_PROPOSER_NEW_ID, ParentID, FieldName, Enabled_044, Nav_CGPHOME_PROPOSER_NEW_044, Script_044, Mandatory_044, Mandatory_Message_044, Default_Value_044, Default_Datatype_044, Tab_Index_044) VALUES ( '3OFORG47', '3OFORG30', 'txtForename', 1, 'Forename', NULL, 0, NULL, NULL, 't', NULL)
					
INSERT INTO Nav_Fields_CGPHOME_PROPOSER_NEW( Nav_CGPHOME_PROPOSER_NEW_ID, ParentID, FieldName, Enabled_044, Nav_CGPHOME_PROPOSER_NEW_044, Script_044, Mandatory_044, Mandatory_Message_044, Default_Value_044, Default_Datatype_044, Tab_Index_044) VALUES ( '3OFORG48', '3OFORG30', 'optCompany', 1, 'Company', NULL, 0, NULL, NULL, 'b', NULL)
			
INSERT INTO Nav_Fields_CGPHOME_PROPOSER_NEW( Nav_CGPHOME_PROPOSER_NEW_ID, ParentID, FieldName, Enabled_044, Nav_CGPHOME_PROPOSER_NEW_044, Script_044, Mandatory_044, Mandatory_Message_044, Default_Value_044, Default_Datatype_044, Tab_Index_044) VALUES ( '3OFORG49', '3OFORG30', 'optNA', 1, 'N/A', NULL, 0, NULL, NULL, 'b', NULL)
			
INSERT INTO Nav_Fields_CGPHOME_PROPOSER_NEW( Nav_CGPHOME_PROPOSER_NEW_ID, ParentID, FieldName, Enabled_044, Nav_CGPHOME_PROPOSER_NEW_044, Script_044, Mandatory_044, Mandatory_Message_044, Default_Value_044, Default_Datatype_044, Tab_Index_044) VALUES ( '3OFORG40', '3OFORG30', 'optFemale', 1, 'Female', NULL, 0, NULL, NULL, 'b', NULL)
			
INSERT INTO Nav_Fields_CGPHOME_PROPOSER_NEW( Nav_CGPHOME_PROPOSER_NEW_ID, ParentID, FieldName, Enabled_044, Nav_CGPHOME_PROPOSER_NEW_044, Script_044, Mandatory_044, Mandatory_Message_044, Default_Value_044, Default_Datatype_044, Tab_Index_044) VALUES ( '3OFORG41', '3OFORG30', 'optMale', 1, 'Male', NULL, 0, NULL, NULL, 'b', NULL)
			
INSERT INTO Nav_Fields_CGPHOME_PROPOSER_NEW( Nav_CGPHOME_PROPOSER_NEW_ID, ParentID, FieldName, Enabled_044, Nav_CGPHOME_PROPOSER_NEW_044, Script_044, Mandatory_044, Mandatory_Message_044, Default_Value_044, Default_Datatype_044, Tab_Index_044) VALUES ( '3OFORG51', '3OFORG30', 'cboTitle', 1, 'Title', NULL, 0, NULL, NULL, 't', NULL)
			
INSERT INTO Nav_Forms_CGPHOME_NEW( Nav_CGPHOME_NEW_ID, Nav_CGPHOME_NEW, MoveAble, Enabled_044, Sequence_044, Nav_CGPHOME_NEW_044, Nav_Tbl_Tag_044) VALUES ( '3OFORG52', 'TES_Screen_Builder\\CGPHOME\frmGeneral.tst', 1, 1, 17, 'General Questions', NULL)
                          
INSERT INTO Nav_Fields_CGPHOME_NEW( Nav_CGPHOME_NEW_ID, ParentID, FieldName, Enabled_044, Nav_CGPHOME_NEW_044, Script_044, Mandatory_044, Mandatory_Message_044, Default_Value_044, Default_Datatype_044, Tab_Index_044) VALUES ( '3OFORG53', '3OFORG52', 'txtDetails', 1, 'Details', NULL, 0, NULL, NULL, 't', NULL)
					
INSERT INTO Nav_Fields_CGPHOME_NEW( Nav_CGPHOME_NEW_ID, ParentID, FieldName, Enabled_044, Nav_CGPHOME_NEW_044, Script_044, Mandatory_044, Mandatory_Message_044, Default_Value_044, Default_Datatype_044, Tab_Index_044) VALUES ( '3OFORG54', '3OFORG52', 'chkRequested', 1, 'Requested', NULL, 0, NULL, NULL, 'b', NULL)
			
INSERT INTO Nav_Fields_CGPHOME_NEW( Nav_CGPHOME_NEW_ID, ParentID, FieldName, Enabled_044, Nav_CGPHOME_NEW_044, Script_044, Mandatory_044, Mandatory_Message_044, Default_Value_044, Default_Datatype_044, Tab_Index_044) VALUES ( '3OFORG55', '3OFORG52', 'chkConvicted', 1, 'Convicted', NULL, 0, NULL, NULL, 'b', NULL)
			
INSERT INTO Nav_Fields_CGPHOME_NEW( Nav_CGPHOME_NEW_ID, ParentID, FieldName, Enabled_044, Nav_CGPHOME_NEW_044, Script_044, Mandatory_044, Mandatory_Message_044, Default_Value_044, Default_Datatype_044, Tab_Index_044) VALUES ( '3OFORG56', '3OFORG52', 'chkRefused', 1, 'Refused', NULL, 0, NULL, NULL, 'b', NULL)
			
  GO
  
--Client Details
INSERT INTO Nav_Forms_CGPHOME_NEW( Nav_CGPHOME_NEW_ID, Nav_CGPHOME_NEW, MoveAble, Enabled_044, Sequence_044, Nav_CGPHOME_NEW_044, Nav_Tbl_Tag_044) VALUES ( '3OFORG57', 'QE139', 0, 1, 1, 'Client Details', NULL)
INSERT INTO Nav_Fields_CGPHOME_NEW( Nav_CGPHOME_NEW_ID, ParentID, FieldName, Enabled_044, Nav_CGPHOME_NEW_044, Script_044, Mandatory_044, Mandatory_Message_044, Default_Value_044, Default_Datatype_044, Tab_Index_044) VALUES ( '3OFORG58', '3OFORG57', 'QE139_Opt_Company', 1, 'Company', NULL, 1, 'Please select Company', NULL, 'b', NULL)
INSERT INTO Nav_Fields_CGPHOME_NEW( Nav_CGPHOME_NEW_ID, ParentID, FieldName, Enabled_044, Nav_CGPHOME_NEW_044, Script_044, Mandatory_044, Mandatory_Message_044, Default_Value_044, Default_Datatype_044, Tab_Index_044) VALUES ( '3OFORG59', '3OFORG57', 'QE139_Opt_Individual', 1, 'Private individual', NULL, 1, 'Please select Individual', NULL, 'b', NULL)
INSERT INTO Nav_Fields_CGPHOME_NEW( Nav_CGPHOME_NEW_ID, ParentID, FieldName, Enabled_044, Nav_CGPHOME_NEW_044, Script_044, Mandatory_044, Mandatory_Message_044, Default_Value_044, Default_Datatype_044, Tab_Index_044) VALUES ( '3OFORG50', '3OFORG57', 'QE139_Cbo_Title', 1, 'Title', NULL, 1, 'Please select a title', NULL, 't', NULL)
INSERT INTO Nav_Fields_CGPHOME_NEW( Nav_CGPHOME_NEW_ID, ParentID, FieldName, Enabled_044, Nav_CGPHOME_NEW_044, Script_044, Mandatory_044, Mandatory_Message_044, Default_Value_044, Default_Datatype_044, Tab_Index_044) VALUES ( '3OFORG60', '3OFORG57', 'QE139_Txt_Surname', 1, 'Surname', NULL, 1, 'Please enter a surname', NULL, 't', NULL)
INSERT INTO Nav_Fields_CGPHOME_NEW( Nav_CGPHOME_NEW_ID, ParentID, FieldName, Enabled_044, Nav_CGPHOME_NEW_044, Script_044, Mandatory_044, Mandatory_Message_044, Default_Value_044, Default_Datatype_044, Tab_Index_044) VALUES ( '3OFORG61', '3OFORG57', 'QE139_Txt_Initials', 1, 'Initials', NULL, 0, NULL, NULL, 't', NULL)
INSERT INTO Nav_Fields_CGPHOME_NEW( Nav_CGPHOME_NEW_ID, ParentID, FieldName, Enabled_044, Nav_CGPHOME_NEW_044, Script_044, Mandatory_044, Mandatory_Message_044, Default_Value_044, Default_Datatype_044, Tab_Index_044) VALUES ( '3OFORG62', '3OFORG57', 'QE139_Txt_Forename', 1, 'Forename', NULL, 1, 'Please enter a forename', NULL, 't', NULL)
INSERT INTO Nav_Fields_CGPHOME_NEW( Nav_CGPHOME_NEW_ID, ParentID, FieldName, Enabled_044, Nav_CGPHOME_NEW_044, Script_044, Mandatory_044, Mandatory_Message_044, Default_Value_044, Default_Datatype_044, Tab_Index_044) VALUES ( '3OFORG63', '3OFORG57', 'QE139_Txt_Honours', 1, 'Honours', NULL, 0, NULL, NULL, 't', NULL)
INSERT INTO Nav_Fields_CGPHOME_NEW( Nav_CGPHOME_NEW_ID, ParentID, FieldName, Enabled_044, Nav_CGPHOME_NEW_044, Script_044, Mandatory_044, Mandatory_Message_044, Default_Value_044, Default_Datatype_044, Tab_Index_044) VALUES ( '3OFORG64', '3OFORG57', 'QE139_Chk_Proposer', 1, 'Proposer', NULL, 1, 'Please select proposer', NULL, 'b', NULL)
INSERT INTO Nav_Fields_CGPHOME_NEW( Nav_CGPHOME_NEW_ID, ParentID, FieldName, Enabled_044, Nav_CGPHOME_NEW_044, Script_044, Mandatory_044, Mandatory_Message_044, Default_Value_044, Default_Datatype_044, Tab_Index_044) VALUES ( '3OFORG65', '3OFORG57', 'QE139_Chk_Deceased', 1, 'Deceased', NULL, 1, 'Please select deceased', NULL, 'b', NULL)
INSERT INTO Nav_Fields_CGPHOME_NEW( Nav_CGPHOME_NEW_ID, ParentID, FieldName, Enabled_044, Nav_CGPHOME_NEW_044, Script_044, Mandatory_044, Mandatory_Message_044, Default_Value_044, Default_Datatype_044, Tab_Index_044) VALUES ( '3OFORG66', '3OFORG57', 'QE139_Cbo_DwellingType', 1, 'Dwelling type', NULL, 1, 'Please select dwelling type', NULL, 't', NULL)
INSERT INTO Nav_Fields_CGPHOME_NEW( Nav_CGPHOME_NEW_ID, ParentID, FieldName, Enabled_044, Nav_CGPHOME_NEW_044, Script_044, Mandatory_044, Mandatory_Message_044, Default_Value_044, Default_Datatype_044, Tab_Index_044) VALUES ( '3OFORG67', '3OFORG57', 'QE139_Cbo_Dwelling', 1, 'Dwelling', NULL, 1, 'Please select dwelling', NULL, 't', NULL)
INSERT INTO Nav_Fields_CGPHOME_NEW( Nav_CGPHOME_NEW_ID, ParentID, FieldName, Enabled_044, Nav_CGPHOME_NEW_044, Script_044, Mandatory_044, Mandatory_Message_044, Default_Value_044, Default_Datatype_044, Tab_Index_044) VALUES ( '3OFORG68', '3OFORG57', 'QE139_Txt_Country', 1, 'Country', NULL, 0, NULL, NULL, 't', NULL)
INSERT INTO Nav_Fields_CGPHOME_NEW( Nav_CGPHOME_NEW_ID, ParentID, FieldName, Enabled_044, Nav_CGPHOME_NEW_044, Script_044, Mandatory_044, Mandatory_Message_044, Default_Value_044, Default_Datatype_044, Tab_Index_044) VALUES ( '3OFORG78', '3OFORG57', 'QE139_Txt_County', 1, 'County', NULL, 0, NULL, NULL, 't', NULL)
INSERT INTO Nav_Fields_CGPHOME_NEW( Nav_CGPHOME_NEW_ID, ParentID, FieldName, Enabled_044, Nav_CGPHOME_NEW_044, Script_044, Mandatory_044, Mandatory_Message_044, Default_Value_044, Default_Datatype_044, Tab_Index_044) VALUES ( '3OFORG79', '3OFORG57', 'QE139_Txt_City', 1, 'City', NULL, 1, 'Please enter a city', NULL, 't', NULL)
INSERT INTO Nav_Fields_CGPHOME_NEW( Nav_CGPHOME_NEW_ID, ParentID, FieldName, Enabled_044, Nav_CGPHOME_NEW_044, Script_044, Mandatory_044, Mandatory_Message_044, Default_Value_044, Default_Datatype_044, Tab_Index_044) VALUES ( '3OFORG70', '3OFORG57', 'QE139_Txt_Locality', 1, 'Locality', NULL, 0, NULL, NULL, 't', NULL)
INSERT INTO Nav_Fields_CGPHOME_NEW( Nav_CGPHOME_NEW_ID, ParentID, FieldName, Enabled_044, Nav_CGPHOME_NEW_044, Script_044, Mandatory_044, Mandatory_Message_044, Default_Value_044, Default_Datatype_044, Tab_Index_044) VALUES ( '3OFORG71', '3OFORG57', 'QE139_Txt_Street', 1, 'Street', NULL, 1, 'Please enter a street', NULL, 't', NULL)
INSERT INTO Nav_Fields_CGPHOME_NEW( Nav_CGPHOME_NEW_ID, ParentID, FieldName, Enabled_044, Nav_CGPHOME_NEW_044, Script_044, Mandatory_044, Mandatory_Message_044, Default_Value_044, Default_Datatype_044, Tab_Index_044) VALUES ( '3OFORG72', '3OFORG57', 'QE139_Txt_House', 1, 'House', NULL, 1, 'Please enter a house', NULL, 't', NULL)
INSERT INTO Nav_Fields_CGPHOME_NEW( Nav_CGPHOME_NEW_ID, ParentID, FieldName, Enabled_044, Nav_CGPHOME_NEW_044, Script_044, Mandatory_044, Mandatory_Message_044, Default_Value_044, Default_Datatype_044, Tab_Index_044) VALUES ( '3OFORG73', '3OFORG57', 'QE139_Txt_Postcode', 1, 'Postcode', NULL, 1, 'Please enter a postcode', NULL, 't', NULL)
INSERT INTO Nav_Fields_CGPHOME_NEW( Nav_CGPHOME_NEW_ID, ParentID, FieldName, Enabled_044, Nav_CGPHOME_NEW_044, Script_044, Mandatory_044, Mandatory_Message_044, Default_Value_044, Default_Datatype_044, Tab_Index_044) VALUES ( '3OFORG74', '3OFORG57', 'QE139_Opt_Sex', 1, 'Sex', NULL, 1, 'Please enter a sex', NULL, 'b', NULL)
INSERT INTO Nav_Fields_CGPHOME_NEW( Nav_CGPHOME_NEW_ID, ParentID, FieldName, Enabled_044, Nav_CGPHOME_NEW_044, Script_044, Mandatory_044, Mandatory_Message_044, Default_Value_044, Default_Datatype_044, Tab_Index_044) VALUES ( '3OFORG75', '3OFORG57', 'QE139_Cbo_TelephoneType', 1, 'Telephone type', NULL, 0, NULL, NULL, 't', NULL)
INSERT INTO Nav_Fields_CGPHOME_NEW( Nav_CGPHOME_NEW_ID, ParentID, FieldName, Enabled_044, Nav_CGPHOME_NEW_044, Script_044, Mandatory_044, Mandatory_Message_044, Default_Value_044, Default_Datatype_044, Tab_Index_044) VALUES ( '3OFORG76', '3OFORG57', 'QE139_Chk_ExDirectory', 1, 'Ex directory', NULL, 0, NULL, NULL, 'b', NULL)
INSERT INTO Nav_Fields_CGPHOME_NEW( Nav_CGPHOME_NEW_ID, ParentID, FieldName, Enabled_044, Nav_CGPHOME_NEW_044, Script_044, Mandatory_044, Mandatory_Message_044, Default_Value_044, Default_Datatype_044, Tab_Index_044) VALUES ( '3OFORG77', '3OFORG57', 'QE139_Txt_Extension', 1, 'Telephone extension', NULL, 0, NULL, NULL, 't', NULL)
INSERT INTO Nav_Fields_CGPHOME_NEW( Nav_CGPHOME_NEW_ID, ParentID, FieldName, Enabled_044, Nav_CGPHOME_NEW_044, Script_044, Mandatory_044, Mandatory_Message_044, Default_Value_044, Default_Datatype_044, Tab_Index_044) VALUES ( '3OFORG87', '3OFORG57', 'QE139_Txt_Number', 1, 'Telephone number', NULL, 0, NULL, NULL, 't', NULL)
INSERT INTO Nav_Fields_CGPHOME_NEW( Nav_CGPHOME_NEW_ID, ParentID, FieldName, Enabled_044, Nav_CGPHOME_NEW_044, Script_044, Mandatory_044, Mandatory_Message_044, Default_Value_044, Default_Datatype_044, Tab_Index_044) VALUES ( '3OFORG88', '3OFORG57', 'QE139_Lvw_Telephone', 1, 'Telephone list', NULL, 0, NULL, NULL, 'n', NULL)
INSERT INTO Nav_Fields_CGPHOME_NEW( Nav_CGPHOME_NEW_ID, ParentID, FieldName, Enabled_044, Nav_CGPHOME_NEW_044, Script_044, Mandatory_044, Mandatory_Message_044, Default_Value_044, Default_Datatype_044, Tab_Index_044) VALUES ( '3OFORG89', '3OFORG57', 'QE139_Txt_SecurityAnswer', 1, 'Security Answer', NULL, 0, NULL, NULL, 't', NULL)
INSERT INTO Nav_Fields_CGPHOME_NEW( Nav_CGPHOME_NEW_ID, ParentID, FieldName, Enabled_044, Nav_CGPHOME_NEW_044, Script_044, Mandatory_044, Mandatory_Message_044, Default_Value_044, Default_Datatype_044, Tab_Index_044) VALUES ( '3OFORG80', '3OFORG57', 'QE139_Cbo_Security_Question', 1, 'Security Question', NULL, 0, NULL, NULL, 't', NULL)
INSERT INTO Nav_Fields_CGPHOME_NEW( Nav_CGPHOME_NEW_ID, ParentID, FieldName, Enabled_044, Nav_CGPHOME_NEW_044, Script_044, Mandatory_044, Mandatory_Message_044, Default_Value_044, Default_Datatype_044, Tab_Index_044) VALUES ( '3OFORG81', '3OFORG57', 'QE139_Chk_RenewalQuote', 1, 'Prior Policy Renewal', NULL, 0, NULL, NULL, 'b', NULL)
INSERT INTO Nav_Fields_CGPHOME_NEW( Nav_CGPHOME_NEW_ID, ParentID, FieldName, Enabled_044, Nav_CGPHOME_NEW_044, Script_044, Mandatory_044, Mandatory_Message_044, Default_Value_044, Default_Datatype_044, Tab_Index_044) VALUES ( '3OFORG82', '3OFORG57', 'QE139_Chk_Instalments', 1, 'Instalments', NULL, 0, NULL, NULL, 'b', NULL)
INSERT INTO Nav_Fields_CGPHOME_NEW( Nav_CGPHOME_NEW_ID, ParentID, FieldName, Enabled_044, Nav_CGPHOME_NEW_044, Script_044, Mandatory_044, Mandatory_Message_044, Default_Value_044, Default_Datatype_044, Tab_Index_044) VALUES ( '3OFORG83', '3OFORG57', 'QE139_Txt_Email', 1, 'Email', NULL, 0, NULL, NULL, 't', NULL)
INSERT INTO Nav_Fields_CGPHOME_NEW( Nav_CGPHOME_NEW_ID, ParentID, FieldName, Enabled_044, Nav_CGPHOME_NEW_044, Script_044, Mandatory_044, Mandatory_Message_044, Default_Value_044, Default_Datatype_044, Tab_Index_044) VALUES ( '3OFORG84', '3OFORG57', 'QE139_Msk_DOB', 1, 'Date of Birth', NULL, 0, NULL, NULL, 'd', NULL)
INSERT INTO Nav_Fields_CGPHOME_NEW( Nav_CGPHOME_NEW_ID, ParentID, FieldName, Enabled_044, Nav_CGPHOME_NEW_044, Script_044, Mandatory_044, Mandatory_Message_044, Default_Value_044, Default_Datatype_044, Tab_Index_044) VALUES ( '3OFORG85', '3OFORG57', 'QE139_Txt_Confirm', 1, 'Confirm password', NULL, 0, NULL, NULL, 't', NULL)
INSERT INTO Nav_Fields_CGPHOME_NEW( Nav_CGPHOME_NEW_ID, ParentID, FieldName, Enabled_044, Nav_CGPHOME_NEW_044, Script_044, Mandatory_044, Mandatory_Message_044, Default_Value_044, Default_Datatype_044, Tab_Index_044) VALUES ( '3OFORG95', '3OFORG57', 'QE139_Txt_Password', 1, 'Password', NULL, 0, NULL, NULL, 't', NULL)
INSERT INTO Nav_Fields_CGPHOME_NEW( Nav_CGPHOME_NEW_ID, ParentID, FieldName, Enabled_044, Nav_CGPHOME_NEW_044, Script_044, Mandatory_044, Mandatory_Message_044, Default_Value_044, Default_Datatype_044, Tab_Index_044) VALUES ( '3OFORG96', '3OFORG57', 'QE139_Txt_MaidenName', 1, 'Maiden name', NULL, 0, NULL, NULL, 't', NULL)
INSERT INTO Nav_Fields_CGPHOME_NEW( Nav_CGPHOME_NEW_ID, ParentID, FieldName, Enabled_044, Nav_CGPHOME_NEW_044, Script_044, Mandatory_044, Mandatory_Message_044, Default_Value_044, Default_Datatype_044, Tab_Index_044) VALUES ( '3OFORG97', '3OFORG57', 'QE139_Cbo_Country', 1, 'Country', NULL, 0, NULL, NULL, 't', NULL)
INSERT INTO Nav_Fields_CGPHOME_NEW( Nav_CGPHOME_NEW_ID, ParentID, FieldName, Enabled_044, Nav_CGPHOME_NEW_044, Script_044, Mandatory_044, Mandatory_Message_044, Default_Value_044, Default_Datatype_044, Tab_Index_044) VALUES ( '3OFORG98', '3OFORG57', 'QE139_Txt_InputTaxCredit', 1, 'Input Tax Credit', NULL, 0, NULL, NULL, 't', NULL)
INSERT INTO Nav_Fields_CGPHOME_NEW( Nav_CGPHOME_NEW_ID, ParentID, FieldName, Enabled_044, Nav_CGPHOME_NEW_044, Script_044, Mandatory_044, Mandatory_Message_044, Default_Value_044, Default_Datatype_044, Tab_Index_044) VALUES ( '3OFORG99', '3OFORG57', 'QE139_Cmd_IND', 1, 'Telephone Add', NULL, 0, NULL, NULL, 'b', NULL)
INSERT INTO Nav_Fields_CGPHOME_NEW( Nav_CGPHOME_NEW_ID, ParentID, FieldName, Enabled_044, Nav_CGPHOME_NEW_044, Script_044, Mandatory_044, Mandatory_Message_044, Default_Value_044, Default_Datatype_044, Tab_Index_044) VALUES ( '3OFORG90', '3OFORG57', 'QE139_Cmd_Remove', 1, 'Telephone Remove', NULL, 0, NULL, NULL, 'b', NULL)
INSERT INTO Nav_Fields_CGPHOME_NEW( Nav_CGPHOME_NEW_ID, ParentID, FieldName, Enabled_044, Nav_CGPHOME_NEW_044, Script_044, Mandatory_044, Mandatory_Message_044, Default_Value_044, Default_Datatype_044, Tab_Index_044) VALUES ( '3OFORG91', '3OFORG57', 'QE139_Cmd_Search', 1, 'Postcode Search', NULL, 0, NULL, NULL, 'b', NULL)
INSERT INTO Nav_Fields_CGPHOME_NEW( Nav_CGPHOME_NEW_ID, ParentID, FieldName, Enabled_044, Nav_CGPHOME_NEW_044, Script_044, Mandatory_044, Mandatory_Message_044, Default_Value_044, Default_Datatype_044, Tab_Index_044) VALUES ( '3OFORG92', '3OFORG57', 'QE139_Msk_DateEstablished', 1, 'Date Established', NULL, 0, NULL, NULL, 'd', NULL)

--Contact and Marketing
INSERT INTO Nav_Forms_CGPHOME_NEW( Nav_CGPHOME_NEW_ID, Nav_CGPHOME_NEW, MoveAble, Enabled_044, Sequence_044, Nav_CGPHOME_NEW_044, Nav_Tbl_Tag_044) VALUES ( '3OFORG93', 'QE140', 1, 1, 2, 'Contact and Marketing Details', NULL)
INSERT INTO Nav_Fields_CGPHOME_NEW( Nav_CGPHOME_NEW_ID, ParentID, FieldName, Enabled_044, Nav_CGPHOME_NEW_044, Script_044, Mandatory_044, Mandatory_Message_044, Default_Value_044, Default_Datatype_044, Tab_Index_044) VALUES ( '3OFORG94', '3OFORG93', 'QE140_Chk_TelephoneThird', 1, 'Allow telephone contact from third party', NULL, 0, NULL, '0', 'b', NULL)
INSERT INTO Nav_Fields_CGPHOME_NEW( Nav_CGPHOME_NEW_ID, ParentID, FieldName, Enabled_044, Nav_CGPHOME_NEW_044, Script_044, Mandatory_044, Mandatory_Message_044, Default_Value_044, Default_Datatype_044, Tab_Index_044) VALUES ( '3OFORGA4', '3OFORG93', 'QE140_Chk_TelephoneAffinity', 1, 'Allow telephone contact from affinity', NULL, 0, NULL, '0', 'b', NULL)
INSERT INTO Nav_Fields_CGPHOME_NEW( Nav_CGPHOME_NEW_ID, ParentID, FieldName, Enabled_044, Nav_CGPHOME_NEW_044, Script_044, Mandatory_044, Mandatory_Message_044, Default_Value_044, Default_Datatype_044, Tab_Index_044) VALUES ( '3OFORGA5', '3OFORG93', 'QE140_Chk_TelephoneAdministrator', 1, 'Allow telephone contact from administrator', NULL, 0, NULL, '0', 'b', NULL)
INSERT INTO Nav_Fields_CGPHOME_NEW( Nav_CGPHOME_NEW_ID, ParentID, FieldName, Enabled_044, Nav_CGPHOME_NEW_044, Script_044, Mandatory_044, Mandatory_Message_044, Default_Value_044, Default_Datatype_044, Tab_Index_044) VALUES ( '3OFORGA6', '3OFORG93', 'QE140_Chk_MailingThird', 1, 'Allow mailings from third party', NULL, 0, NULL, '0', 'b', NULL)
INSERT INTO Nav_Fields_CGPHOME_NEW( Nav_CGPHOME_NEW_ID, ParentID, FieldName, Enabled_044, Nav_CGPHOME_NEW_044, Script_044, Mandatory_044, Mandatory_Message_044, Default_Value_044, Default_Datatype_044, Tab_Index_044) VALUES ( '3OFORGA7', '3OFORG93', 'QE140_Chk_MailingAffinity', 1, 'Allow mailings from affinity', NULL, 0, NULL, '0', 'b', NULL)
INSERT INTO Nav_Fields_CGPHOME_NEW( Nav_CGPHOME_NEW_ID, ParentID, FieldName, Enabled_044, Nav_CGPHOME_NEW_044, Script_044, Mandatory_044, Mandatory_Message_044, Default_Value_044, Default_Datatype_044, Tab_Index_044) VALUES ( '3OFORGA8', '3OFORG93', 'QE140_Chk_MailingAdministrator', 1, 'Allow mailings from administrator', NULL, 0, NULL, '0', 'b', NULL)
INSERT INTO Nav_Fields_CGPHOME_NEW( Nav_CGPHOME_NEW_ID, ParentID, FieldName, Enabled_044, Nav_CGPHOME_NEW_044, Script_044, Mandatory_044, Mandatory_Message_044, Default_Value_044, Default_Datatype_044, Tab_Index_044) VALUES ( '3OFORGA9', '3OFORG93', 'QE140_Txt_RecommendedBy', 1, 'Referred By', NULL, 0, NULL, NULL, 't', NULL)
INSERT INTO Nav_Fields_CGPHOME_NEW( Nav_CGPHOME_NEW_ID, ParentID, FieldName, Enabled_044, Nav_CGPHOME_NEW_044, Script_044, Mandatory_044, Mandatory_Message_044, Default_Value_044, Default_Datatype_044, Tab_Index_044) VALUES ( '3OFORGA0', '3OFORG93', 'QE140_Txt_Reference', 1, 'Reference', NULL, 0, NULL, NULL, 't', NULL)
INSERT INTO Nav_Fields_CGPHOME_NEW( Nav_CGPHOME_NEW_ID, ParentID, FieldName, Enabled_044, Nav_CGPHOME_NEW_044, Script_044, Mandatory_044, Mandatory_Message_044, Default_Value_044, Default_Datatype_044, Tab_Index_044) VALUES ( '3OFORGA1', '3OFORG93', 'QE140_Cbo_Campaign', 1, 'Marketing source campaign', NULL, 0, NULL, NULL, 't', NULL)
INSERT INTO Nav_Fields_CGPHOME_NEW( Nav_CGPHOME_NEW_ID, ParentID, FieldName, Enabled_044, Nav_CGPHOME_NEW_044, Script_044, Mandatory_044, Mandatory_Message_044, Default_Value_044, Default_Datatype_044, Tab_Index_044) VALUES ( '3OFORGA2', '3OFORG93', 'QE140_Cbo_Activity', 1, 'Marketing source activity', NULL, 0, NULL, NULL, 't', NULL)
INSERT INTO Nav_Fields_CGPHOME_NEW( Nav_CGPHOME_NEW_ID, ParentID, FieldName, Enabled_044, Nav_CGPHOME_NEW_044, Script_044, Mandatory_044, Mandatory_Message_044, Default_Value_044, Default_Datatype_044, Tab_Index_044) VALUES ( '3OFORGA3', '3OFORG93', 'QE140_Cbo_Source', 1, 'Marketing source of business', NULL, 0, NULL, NULL, 't', NULL)
INSERT INTO Nav_Fields_CGPHOME_NEW( Nav_CGPHOME_NEW_ID, ParentID, FieldName, Enabled_044, Nav_CGPHOME_NEW_044, Script_044, Mandatory_044, Mandatory_Message_044, Default_Value_044, Default_Datatype_044, Tab_Index_044) VALUES ( '3OFORGB3', '3OFORG93', 'QE140_Chk_StopCorrespondence', 1, 'Stop Correspondence', NULL, 0, NULL, '0', 'b', NULL)
INSERT INTO Nav_Fields_CGPHOME_NEW( Nav_CGPHOME_NEW_ID, ParentID, FieldName, Enabled_044, Nav_CGPHOME_NEW_044, Script_044, Mandatory_044, Mandatory_Message_044, Default_Value_044, Default_Datatype_044, Tab_Index_044) VALUES ( '3OFORGB4', '3OFORG93', 'QE140_Cbo_Preferred', 1, 'Preferred contact method', NULL, 0, NULL, NULL, 't', NULL)
--Target Premium
INSERT INTO Nav_Forms_CGPHOME_NEW( Nav_CGPHOME_NEW_ID, Nav_CGPHOME_NEW, MoveAble, Enabled_044, Sequence_044, Nav_CGPHOME_NEW_044, Nav_Tbl_Tag_044) VALUES ( '3OFORGB5', 'QE141', 1, 1, 3, 'Target Premium', NULL)
INSERT INTO Nav_Fields_CGPHOME_NEW( Nav_CGPHOME_NEW_ID, ParentID, FieldName, Enabled_044, Nav_CGPHOME_NEW_044, Script_044, Mandatory_044, Mandatory_Message_044, Default_Value_044, Default_Datatype_044, Tab_Index_044) VALUES ( '3OFORGB6', '3OFORGB5', 'QE141_Cbo_Insurer', 1, 'Best quote given by', NULL, 0, NULL, NULL, 't', NULL)
INSERT INTO Nav_Fields_CGPHOME_NEW( Nav_CGPHOME_NEW_ID, ParentID, FieldName, Enabled_044, Nav_CGPHOME_NEW_044, Script_044, Mandatory_044, Mandatory_Message_044, Default_Value_044, Default_Datatype_044, Tab_Index_044) VALUES ( '3OFORGB7', '3OFORGB5', 'QE141_Msk_CurrentRenewalDate', 1, 'Current renewal date', NULL, 0, NULL, NULL, 'd', NULL)
INSERT INTO Nav_Fields_CGPHOME_NEW( Nav_CGPHOME_NEW_ID, ParentID, FieldName, Enabled_044, Nav_CGPHOME_NEW_044, Script_044, Mandatory_044, Mandatory_Message_044, Default_Value_044, Default_Datatype_044, Tab_Index_044) VALUES ( '3OFORGB8', '3OFORGB5', 'QE141_CFd_Premium', 1, 'Previously quoted premium', NULL, 0, NULL, NULL, 'n', NULL)
--Cross Sales
INSERT INTO Nav_Forms_CGPHOME_NEW( Nav_CGPHOME_NEW_ID, Nav_CGPHOME_NEW, MoveAble, Enabled_044, Sequence_044, Nav_CGPHOME_NEW_044, Nav_Tbl_Tag_044) VALUES ( '3OFORGB9', 'QE107', 1, 1, 4, 'Cross Sales', NULL)
INSERT INTO Nav_Fields_CGPHOME_NEW( Nav_CGPHOME_NEW_ID, ParentID, FieldName, Enabled_044, Nav_CGPHOME_NEW_044, Script_044, Mandatory_044, Mandatory_Message_044, Default_Value_044, Default_Datatype_044, Tab_Index_044) VALUES ( '3OFORGB0', '3OFORGB9', 'QE107_Cmb_Product', 1, 'Product', NULL, 0, NULL, NULL, 't', NULL)
INSERT INTO Nav_Fields_CGPHOME_NEW( Nav_CGPHOME_NEW_ID, ParentID, FieldName, Enabled_044, Nav_CGPHOME_NEW_044, Script_044, Mandatory_044, Mandatory_Message_044, Default_Value_044, Default_Datatype_044, Tab_Index_044) VALUES ( '3OFORGB1', '3OFORGB9', 'QE107_Msk_RenewalDate', 1, 'Renewal Date', NULL, 0, NULL, NULL, 'd', NULL)
INSERT INTO Nav_Fields_CGPHOME_NEW( Nav_CGPHOME_NEW_ID, ParentID, FieldName, Enabled_044, Nav_CGPHOME_NEW_044, Script_044, Mandatory_044, Mandatory_Message_044, Default_Value_044, Default_Datatype_044, Tab_Index_044) VALUES ( '3OFORGC1', '3OFORGB9', 'QE107_CFd_Premium', 1, 'Premium', NULL, 0, NULL, NULL, 'n', NULL)
INSERT INTO Nav_Fields_CGPHOME_NEW( Nav_CGPHOME_NEW_ID, ParentID, FieldName, Enabled_044, Nav_CGPHOME_NEW_044, Script_044, Mandatory_044, Mandatory_Message_044, Default_Value_044, Default_Datatype_044, Tab_Index_044) VALUES ( '3OFORGC2', '3OFORGB9', 'QE107_Cmd_Add', 1, 'Add', NULL, 0, NULL, NULL, 'b', NULL)
INSERT INTO Nav_Fields_CGPHOME_NEW( Nav_CGPHOME_NEW_ID, ParentID, FieldName, Enabled_044, Nav_CGPHOME_NEW_044, Script_044, Mandatory_044, Mandatory_Message_044, Default_Value_044, Default_Datatype_044, Tab_Index_044) VALUES ( '3OFORGC3', '3OFORGB9', 'QE107_Cmd_Remove', 1, 'Remove', NULL, 0, NULL, NULL, 'b', NULL)
INSERT INTO Nav_Fields_CGPHOME_NEW( Nav_CGPHOME_NEW_ID, ParentID, FieldName, Enabled_044, Nav_CGPHOME_NEW_044, Script_044, Mandatory_044, Mandatory_Message_044, Default_Value_044, Default_Datatype_044, Tab_Index_044) VALUES ( '3OFORGC4', '3OFORGB9', 'QE107_Lvw_Products', 1, 'Product List', NULL, 0, NULL, NULL, 'n', NULL)
INSERT INTO Nav_Fields_CGPHOME_NEW( Nav_CGPHOME_NEW_ID, ParentID, FieldName, Enabled_044, Nav_CGPHOME_NEW_044, Script_044, Mandatory_044, Mandatory_Message_044, Default_Value_044, Default_Datatype_044, Tab_Index_044) VALUES ( '3OFORGC5', '3OFORGB9', 'QE107_Cmb_Rating', 1, 'Rating', NULL, 0, NULL, NULL, 't', NULL)
--Extensions of Cover
INSERT INTO Nav_Forms_CGPHOME_NEW( Nav_CGPHOME_NEW_ID, Nav_CGPHOME_NEW, MoveAble, Enabled_044, Sequence_044, Nav_CGPHOME_NEW_044, Nav_Tbl_Tag_044) VALUES ( '3OFORGC6', 'QE151', 1, 0, 5, 'Extensions of Cover', NULL)
INSERT INTO Nav_Fields_CGPHOME_NEW( Nav_CGPHOME_NEW_ID, ParentID, FieldName, Enabled_044, Nav_CGPHOME_NEW_044, Script_044, Mandatory_044, Mandatory_Message_044, Default_Value_044, Default_Datatype_044, Tab_Index_044) VALUES ( '3OFORGC7', '3OFORGC6', 'QE151_Lvw_AddOn', 1, 'Extension List', NULL, 0, NULL, NULL, 'n', NULL)
--Add Ons
INSERT INTO Nav_Forms_CGPHOME_NEW( Nav_CGPHOME_NEW_ID, Nav_CGPHOME_NEW, MoveAble, Enabled_044, Sequence_044, Nav_CGPHOME_NEW_044, Nav_Tbl_Tag_044) VALUES ( '3OFORGC8', 'QE165', 1, 0, 6, 'Add Ons', NULL)
INSERT INTO Nav_Fields_CGPHOME_NEW( Nav_CGPHOME_NEW_ID, ParentID, FieldName, Enabled_044, Nav_CGPHOME_NEW_044, Script_044, Mandatory_044, Mandatory_Message_044, Default_Value_044, Default_Datatype_044, Tab_Index_044) VALUES ( '3OFORGC9', '3OFORGC8', 'QE165_Lvw_AddOn', 1, 'Add On List', NULL, 0, NULL, NULL, 'n', NULL)
--Policy Length
INSERT INTO Nav_Forms_CGPHOME_NEW( Nav_CGPHOME_NEW_ID, Nav_CGPHOME_NEW, MoveAble, Enabled_044, Sequence_044, Nav_CGPHOME_NEW_044, Nav_Tbl_Tag_044) VALUES ( '3OFORGC0', 'frmQE_PolicyLength', 1, 0, 7, 'Policy Length Details', NULL)
INSERT INTO Nav_Forms_CGPHOME_NEW( Nav_CGPHOME_NEW_ID, Nav_CGPHOME_NEW, MoveAble, Enabled_044, Sequence_044, Nav_CGPHOME_NEW_044, Nav_Tbl_Tag_044) VALUES ( '3OFORGD0', 'QE90', 1, 0, 8, 'Payment Plan', NULL)
--FSA
INSERT INTO Nav_Forms_CGPHOME_NEW( Nav_CGPHOME_NEW_ID, Nav_CGPHOME_NEW, MoveAble, Enabled_044, Sequence_044, Nav_CGPHOME_NEW_044, Nav_Tbl_Tag_044) VALUES ( '3OFORGD1', 'frmQE_FSAGeneral', 1, 0, 9, 'General FSA Declaration', NULL)
--Summary
INSERT INTO Nav_Forms_CGPHOME_NEW( Nav_CGPHOME_NEW_ID, Nav_CGPHOME_NEW, MoveAble, Enabled_044, Sequence_044, Nav_CGPHOME_NEW_044, Nav_Tbl_Tag_044) VALUES ( '3OFORGD2', 'QS99', 1, 1, 21, 'Park Home Summary', NULL)
GO
  
INSERT INTO Nav_Forms_CGPHOME_ADD( Nav_CGPHOME_ADD_ID, Nav_CGPHOME_ADD, MoveAble, Enabled_044, Sequence_044, Nav_CGPHOME_ADD_044, Nav_Tbl_Tag_044) VALUES ( '3OFORGD3', 'TES_Screen_Builder\\CGPHOME\frmPHDETAIL.tst', 1, 1, 11, 'Park Home Details', NULL)
                          
INSERT INTO Nav_Fields_CGPHOME_ADD( Nav_CGPHOME_ADD_ID, ParentID, FieldName, Enabled_044, Nav_CGPHOME_ADD_044, Script_044, Mandatory_044, Mandatory_Message_044, Default_Value_044, Default_Datatype_044, Tab_Index_044) VALUES ( '3OFORGD4', '3OFORGD3', 'txtIntParty', 1, 'Interested Party Details', NULL, 0, NULL, NULL, 't', NULL)
					
INSERT INTO Nav_Fields_CGPHOME_ADD( Nav_CGPHOME_ADD_ID, ParentID, FieldName, Enabled_044, Nav_CGPHOME_ADD_044, Script_044, Mandatory_044, Mandatory_Message_044, Default_Value_044, Default_Datatype_044, Tab_Index_044) VALUES ( '3OFORGD5', '3OFORGD3', 'cboWinLocks', 1, 'Window Locks', NULL, 0, NULL, NULL, 't', NULL)
			
INSERT INTO Nav_Fields_CGPHOME_ADD( Nav_CGPHOME_ADD_ID, ParentID, FieldName, Enabled_044, Nav_CGPHOME_ADD_044, Script_044, Mandatory_044, Mandatory_Message_044, Default_Value_044, Default_Datatype_044, Tab_Index_044) VALUES ( '3OFORGD6', '3OFORGD3', 'cboAlarmType', 1, 'Alarm Type', NULL, 0, NULL, NULL, 't', NULL)
			
INSERT INTO Nav_Fields_CGPHOME_ADD( Nav_CGPHOME_ADD_ID, ParentID, FieldName, Enabled_044, Nav_CGPHOME_ADD_044, Script_044, Mandatory_044, Mandatory_Message_044, Default_Value_044, Default_Datatype_044, Tab_Index_044) VALUES ( '3OFORGD7', '3OFORGD3', 'cboDoorLock', 1, 'Door Locks', NULL, 0, NULL, NULL, 't', NULL)
			
INSERT INTO Nav_Fields_CGPHOME_ADD( Nav_CGPHOME_ADD_ID, ParentID, FieldName, Enabled_044, Nav_CGPHOME_ADD_044, Script_044, Mandatory_044, Mandatory_Message_044, Default_Value_044, Default_Datatype_044, Tab_Index_044) VALUES ( '3OFORGD8', '3OFORGD3', 'txtPESpecCount', 1, 'Count of Personal Effects Specified Items', NULL, 0, NULL, NULL, 't', NULL)
					
INSERT INTO Nav_Fields_CGPHOME_ADD( Nav_CGPHOME_ADD_ID, ParentID, FieldName, Enabled_044, Nav_CGPHOME_ADD_044, Script_044, Mandatory_044, Mandatory_Message_044, Default_Value_044, Default_Datatype_044, Tab_Index_044) VALUES ( '3OFORGD9', '3OFORGD3', 'txtContSpecCount', 1, 'Count Of Contents Specified Items', NULL, 0, NULL, NULL, 't', NULL)
					
INSERT INTO Nav_Fields_CGPHOME_ADD( Nav_CGPHOME_ADD_ID, ParentID, FieldName, Enabled_044, Nav_CGPHOME_ADD_044, Script_044, Mandatory_044, Mandatory_Message_044, Default_Value_044, Default_Datatype_044, Tab_Index_044) VALUES ( '3OFORGE9', '3OFORGD3', 'cfdTotalSI', 1, 'TotalSI', NULL, 0, NULL, NULL, 't', NULL)
			
INSERT INTO Nav_Fields_CGPHOME_ADD( Nav_CGPHOME_ADD_ID, ParentID, FieldName, Enabled_044, Nav_CGPHOME_ADD_044, Script_044, Mandatory_044, Mandatory_Message_044, Default_Value_044, Default_Datatype_044, Tab_Index_044) VALUES ( '3OFORGE0', '3OFORGD3', 'cboCycleCover', 1, 'Pedal Cycle Cover', NULL, 0, NULL, NULL, 't', NULL)
			
INSERT INTO Nav_Fields_CGPHOME_ADD( Nav_CGPHOME_ADD_ID, ParentID, FieldName, Enabled_044, Nav_CGPHOME_ADD_044, Script_044, Mandatory_044, Mandatory_Message_044, Default_Value_044, Default_Datatype_044, Tab_Index_044) VALUES ( '3OFORGE1', '3OFORGD3', 'cboPECover', 1, 'Personal Effects and Money', NULL, 0, NULL, NULL, 't', NULL)
			
INSERT INTO Nav_Fields_CGPHOME_ADD( Nav_CGPHOME_ADD_ID, ParentID, FieldName, Enabled_044, Nav_CGPHOME_ADD_044, Script_044, Mandatory_044, Mandatory_Message_044, Default_Value_044, Default_Datatype_044, Tab_Index_044) VALUES ( '3OFORGE2', '3OFORGD3', 'chkADCover', 1, 'Accidental Damage Cover', NULL, 0, NULL, NULL, 'b', NULL)
			
INSERT INTO Nav_Fields_CGPHOME_ADD( Nav_CGPHOME_ADD_ID, ParentID, FieldName, Enabled_044, Nav_CGPHOME_ADD_044, Script_044, Mandatory_044, Mandatory_Message_044, Default_Value_044, Default_Datatype_044, Tab_Index_044) VALUES ( '3OFORGE3', '3OFORGD3', 'cfdContentSI', 1, 'Contents SI', NULL, 0, NULL, NULL, 't', NULL)
			
INSERT INTO Nav_Fields_CGPHOME_ADD( Nav_CGPHOME_ADD_ID, ParentID, FieldName, Enabled_044, Nav_CGPHOME_ADD_044, Script_044, Mandatory_044, Mandatory_Message_044, Default_Value_044, Default_Datatype_044, Tab_Index_044) VALUES ( '3OFORGE4', '3OFORGD3', 'cfdPHSI', 1, 'Park Home SI', NULL, 0, NULL, NULL, 't', NULL)
			
INSERT INTO Nav_Fields_CGPHOME_ADD( Nav_CGPHOME_ADD_ID, ParentID, FieldName, Enabled_044, Nav_CGPHOME_ADD_044, Script_044, Mandatory_044, Mandatory_Message_044, Default_Value_044, Default_Datatype_044, Tab_Index_044) VALUES ( '3OFORGE5', '3OFORGD3', 'chkGSORepair', 1, 'Good State of Repair', NULL, 0, NULL, NULL, 'b', NULL)
			
INSERT INTO Nav_Fields_CGPHOME_ADD( Nav_CGPHOME_ADD_ID, ParentID, FieldName, Enabled_044, Nav_CGPHOME_ADD_044, Script_044, Mandatory_044, Mandatory_Message_044, Default_Value_044, Default_Datatype_044, Tab_Index_044) VALUES ( '3OFORGE6', '3OFORGD3', 'chkSmoke', 1, 'Smoke Detectors?', NULL, 0, NULL, NULL, 'b', NULL)
			
INSERT INTO Nav_Fields_CGPHOME_ADD( Nav_CGPHOME_ADD_ID, ParentID, FieldName, Enabled_044, Nav_CGPHOME_ADD_044, Script_044, Mandatory_044, Mandatory_Message_044, Default_Value_044, Default_Datatype_044, Tab_Index_044) VALUES ( '3OFORGE7', '3OFORGD3', 'chkFinanced', 1, 'Financed', NULL, 0, NULL, NULL, 'b', NULL)
			
INSERT INTO Nav_Fields_CGPHOME_ADD( Nav_CGPHOME_ADD_ID, ParentID, FieldName, Enabled_044, Nav_CGPHOME_ADD_044, Script_044, Mandatory_044, Mandatory_Message_044, Default_Value_044, Default_Datatype_044, Tab_Index_044) VALUES ( '3OFORGF7', '3OFORGD3', 'cboFlatorFelt', 1, 'Flat or Felt Roof', NULL, 0, NULL, NULL, 't', NULL)
			
INSERT INTO Nav_Fields_CGPHOME_ADD( Nav_CGPHOME_ADD_ID, ParentID, FieldName, Enabled_044, Nav_CGPHOME_ADD_044, Script_044, Mandatory_044, Mandatory_Message_044, Default_Value_044, Default_Datatype_044, Tab_Index_044) VALUES ( '3OFORGF8', '3OFORGD3', 'cboYOManufacture', 1, 'Year Of Manufacture', NULL, 0, NULL, NULL, 't', NULL)
			
INSERT INTO Nav_Fields_CGPHOME_ADD( Nav_CGPHOME_ADD_ID, ParentID, FieldName, Enabled_044, Nav_CGPHOME_ADD_044, Script_044, Mandatory_044, Mandatory_Message_044, Default_Value_044, Default_Datatype_044, Tab_Index_044) VALUES ( '3OFORGF9', '3OFORGD3', 'txtType', 1, 'Type', NULL, 0, NULL, NULL, 't', NULL)
					
INSERT INTO Nav_Fields_CGPHOME_ADD( Nav_CGPHOME_ADD_ID, ParentID, FieldName, Enabled_044, Nav_CGPHOME_ADD_044, Script_044, Mandatory_044, Mandatory_Message_044, Default_Value_044, Default_Datatype_044, Tab_Index_044) VALUES ( '3OFORGF0', '3OFORGD3', 'cboModel', 1, 'Model', NULL, 0, NULL, NULL, 't', NULL)
			
INSERT INTO Nav_Fields_CGPHOME_ADD( Nav_CGPHOME_ADD_ID, ParentID, FieldName, Enabled_044, Nav_CGPHOME_ADD_044, Script_044, Mandatory_044, Mandatory_Message_044, Default_Value_044, Default_Datatype_044, Tab_Index_044) VALUES ( '3OFORGF1', '3OFORGD3', 'cboMake', 1, 'Make', NULL, 0, NULL, NULL, 't', NULL)
			
INSERT INTO Nav_Forms_CGPHOME_ADD( Nav_CGPHOME_ADD_ID, Nav_CGPHOME_ADD, MoveAble, Enabled_044, Sequence_044, Nav_CGPHOME_ADD_044, Nav_Tbl_Tag_044) VALUES ( '3OFORGF2', 'TES_Screen_Builder\\CGPHOME\frmSPECCONT.tst', 1, 1, 13, 'Contents Specified Items', NULL)
                          
INSERT INTO Nav_Fields_CGPHOME_ADD( Nav_CGPHOME_ADD_ID, ParentID, FieldName, Enabled_044, Nav_CGPHOME_ADD_044, Script_044, Mandatory_044, Mandatory_Message_044, Default_Value_044, Default_Datatype_044, Tab_Index_044) VALUES ( '3OFORGF3', '3OFORGF2', 'txtdummy', 1, 'Dummy', NULL, 0, NULL, NULL, 't', NULL)
					
INSERT INTO Nav_Fields_CGPHOME_ADD( Nav_CGPHOME_ADD_ID, ParentID, FieldName, Enabled_044, Nav_CGPHOME_ADD_044, Script_044, Mandatory_044, Mandatory_Message_044, Default_Value_044, Default_Datatype_044, Tab_Index_044) VALUES ( '3OFORGF4', '3OFORGF2', 'cmdREMSPECCONT', 1, 'Remove Specified Contents', NULL, 0, NULL, NULL, 'b', NULL)
			
INSERT INTO Nav_Fields_CGPHOME_ADD( Nav_CGPHOME_ADD_ID, ParentID, FieldName, Enabled_044, Nav_CGPHOME_ADD_044, Script_044, Mandatory_044, Mandatory_Message_044, Default_Value_044, Default_Datatype_044, Tab_Index_044) VALUES ( '3OFORGF5', '3OFORGF2', 'cmdEditSpecCont', 1, 'Edit Specified Contents', NULL, 0, NULL, NULL, 'b', NULL)
			
INSERT INTO Nav_Fields_CGPHOME_ADD( Nav_CGPHOME_ADD_ID, ParentID, FieldName, Enabled_044, Nav_CGPHOME_ADD_044, Script_044, Mandatory_044, Mandatory_Message_044, Default_Value_044, Default_Datatype_044, Tab_Index_044) VALUES ( '3OFORGF6', '3OFORGF2', 'cmdAddSpecCont', 1, 'Add Specified Contents', NULL, 0, NULL, NULL, 'b', NULL)
			
INSERT INTO Nav_Fields_CGPHOME_ADD( Nav_CGPHOME_ADD_ID, ParentID, FieldName, Enabled_044, Nav_CGPHOME_ADD_044, Script_044, Mandatory_044, Mandatory_Message_044, Default_Value_044, Default_Datatype_044, Tab_Index_044) VALUES ( '3OFORGG6', '3OFORGF2', 'lvwSPECCONTLIST', 1, 'Specified Contents List', NULL, 0, NULL, NULL, 'n', NULL)
			
INSERT INTO Nav_Forms_CGPHOME_ADD( Nav_CGPHOME_ADD_ID, Nav_CGPHOME_ADD, MoveAble, Enabled_044, Sequence_044, Nav_CGPHOME_ADD_044, Nav_Tbl_Tag_044) VALUES ( '3OFORGG7', 'TES_Screen_Builder\\CGPHOME\frmSPECPE.tst', 1, 1, 12, 'Personal Effects Specified Items', NULL)
                          
INSERT INTO Nav_Fields_CGPHOME_ADD( Nav_CGPHOME_ADD_ID, ParentID, FieldName, Enabled_044, Nav_CGPHOME_ADD_044, Script_044, Mandatory_044, Mandatory_Message_044, Default_Value_044, Default_Datatype_044, Tab_Index_044) VALUES ( '3OFORGG8', '3OFORGG7', 'txtDummy', 1, 'Dummy', NULL, 0, NULL, NULL, 't', NULL)
					
INSERT INTO Nav_Fields_CGPHOME_ADD( Nav_CGPHOME_ADD_ID, ParentID, FieldName, Enabled_044, Nav_CGPHOME_ADD_044, Script_044, Mandatory_044, Mandatory_Message_044, Default_Value_044, Default_Datatype_044, Tab_Index_044) VALUES ( '3OFORGG9', '3OFORGG7', 'cmdREMSPECPE', 1, 'Remove Specified Personal Item', NULL, 0, NULL, NULL, 'b', NULL)
			
INSERT INTO Nav_Fields_CGPHOME_ADD( Nav_CGPHOME_ADD_ID, ParentID, FieldName, Enabled_044, Nav_CGPHOME_ADD_044, Script_044, Mandatory_044, Mandatory_Message_044, Default_Value_044, Default_Datatype_044, Tab_Index_044) VALUES ( '3OFORGG0', '3OFORGG7', 'cmdEditSpecPE', 1, 'Edit Specified Personal Item', NULL, 0, NULL, NULL, 'b', NULL)
			
INSERT INTO Nav_Fields_CGPHOME_ADD( Nav_CGPHOME_ADD_ID, ParentID, FieldName, Enabled_044, Nav_CGPHOME_ADD_044, Script_044, Mandatory_044, Mandatory_Message_044, Default_Value_044, Default_Datatype_044, Tab_Index_044) VALUES ( '3OFORGG1', '3OFORGG7', 'cmdADDSPECPE', 1, 'Add A Specified Item PE', NULL, 0, NULL, NULL, 'b', NULL)
			
INSERT INTO Nav_Fields_CGPHOME_ADD( Nav_CGPHOME_ADD_ID, ParentID, FieldName, Enabled_044, Nav_CGPHOME_ADD_044, Script_044, Mandatory_044, Mandatory_Message_044, Default_Value_044, Default_Datatype_044, Tab_Index_044) VALUES ( '3OFORGG2', '3OFORGG7', 'lvwSPECPELIST', 1, 'List of Specified Personal Effects', NULL, 0, NULL, NULL, 'n', NULL)
			
INSERT INTO Nav_Forms_CGPHOME_ADD( Nav_CGPHOME_ADD_ID, Nav_CGPHOME_ADD, MoveAble, Enabled_044, Sequence_044, Nav_CGPHOME_ADD_044, Nav_Tbl_Tag_044) VALUES ( '3OFORGG3', 'TES_Screen_Builder\\CGPHOME\frmPARKDETA.tst', 1, 1, 14, 'Park Home Estate Details', NULL)
                          
INSERT INTO Nav_Fields_CGPHOME_ADD( Nav_CGPHOME_ADD_ID, ParentID, FieldName, Enabled_044, Nav_CGPHOME_ADD_044, Script_044, Mandatory_044, Mandatory_Message_044, Default_Value_044, Default_Datatype_044, Tab_Index_044) VALUES ( '3OFORGG4', '3OFORGG3', 'cboUnoccupied', 1, 'Unoccupancy Duration', NULL, 0, NULL, NULL, 't', NULL)
			
INSERT INTO Nav_Fields_CGPHOME_ADD( Nav_CGPHOME_ADD_ID, ParentID, FieldName, Enabled_044, Nav_CGPHOME_ADD_044, Script_044, Mandatory_044, Mandatory_Message_044, Default_Value_044, Default_Datatype_044, Tab_Index_044) VALUES ( '3OFORGG5', '3OFORGG3', 'chkRegSite', 1, 'Registered Site', NULL, 0, NULL, NULL, 'b', NULL)
			
INSERT INTO Nav_Fields_CGPHOME_ADD( Nav_CGPHOME_ADD_ID, ParentID, FieldName, Enabled_044, Nav_CGPHOME_ADD_044, Script_044, Mandatory_044, Mandatory_Message_044, Default_Value_044, Default_Datatype_044, Tab_Index_044) VALUES ( '3OFORGH5', '3OFORGG3', 'cboBusinessUse', 1, 'Used For Business?', NULL, 0, NULL, NULL, 't', NULL)
			
INSERT INTO Nav_Fields_CGPHOME_ADD( Nav_CGPHOME_ADD_ID, ParentID, FieldName, Enabled_044, Nav_CGPHOME_ADD_044, Script_044, Mandatory_044, Mandatory_Message_044, Default_Value_044, Default_Datatype_044, Tab_Index_044) VALUES ( '3OFORGH6', '3OFORGG3', 'txtNumOnSite', 1, 'Number of Park Homes on Site', NULL, 0, NULL, NULL, 't', NULL)
					
INSERT INTO Nav_Forms_CGPHOME_ADD( Nav_CGPHOME_ADD_ID, Nav_CGPHOME_ADD, MoveAble, Enabled_044, Sequence_044, Nav_CGPHOME_ADD_044, Nav_Tbl_Tag_044) VALUES ( '3OFORGH7', 'TES_Screen_Builder\\CGPHOME\frmCLAIMSUM.tst', 1, 1, 15, 'Claims Summary', NULL)
                          
INSERT INTO Nav_Fields_CGPHOME_ADD( Nav_CGPHOME_ADD_ID, ParentID, FieldName, Enabled_044, Nav_CGPHOME_ADD_044, Script_044, Mandatory_044, Mandatory_Message_044, Default_Value_044, Default_Datatype_044, Tab_Index_044) VALUES ( '3OFORGH8', '3OFORGH7', 'cmdRemoveClaim', 1, 'Remove Claim', NULL, 0, NULL, NULL, 'b', NULL)
			
INSERT INTO Nav_Fields_CGPHOME_ADD( Nav_CGPHOME_ADD_ID, ParentID, FieldName, Enabled_044, Nav_CGPHOME_ADD_044, Script_044, Mandatory_044, Mandatory_Message_044, Default_Value_044, Default_Datatype_044, Tab_Index_044) VALUES ( '3OFORGH9', '3OFORGH7', 'cmdEditClaim', 1, 'Edit Claim', NULL, 0, NULL, NULL, 'b', NULL)
			
INSERT INTO Nav_Fields_CGPHOME_ADD( Nav_CGPHOME_ADD_ID, ParentID, FieldName, Enabled_044, Nav_CGPHOME_ADD_044, Script_044, Mandatory_044, Mandatory_Message_044, Default_Value_044, Default_Datatype_044, Tab_Index_044) VALUES ( '3OFORGH0', '3OFORGH7', 'cmdAddClaim', 1, 'Add Claim', NULL, 0, NULL, NULL, 'b', NULL)
			
INSERT INTO Nav_Fields_CGPHOME_ADD( Nav_CGPHOME_ADD_ID, ParentID, FieldName, Enabled_044, Nav_CGPHOME_ADD_044, Script_044, Mandatory_044, Mandatory_Message_044, Default_Value_044, Default_Datatype_044, Tab_Index_044) VALUES ( '3OFORGH1', '3OFORGH7', 'lvwClaimSummary', 1, 'Claims Summary Table', NULL, 0, NULL, NULL, 'n', NULL)
			
INSERT INTO Nav_Forms_CGPHOME_ADD( Nav_CGPHOME_ADD_ID, Nav_CGPHOME_ADD, MoveAble, Enabled_044, Sequence_044, Nav_CGPHOME_ADD_044, Nav_Tbl_Tag_044) VALUES ( '3OFORGH2', 'TES_Screen_Builder\\CGPHOME\frmXSANDNCD.tst', 1, 1, 16, 'Excess And NCD', NULL)
                          
INSERT INTO Nav_Fields_CGPHOME_ADD( Nav_CGPHOME_ADD_ID, ParentID, FieldName, Enabled_044, Nav_CGPHOME_ADD_044, Script_044, Mandatory_044, Mandatory_Message_044, Default_Value_044, Default_Datatype_044, Tab_Index_044) VALUES ( '3OFORGH3', '3OFORGH2', 'cboNCD', 1, 'No Claims Discount', NULL, 0, NULL, NULL, 't', NULL)
			
INSERT INTO Nav_Fields_CGPHOME_ADD( Nav_CGPHOME_ADD_ID, ParentID, FieldName, Enabled_044, Nav_CGPHOME_ADD_044, Script_044, Mandatory_044, Mandatory_Message_044, Default_Value_044, Default_Datatype_044, Tab_Index_044) VALUES ( '3OFORGI3', '3OFORGH2', 'cboExcess', 1, 'Excess', NULL, 0, NULL, NULL, 't', NULL)
			
INSERT INTO Nav_Forms_CGPHOME_ADD( Nav_CGPHOME_ADD_ID, Nav_CGPHOME_ADD,MoveAble, Enabled_044, Sequence_044, Nav_CGPHOME_ADD_044, Nav_Tbl_Tag_044) VALUES ( '3OFORGI4', '&+CGPHOME_PROPOSER_ADD', 1, 1, 10, '', NULL)
                        
INSERT INTO Nav_Forms_CGPHOME_PROPOSER_ADD( Nav_CGPHOME_PROPOSER_ADD_ID, Nav_CGPHOME_PROPOSER_ADD, MoveAble, Enabled_044, Sequence_044, Nav_CGPHOME_PROPOSER_ADD_044, Nav_Tbl_Tag_044) VALUES ( '3OFORGI5', 'TES_Screen_Builder\\CGPHOME\frmProposer.tst', 1, 1, 9, '', NULL)
							
INSERT INTO Nav_Fields_CGPHOME_PROPOSER_ADD( Nav_CGPHOME_PROPOSER_ADD_ID, ParentID, FieldName, Enabled_044, Nav_CGPHOME_PROPOSER_ADD_044, Script_044, Mandatory_044, Mandatory_Message_044, Default_Value_044, Default_Datatype_044, Tab_Index_044) VALUES ( '3OFORGI6', '3OFORGI5', 'lvwOccList', 1, 'Occupation List', NULL, 0, NULL, NULL, 'n', NULL)
			
INSERT INTO Nav_Fields_CGPHOME_PROPOSER_ADD( Nav_CGPHOME_PROPOSER_ADD_ID, ParentID, FieldName, Enabled_044, Nav_CGPHOME_PROPOSER_ADD_044, Script_044, Mandatory_044, Mandatory_Message_044, Default_Value_044, Default_Datatype_044, Tab_Index_044) VALUES ( '3OFORGI7', '3OFORGI5', 'cboRelationship', 1, 'Relationship', NULL, 0, NULL, NULL, 't', NULL)
			
INSERT INTO Nav_Fields_CGPHOME_PROPOSER_ADD( Nav_CGPHOME_PROPOSER_ADD_ID, ParentID, FieldName, Enabled_044, Nav_CGPHOME_PROPOSER_ADD_044, Script_044, Mandatory_044, Mandatory_Message_044, Default_Value_044, Default_Datatype_044, Tab_Index_044) VALUES ( '3OFORGI8', '3OFORGI5', 'cboMaritalStatus', 1, 'Marital Status', NULL, 0, NULL, NULL, 't', NULL)
			
INSERT INTO Nav_Fields_CGPHOME_PROPOSER_ADD( Nav_CGPHOME_PROPOSER_ADD_ID, ParentID, FieldName, Enabled_044, Nav_CGPHOME_PROPOSER_ADD_044, Script_044, Mandatory_044, Mandatory_Message_044, Default_Value_044, Default_Datatype_044, Tab_Index_044) VALUES ( '3OFORGI9', '3OFORGI5', 'txtAge', 1, 'Age', NULL, 0, NULL, NULL, 't', NULL)
					
INSERT INTO Nav_Fields_CGPHOME_PROPOSER_ADD( Nav_CGPHOME_PROPOSER_ADD_ID, ParentID, FieldName, Enabled_044, Nav_CGPHOME_PROPOSER_ADD_044, Script_044, Mandatory_044, Mandatory_Message_044, Default_Value_044, Default_Datatype_044, Tab_Index_044) VALUES ( '3OFORGI0', '3OFORGI5', 'mskDOB', 1, 'DOB', NULL, 0, NULL, NULL, 'd', NULL)
			
INSERT INTO Nav_Fields_CGPHOME_PROPOSER_ADD( Nav_CGPHOME_PROPOSER_ADD_ID, ParentID, FieldName, Enabled_044, Nav_CGPHOME_PROPOSER_ADD_044, Script_044, Mandatory_044, Mandatory_Message_044, Default_Value_044, Default_Datatype_044, Tab_Index_044) VALUES ( '3OFORGI1', '3OFORGI5', 'txtSurname', 1, 'Surname', NULL, 0, NULL, NULL, 't', NULL)
					
INSERT INTO Nav_Fields_CGPHOME_PROPOSER_ADD( Nav_CGPHOME_PROPOSER_ADD_ID, ParentID, FieldName, Enabled_044, Nav_CGPHOME_PROPOSER_ADD_044, Script_044, Mandatory_044, Mandatory_Message_044, Default_Value_044, Default_Datatype_044, Tab_Index_044) VALUES ( '3OFORGI2', '3OFORGI5', 'txtInitials', 1, 'Other Initials', NULL, 0, NULL, NULL, 't', NULL)
					
INSERT INTO Nav_Fields_CGPHOME_PROPOSER_ADD( Nav_CGPHOME_PROPOSER_ADD_ID, ParentID, FieldName, Enabled_044, Nav_CGPHOME_PROPOSER_ADD_044, Script_044, Mandatory_044, Mandatory_Message_044, Default_Value_044, Default_Datatype_044, Tab_Index_044) VALUES ( '3OFORGJ2', '3OFORGI5', 'txtForename', 1, 'Forename', NULL, 0, NULL, NULL, 't', NULL)
					
INSERT INTO Nav_Fields_CGPHOME_PROPOSER_ADD( Nav_CGPHOME_PROPOSER_ADD_ID, ParentID, FieldName, Enabled_044, Nav_CGPHOME_PROPOSER_ADD_044, Script_044, Mandatory_044, Mandatory_Message_044, Default_Value_044, Default_Datatype_044, Tab_Index_044) VALUES ( '3OFORGJ3', '3OFORGI5', 'optCompany', 1, 'Company', NULL, 0, NULL, NULL, 'b', NULL)
			
INSERT INTO Nav_Fields_CGPHOME_PROPOSER_ADD( Nav_CGPHOME_PROPOSER_ADD_ID, ParentID, FieldName, Enabled_044, Nav_CGPHOME_PROPOSER_ADD_044, Script_044, Mandatory_044, Mandatory_Message_044, Default_Value_044, Default_Datatype_044, Tab_Index_044) VALUES ( '3OFORGJ4', '3OFORGI5', 'optNA', 1, 'N/A', NULL, 0, NULL, NULL, 'b', NULL)
			
INSERT INTO Nav_Fields_CGPHOME_PROPOSER_ADD( Nav_CGPHOME_PROPOSER_ADD_ID, ParentID, FieldName, Enabled_044, Nav_CGPHOME_PROPOSER_ADD_044, Script_044, Mandatory_044, Mandatory_Message_044, Default_Value_044, Default_Datatype_044, Tab_Index_044) VALUES ( '3OFORGJ5', '3OFORGI5', 'optFemale', 1, 'Female', NULL, 0, NULL, NULL, 'b', NULL)
			
INSERT INTO Nav_Fields_CGPHOME_PROPOSER_ADD( Nav_CGPHOME_PROPOSER_ADD_ID, ParentID, FieldName, Enabled_044, Nav_CGPHOME_PROPOSER_ADD_044, Script_044, Mandatory_044, Mandatory_Message_044, Default_Value_044, Default_Datatype_044, Tab_Index_044) VALUES ( '3OFORGJ6', '3OFORGI5', 'optMale', 1, 'Male', NULL, 0, NULL, NULL, 'b', NULL)
			
INSERT INTO Nav_Fields_CGPHOME_PROPOSER_ADD( Nav_CGPHOME_PROPOSER_ADD_ID, ParentID, FieldName, Enabled_044, Nav_CGPHOME_PROPOSER_ADD_044, Script_044, Mandatory_044, Mandatory_Message_044, Default_Value_044, Default_Datatype_044, Tab_Index_044) VALUES ( '3OFORGJ7', '3OFORGI5', 'cboTitle', 1, 'Title', NULL, 0, NULL, NULL, 't', NULL)
			
INSERT INTO Nav_Forms_CGPHOME_ADD( Nav_CGPHOME_ADD_ID, Nav_CGPHOME_ADD, MoveAble, Enabled_044, Sequence_044, Nav_CGPHOME_ADD_044, Nav_Tbl_Tag_044) VALUES ( '3OFORGJ8', 'TES_Screen_Builder\\CGPHOME\frmGeneral.tst', 1, 1, 17, 'General Questions', NULL)
                          
INSERT INTO Nav_Fields_CGPHOME_ADD( Nav_CGPHOME_ADD_ID, ParentID, FieldName, Enabled_044, Nav_CGPHOME_ADD_044, Script_044, Mandatory_044, Mandatory_Message_044, Default_Value_044, Default_Datatype_044, Tab_Index_044) VALUES ( '3OFORGJ9', '3OFORGJ8', 'txtDetails', 1, 'Details', NULL, 0, NULL, NULL, 't', NULL)
					
INSERT INTO Nav_Fields_CGPHOME_ADD( Nav_CGPHOME_ADD_ID, ParentID, FieldName, Enabled_044, Nav_CGPHOME_ADD_044, Script_044, Mandatory_044, Mandatory_Message_044, Default_Value_044, Default_Datatype_044, Tab_Index_044) VALUES ( '3OFORGJ0', '3OFORGJ8', 'chkRequested', 1, 'Requested', NULL, 0, NULL, NULL, 'b', NULL)
			
INSERT INTO Nav_Fields_CGPHOME_ADD( Nav_CGPHOME_ADD_ID, ParentID, FieldName, Enabled_044, Nav_CGPHOME_ADD_044, Script_044, Mandatory_044, Mandatory_Message_044, Default_Value_044, Default_Datatype_044, Tab_Index_044) VALUES ( '3OFORGJ1', '3OFORGJ8', 'chkConvicted', 1, 'Convicted', NULL, 0, NULL, NULL, 'b', NULL)
			
INSERT INTO Nav_Fields_CGPHOME_ADD( Nav_CGPHOME_ADD_ID, ParentID, FieldName, Enabled_044, Nav_CGPHOME_ADD_044, Script_044, Mandatory_044, Mandatory_Message_044, Default_Value_044, Default_Datatype_044, Tab_Index_044) VALUES ( '3OFORGK1', '3OFORGJ8', 'chkRefused', 1, 'Refused', NULL, 0, NULL, NULL, 'b', NULL)
			
  GO
  
--Client Details
INSERT INTO Nav_Forms_CGPHOME_ADD( Nav_CGPHOME_ADD_ID, Nav_CGPHOME_ADD, MoveAble, Enabled_044, Sequence_044, Nav_CGPHOME_ADD_044, Nav_Tbl_Tag_044) VALUES ( '3OFORGK2', 'QE139', 0, 0, 1, 'Client Details', NULL)
INSERT INTO Nav_Fields_CGPHOME_ADD( Nav_CGPHOME_ADD_ID, ParentID, FieldName, Enabled_044, Nav_CGPHOME_ADD_044, Script_044, Mandatory_044, Mandatory_Message_044, Default_Value_044, Default_Datatype_044, Tab_Index_044) VALUES ( '3OFORGK3', '3OFORGK2', 'QE139_Opt_Company', 1, 'Company', NULL, 1, 'Please select Company', NULL, 'b', NULL)
INSERT INTO Nav_Fields_CGPHOME_ADD( Nav_CGPHOME_ADD_ID, ParentID, FieldName, Enabled_044, Nav_CGPHOME_ADD_044, Script_044, Mandatory_044, Mandatory_Message_044, Default_Value_044, Default_Datatype_044, Tab_Index_044) VALUES ( '3OFORGK4', '3OFORGK2', 'QE139_Opt_Individual', 1, 'Private individual', NULL, 1, 'Please select Individual', NULL, 'b', NULL)
INSERT INTO Nav_Fields_CGPHOME_ADD( Nav_CGPHOME_ADD_ID, ParentID, FieldName, Enabled_044, Nav_CGPHOME_ADD_044, Script_044, Mandatory_044, Mandatory_Message_044, Default_Value_044, Default_Datatype_044, Tab_Index_044) VALUES ( '3OFORGK5', '3OFORGK2', 'QE139_Cbo_Title', 1, 'Title', NULL, 1, 'Please select a title', NULL, 't', NULL)
INSERT INTO Nav_Fields_CGPHOME_ADD( Nav_CGPHOME_ADD_ID, ParentID, FieldName, Enabled_044, Nav_CGPHOME_ADD_044, Script_044, Mandatory_044, Mandatory_Message_044, Default_Value_044, Default_Datatype_044, Tab_Index_044) VALUES ( '3OFORGK6', '3OFORGK2', 'QE139_Txt_Surname', 1, 'Surname', NULL, 1, 'Please enter a surname', NULL, 't', NULL)
INSERT INTO Nav_Fields_CGPHOME_ADD( Nav_CGPHOME_ADD_ID, ParentID, FieldName, Enabled_044, Nav_CGPHOME_ADD_044, Script_044, Mandatory_044, Mandatory_Message_044, Default_Value_044, Default_Datatype_044, Tab_Index_044) VALUES ( '3OFORGK7', '3OFORGK2', 'QE139_Txt_Initials', 1, 'Initials', NULL, 0, NULL, NULL, 't', NULL)
INSERT INTO Nav_Fields_CGPHOME_ADD( Nav_CGPHOME_ADD_ID, ParentID, FieldName, Enabled_044, Nav_CGPHOME_ADD_044, Script_044, Mandatory_044, Mandatory_Message_044, Default_Value_044, Default_Datatype_044, Tab_Index_044) VALUES ( '3OFORGK8', '3OFORGK2', 'QE139_Txt_Forename', 1, 'Forename', NULL, 1, 'Please enter a forename', NULL, 't', NULL)
INSERT INTO Nav_Fields_CGPHOME_ADD( Nav_CGPHOME_ADD_ID, ParentID, FieldName, Enabled_044, Nav_CGPHOME_ADD_044, Script_044, Mandatory_044, Mandatory_Message_044, Default_Value_044, Default_Datatype_044, Tab_Index_044) VALUES ( '3OFORGK9', '3OFORGK2', 'QE139_Txt_Honours', 1, 'Honours', NULL, 0, NULL, NULL, 't', NULL)
INSERT INTO Nav_Fields_CGPHOME_ADD( Nav_CGPHOME_ADD_ID, ParentID, FieldName, Enabled_044, Nav_CGPHOME_ADD_044, Script_044, Mandatory_044, Mandatory_Message_044, Default_Value_044, Default_Datatype_044, Tab_Index_044) VALUES ( '3OFORGL9', '3OFORGK2', 'QE139_Chk_Proposer', 1, 'Proposer', NULL, 1, 'Please select proposer', NULL, 'b', NULL)
INSERT INTO Nav_Fields_CGPHOME_ADD( Nav_CGPHOME_ADD_ID, ParentID, FieldName, Enabled_044, Nav_CGPHOME_ADD_044, Script_044, Mandatory_044, Mandatory_Message_044, Default_Value_044, Default_Datatype_044, Tab_Index_044) VALUES ( '3OFORGL0', '3OFORGK2', 'QE139_Chk_Deceased', 1, 'Deceased', NULL, 1, 'Please select deceased', NULL, 'b', NULL)
INSERT INTO Nav_Fields_CGPHOME_ADD( Nav_CGPHOME_ADD_ID, ParentID, FieldName, Enabled_044, Nav_CGPHOME_ADD_044, Script_044, Mandatory_044, Mandatory_Message_044, Default_Value_044, Default_Datatype_044, Tab_Index_044) VALUES ( '3OFORGL1', '3OFORGK2', 'QE139_Cbo_DwellingType', 1, 'Dwelling type', NULL, 1, 'Please select dwelling type', NULL, 't', NULL)
INSERT INTO Nav_Fields_CGPHOME_ADD( Nav_CGPHOME_ADD_ID, ParentID, FieldName, Enabled_044, Nav_CGPHOME_ADD_044, Script_044, Mandatory_044, Mandatory_Message_044, Default_Value_044, Default_Datatype_044, Tab_Index_044) VALUES ( '3OFORGL2', '3OFORGK2', 'QE139_Cbo_Dwelling', 1, 'Dwelling', NULL, 1, 'Please select dwelling', NULL, 't', NULL)
INSERT INTO Nav_Fields_CGPHOME_ADD( Nav_CGPHOME_ADD_ID, ParentID, FieldName, Enabled_044, Nav_CGPHOME_ADD_044, Script_044, Mandatory_044, Mandatory_Message_044, Default_Value_044, Default_Datatype_044, Tab_Index_044) VALUES ( '3OFORGL3', '3OFORGK2', 'QE139_Txt_Country', 1, 'Country', NULL, 0, NULL, NULL, 't', NULL)
INSERT INTO Nav_Fields_CGPHOME_ADD( Nav_CGPHOME_ADD_ID, ParentID, FieldName, Enabled_044, Nav_CGPHOME_ADD_044, Script_044, Mandatory_044, Mandatory_Message_044, Default_Value_044, Default_Datatype_044, Tab_Index_044) VALUES ( '3OFORGL4', '3OFORGK2', 'QE139_Txt_County', 1, 'County', NULL, 0, NULL, NULL, 't', NULL)
INSERT INTO Nav_Fields_CGPHOME_ADD( Nav_CGPHOME_ADD_ID, ParentID, FieldName, Enabled_044, Nav_CGPHOME_ADD_044, Script_044, Mandatory_044, Mandatory_Message_044, Default_Value_044, Default_Datatype_044, Tab_Index_044) VALUES ( '3OFORGL5', '3OFORGK2', 'QE139_Txt_City', 1, 'City', NULL, 1, 'Please enter a city', NULL, 't', NULL)
INSERT INTO Nav_Fields_CGPHOME_ADD( Nav_CGPHOME_ADD_ID, ParentID, FieldName, Enabled_044, Nav_CGPHOME_ADD_044, Script_044, Mandatory_044, Mandatory_Message_044, Default_Value_044, Default_Datatype_044, Tab_Index_044) VALUES ( '3OFORGL6', '3OFORGK2', 'QE139_Txt_Locality', 1, 'Locality', NULL, 0, NULL, NULL, 't', NULL)
INSERT INTO Nav_Fields_CGPHOME_ADD( Nav_CGPHOME_ADD_ID, ParentID, FieldName, Enabled_044, Nav_CGPHOME_ADD_044, Script_044, Mandatory_044, Mandatory_Message_044, Default_Value_044, Default_Datatype_044, Tab_Index_044) VALUES ( '3OFORGL7', '3OFORGK2', 'QE139_Txt_Street', 1, 'Street', NULL, 1, 'Please enter a street', NULL, 't', NULL)
INSERT INTO Nav_Fields_CGPHOME_ADD( Nav_CGPHOME_ADD_ID, ParentID, FieldName, Enabled_044, Nav_CGPHOME_ADD_044, Script_044, Mandatory_044, Mandatory_Message_044, Default_Value_044, Default_Datatype_044, Tab_Index_044) VALUES ( '3OFORGL8', '3OFORGK2', 'QE139_Txt_House', 1, 'House', NULL, 1, 'Please enter a house', NULL, 't', NULL)
INSERT INTO Nav_Fields_CGPHOME_ADD( Nav_CGPHOME_ADD_ID, ParentID, FieldName, Enabled_044, Nav_CGPHOME_ADD_044, Script_044, Mandatory_044, Mandatory_Message_044, Default_Value_044, Default_Datatype_044, Tab_Index_044) VALUES ( '3OFORGM8', '3OFORGK2', 'QE139_Txt_Postcode', 1, 'Postcode', NULL, 1, 'Please enter a postcode', NULL, 't', NULL)
INSERT INTO Nav_Fields_CGPHOME_ADD( Nav_CGPHOME_ADD_ID, ParentID, FieldName, Enabled_044, Nav_CGPHOME_ADD_044, Script_044, Mandatory_044, Mandatory_Message_044, Default_Value_044, Default_Datatype_044, Tab_Index_044) VALUES ( '3OFORGM9', '3OFORGK2', 'QE139_Opt_Sex', 1, 'Sex', NULL, 1, 'Please enter a sex', NULL, 'b', NULL)
INSERT INTO Nav_Fields_CGPHOME_ADD( Nav_CGPHOME_ADD_ID, ParentID, FieldName, Enabled_044, Nav_CGPHOME_ADD_044, Script_044, Mandatory_044, Mandatory_Message_044, Default_Value_044, Default_Datatype_044, Tab_Index_044) VALUES ( '3OFORGM0', '3OFORGK2', 'QE139_Cbo_TelephoneType', 1, 'Telephone type', NULL, 0, NULL, NULL, 't', NULL)
INSERT INTO Nav_Fields_CGPHOME_ADD( Nav_CGPHOME_ADD_ID, ParentID, FieldName, Enabled_044, Nav_CGPHOME_ADD_044, Script_044, Mandatory_044, Mandatory_Message_044, Default_Value_044, Default_Datatype_044, Tab_Index_044) VALUES ( '3OFORGM1', '3OFORGK2', 'QE139_Chk_ExDirectory', 1, 'Ex directory', NULL, 0, NULL, NULL, 'b', NULL)
INSERT INTO Nav_Fields_CGPHOME_ADD( Nav_CGPHOME_ADD_ID, ParentID, FieldName, Enabled_044, Nav_CGPHOME_ADD_044, Script_044, Mandatory_044, Mandatory_Message_044, Default_Value_044, Default_Datatype_044, Tab_Index_044) VALUES ( '3OFORGM2', '3OFORGK2', 'QE139_Txt_Extension', 1, 'Telephone extension', NULL, 0, NULL, NULL, 't', NULL)
INSERT INTO Nav_Fields_CGPHOME_ADD( Nav_CGPHOME_ADD_ID, ParentID, FieldName, Enabled_044, Nav_CGPHOME_ADD_044, Script_044, Mandatory_044, Mandatory_Message_044, Default_Value_044, Default_Datatype_044, Tab_Index_044) VALUES ( '3OFORGM3', '3OFORGK2', 'QE139_Txt_Number', 1, 'Telephone number', NULL, 0, NULL, NULL, 't', NULL)
INSERT INTO Nav_Fields_CGPHOME_ADD( Nav_CGPHOME_ADD_ID, ParentID, FieldName, Enabled_044, Nav_CGPHOME_ADD_044, Script_044, Mandatory_044, Mandatory_Message_044, Default_Value_044, Default_Datatype_044, Tab_Index_044) VALUES ( '3OFORGM4', '3OFORGK2', 'QE139_Lvw_Telephone', 1, 'Telephone list', NULL, 0, NULL, NULL, 'n', NULL)
INSERT INTO Nav_Fields_CGPHOME_ADD( Nav_CGPHOME_ADD_ID, ParentID, FieldName, Enabled_044, Nav_CGPHOME_ADD_044, Script_044, Mandatory_044, Mandatory_Message_044, Default_Value_044, Default_Datatype_044, Tab_Index_044) VALUES ( '3OFORGM5', '3OFORGK2', 'QE139_Txt_SecurityAnswer', 1, 'Security Answer', NULL, 0, NULL, NULL, 't', NULL)
INSERT INTO Nav_Fields_CGPHOME_ADD( Nav_CGPHOME_ADD_ID, ParentID, FieldName, Enabled_044, Nav_CGPHOME_ADD_044, Script_044, Mandatory_044, Mandatory_Message_044, Default_Value_044, Default_Datatype_044, Tab_Index_044) VALUES ( '3OFORGM6', '3OFORGK2', 'QE139_Cbo_Security_Question', 1, 'Security Question', NULL, 0, NULL, NULL, 't', NULL)
INSERT INTO Nav_Fields_CGPHOME_ADD( Nav_CGPHOME_ADD_ID, ParentID, FieldName, Enabled_044, Nav_CGPHOME_ADD_044, Script_044, Mandatory_044, Mandatory_Message_044, Default_Value_044, Default_Datatype_044, Tab_Index_044) VALUES ( '3OFORGN6', '3OFORGK2', 'QE139_Chk_RenewalQuote', 1, 'Prior Policy Renewal', NULL, 0, NULL, NULL, 'b', NULL)
INSERT INTO Nav_Fields_CGPHOME_ADD( Nav_CGPHOME_ADD_ID, ParentID, FieldName, Enabled_044, Nav_CGPHOME_ADD_044, Script_044, Mandatory_044, Mandatory_Message_044, Default_Value_044, Default_Datatype_044, Tab_Index_044) VALUES ( '3OFORGN7', '3OFORGK2', 'QE139_Chk_Instalments', 1, 'Instalments', NULL, 0, NULL, NULL, 'b', NULL)
INSERT INTO Nav_Fields_CGPHOME_ADD( Nav_CGPHOME_ADD_ID, ParentID, FieldName, Enabled_044, Nav_CGPHOME_ADD_044, Script_044, Mandatory_044, Mandatory_Message_044, Default_Value_044, Default_Datatype_044, Tab_Index_044) VALUES ( '3OFORGN8', '3OFORGK2', 'QE139_Txt_Email', 1, 'Email', NULL, 0, NULL, NULL, 't', NULL)
INSERT INTO Nav_Fields_CGPHOME_ADD( Nav_CGPHOME_ADD_ID, ParentID, FieldName, Enabled_044, Nav_CGPHOME_ADD_044, Script_044, Mandatory_044, Mandatory_Message_044, Default_Value_044, Default_Datatype_044, Tab_Index_044) VALUES ( '3OFORGN9', '3OFORGK2', 'QE139_Msk_DOB', 1, 'Date of Birth', NULL, 0, NULL, NULL, 'd', NULL)
INSERT INTO Nav_Fields_CGPHOME_ADD( Nav_CGPHOME_ADD_ID, ParentID, FieldName, Enabled_044, Nav_CGPHOME_ADD_044, Script_044, Mandatory_044, Mandatory_Message_044, Default_Value_044, Default_Datatype_044, Tab_Index_044) VALUES ( '3OFORGN0', '3OFORGK2', 'QE139_Txt_Confirm', 1, 'Confirm password', NULL, 0, NULL, NULL, 't', NULL)
INSERT INTO Nav_Fields_CGPHOME_ADD( Nav_CGPHOME_ADD_ID, ParentID, FieldName, Enabled_044, Nav_CGPHOME_ADD_044, Script_044, Mandatory_044, Mandatory_Message_044, Default_Value_044, Default_Datatype_044, Tab_Index_044) VALUES ( '3OFORGN1', '3OFORGK2', 'QE139_Txt_Password', 1, 'Password', NULL, 0, NULL, NULL, 't', NULL)
INSERT INTO Nav_Fields_CGPHOME_ADD( Nav_CGPHOME_ADD_ID, ParentID, FieldName, Enabled_044, Nav_CGPHOME_ADD_044, Script_044, Mandatory_044, Mandatory_Message_044, Default_Value_044, Default_Datatype_044, Tab_Index_044) VALUES ( '3OFORGN2', '3OFORGK2', 'QE139_Txt_MaidenName', 1, 'Maiden name', NULL, 0, NULL, NULL, 't', NULL)
INSERT INTO Nav_Fields_CGPHOME_ADD( Nav_CGPHOME_ADD_ID, ParentID, FieldName, Enabled_044, Nav_CGPHOME_ADD_044, Script_044, Mandatory_044, Mandatory_Message_044, Default_Value_044, Default_Datatype_044, Tab_Index_044) VALUES ( '3OFORGN3', '3OFORGK2', 'QE139_Cbo_Country', 1, 'Country', NULL, 0, NULL, NULL, 't', NULL)
INSERT INTO Nav_Fields_CGPHOME_ADD( Nav_CGPHOME_ADD_ID, ParentID, FieldName, Enabled_044, Nav_CGPHOME_ADD_044, Script_044, Mandatory_044, Mandatory_Message_044, Default_Value_044, Default_Datatype_044, Tab_Index_044) VALUES ( '3OFORGN4', '3OFORGK2', 'QE139_Txt_InputTaxCredit', 1, 'Input Tax Credit', NULL, 0, NULL, NULL, 't', NULL)
INSERT INTO Nav_Fields_CGPHOME_ADD( Nav_CGPHOME_ADD_ID, ParentID, FieldName, Enabled_044, Nav_CGPHOME_ADD_044, Script_044, Mandatory_044, Mandatory_Message_044, Default_Value_044, Default_Datatype_044, Tab_Index_044) VALUES ( '3OFORGN5', '3OFORGK2', 'QE139_Cmd_IND', 1, 'Telephone Add', NULL, 0, NULL, NULL, 'b', NULL)
INSERT INTO Nav_Fields_CGPHOME_ADD( Nav_CGPHOME_ADD_ID, ParentID, FieldName, Enabled_044, Nav_CGPHOME_ADD_044, Script_044, Mandatory_044, Mandatory_Message_044, Default_Value_044, Default_Datatype_044, Tab_Index_044) VALUES ( '3OFORGO5', '3OFORGK2', 'QE139_Cmd_Remove', 1, 'Telephone Remove', NULL, 0, NULL, NULL, 'b', NULL)
INSERT INTO Nav_Fields_CGPHOME_ADD( Nav_CGPHOME_ADD_ID, ParentID, FieldName, Enabled_044, Nav_CGPHOME_ADD_044, Script_044, Mandatory_044, Mandatory_Message_044, Default_Value_044, Default_Datatype_044, Tab_Index_044) VALUES ( '3OFORGO6', '3OFORGK2', 'QE139_Cmd_Search', 1, 'Postcode Search', NULL, 0, NULL, NULL, 'b', NULL)
INSERT INTO Nav_Fields_CGPHOME_ADD( Nav_CGPHOME_ADD_ID, ParentID, FieldName, Enabled_044, Nav_CGPHOME_ADD_044, Script_044, Mandatory_044, Mandatory_Message_044, Default_Value_044, Default_Datatype_044, Tab_Index_044) VALUES ( '3OFORGO7', '3OFORGK2', 'QE139_Msk_DateEstablished', 1, 'Date Established', NULL, 0, NULL, NULL, 'd', NULL)

--Contact and Marketing
INSERT INTO Nav_Forms_CGPHOME_ADD( Nav_CGPHOME_ADD_ID, Nav_CGPHOME_ADD, MoveAble, Enabled_044, Sequence_044, Nav_CGPHOME_ADD_044, Nav_Tbl_Tag_044) VALUES ( '3OFORGO8', 'QE140', 1, 1, 2, 'Contact and Marketing Details', NULL)
INSERT INTO Nav_Fields_CGPHOME_ADD( Nav_CGPHOME_ADD_ID, ParentID, FieldName, Enabled_044, Nav_CGPHOME_ADD_044, Script_044, Mandatory_044, Mandatory_Message_044, Default_Value_044, Default_Datatype_044, Tab_Index_044) VALUES ( '3OFORGO9', '3OFORGO8', 'QE140_Chk_TelephoneThird', 1, 'Allow telephone contact from third party', NULL, 0, NULL, '0', 'b', NULL)
INSERT INTO Nav_Fields_CGPHOME_ADD( Nav_CGPHOME_ADD_ID, ParentID, FieldName, Enabled_044, Nav_CGPHOME_ADD_044, Script_044, Mandatory_044, Mandatory_Message_044, Default_Value_044, Default_Datatype_044, Tab_Index_044) VALUES ( '3OFORGO0', '3OFORGO8', 'QE140_Chk_TelephoneAffinity', 1, 'Allow telephone contact from affinity', NULL, 0, NULL, '0', 'b', NULL)
INSERT INTO Nav_Fields_CGPHOME_ADD( Nav_CGPHOME_ADD_ID, ParentID, FieldName, Enabled_044, Nav_CGPHOME_ADD_044, Script_044, Mandatory_044, Mandatory_Message_044, Default_Value_044, Default_Datatype_044, Tab_Index_044) VALUES ( '3OFORGO1', '3OFORGO8', 'QE140_Chk_TelephoneAdministrator', 1, 'Allow telephone contact from administrator', NULL, 0, NULL, '0', 'b', NULL)
INSERT INTO Nav_Fields_CGPHOME_ADD( Nav_CGPHOME_ADD_ID, ParentID, FieldName, Enabled_044, Nav_CGPHOME_ADD_044, Script_044, Mandatory_044, Mandatory_Message_044, Default_Value_044, Default_Datatype_044, Tab_Index_044) VALUES ( '3OFORGO2', '3OFORGO8', 'QE140_Chk_MailingThird', 1, 'Allow mailings from third party', NULL, 0, NULL, '0', 'b', NULL)
INSERT INTO Nav_Fields_CGPHOME_ADD( Nav_CGPHOME_ADD_ID, ParentID, FieldName, Enabled_044, Nav_CGPHOME_ADD_044, Script_044, Mandatory_044, Mandatory_Message_044, Default_Value_044, Default_Datatype_044, Tab_Index_044) VALUES ( '3OFORGO3', '3OFORGO8', 'QE140_Chk_MailingAffinity', 1, 'Allow mailings from affinity', NULL, 0, NULL, '0', 'b', NULL)
INSERT INTO Nav_Fields_CGPHOME_ADD( Nav_CGPHOME_ADD_ID, ParentID, FieldName, Enabled_044, Nav_CGPHOME_ADD_044, Script_044, Mandatory_044, Mandatory_Message_044, Default_Value_044, Default_Datatype_044, Tab_Index_044) VALUES ( '3OFORGO4', '3OFORGO8', 'QE140_Chk_MailingAdministrator', 1, 'Allow mailings from administrator', NULL, 0, NULL, '0', 'b', NULL)
INSERT INTO Nav_Fields_CGPHOME_ADD( Nav_CGPHOME_ADD_ID, ParentID, FieldName, Enabled_044, Nav_CGPHOME_ADD_044, Script_044, Mandatory_044, Mandatory_Message_044, Default_Value_044, Default_Datatype_044, Tab_Index_044) VALUES ( '3OFORGP4', '3OFORGO8', 'QE140_Txt_RecommendedBy', 1, 'Referred By', NULL, 0, NULL, NULL, 't', NULL)
INSERT INTO Nav_Fields_CGPHOME_ADD( Nav_CGPHOME_ADD_ID, ParentID, FieldName, Enabled_044, Nav_CGPHOME_ADD_044, Script_044, Mandatory_044, Mandatory_Message_044, Default_Value_044, Default_Datatype_044, Tab_Index_044) VALUES ( '3OFORGP5', '3OFORGO8', 'QE140_Txt_Reference', 1, 'Reference', NULL, 0, NULL, NULL, 't', NULL)
INSERT INTO Nav_Fields_CGPHOME_ADD( Nav_CGPHOME_ADD_ID, ParentID, FieldName, Enabled_044, Nav_CGPHOME_ADD_044, Script_044, Mandatory_044, Mandatory_Message_044, Default_Value_044, Default_Datatype_044, Tab_Index_044) VALUES ( '3OFORGP6', '3OFORGO8', 'QE140_Cbo_Campaign', 1, 'Marketing source campaign', NULL, 0, NULL, NULL, 't', NULL)
INSERT INTO Nav_Fields_CGPHOME_ADD( Nav_CGPHOME_ADD_ID, ParentID, FieldName, Enabled_044, Nav_CGPHOME_ADD_044, Script_044, Mandatory_044, Mandatory_Message_044, Default_Value_044, Default_Datatype_044, Tab_Index_044) VALUES ( '3OFORGP7', '3OFORGO8', 'QE140_Cbo_Activity', 1, 'Marketing source activity', NULL, 0, NULL, NULL, 't', NULL)
INSERT INTO Nav_Fields_CGPHOME_ADD( Nav_CGPHOME_ADD_ID, ParentID, FieldName, Enabled_044, Nav_CGPHOME_ADD_044, Script_044, Mandatory_044, Mandatory_Message_044, Default_Value_044, Default_Datatype_044, Tab_Index_044) VALUES ( '3OFORGP8', '3OFORGO8', 'QE140_Cbo_Source', 1, 'Marketing source of business', NULL, 0, NULL, NULL, 't', NULL)
INSERT INTO Nav_Fields_CGPHOME_ADD( Nav_CGPHOME_ADD_ID, ParentID, FieldName, Enabled_044, Nav_CGPHOME_ADD_044, Script_044, Mandatory_044, Mandatory_Message_044, Default_Value_044, Default_Datatype_044, Tab_Index_044) VALUES ( '3OFORGP9', '3OFORGO8', 'QE140_Chk_StopCorrespondence', 1, 'Stop Correspondence', NULL, 0, NULL, '0', 'b', NULL)
INSERT INTO Nav_Fields_CGPHOME_ADD( Nav_CGPHOME_ADD_ID, ParentID, FieldName, Enabled_044, Nav_CGPHOME_ADD_044, Script_044, Mandatory_044, Mandatory_Message_044, Default_Value_044, Default_Datatype_044, Tab_Index_044) VALUES ( '3OFORGP0', '3OFORGO8', 'QE140_Cbo_Preferred', 1, 'Preferred contact method', NULL, 0, NULL, NULL, 't', NULL)
--Target Premium
INSERT INTO Nav_Forms_CGPHOME_ADD( Nav_CGPHOME_ADD_ID, Nav_CGPHOME_ADD, MoveAble, Enabled_044, Sequence_044, Nav_CGPHOME_ADD_044, Nav_Tbl_Tag_044) VALUES ( '3OFORGP1', 'QE141', 1, 1, 3, 'Target Premium', NULL)
INSERT INTO Nav_Fields_CGPHOME_ADD( Nav_CGPHOME_ADD_ID, ParentID, FieldName, Enabled_044, Nav_CGPHOME_ADD_044, Script_044, Mandatory_044, Mandatory_Message_044, Default_Value_044, Default_Datatype_044, Tab_Index_044) VALUES ( '3OFORGP2', '3OFORGP1', 'QE141_Cbo_Insurer', 1, 'Best quote given by', NULL, 0, NULL, NULL, 't', NULL)
INSERT INTO Nav_Fields_CGPHOME_ADD( Nav_CGPHOME_ADD_ID, ParentID, FieldName, Enabled_044, Nav_CGPHOME_ADD_044, Script_044, Mandatory_044, Mandatory_Message_044, Default_Value_044, Default_Datatype_044, Tab_Index_044) VALUES ( '3OFORGQ2', '3OFORGP1', 'QE141_Msk_CurrentRenewalDate', 1, 'Current renewal date', NULL, 0, NULL, NULL, 'd', NULL)
INSERT INTO Nav_Fields_CGPHOME_ADD( Nav_CGPHOME_ADD_ID, ParentID, FieldName, Enabled_044, Nav_CGPHOME_ADD_044, Script_044, Mandatory_044, Mandatory_Message_044, Default_Value_044, Default_Datatype_044, Tab_Index_044) VALUES ( '3OFORGQ3', '3OFORGP1', 'QE141_CFd_Premium', 1, 'Previously quoted premium', NULL, 0, NULL, NULL, 'n', NULL)
--Cross Sales
INSERT INTO Nav_Forms_CGPHOME_ADD( Nav_CGPHOME_ADD_ID, Nav_CGPHOME_ADD, MoveAble, Enabled_044, Sequence_044, Nav_CGPHOME_ADD_044, Nav_Tbl_Tag_044) VALUES ( '3OFORGQ4', 'QE107', 1, 1, 4, 'Cross Sales', NULL)
INSERT INTO Nav_Fields_CGPHOME_ADD( Nav_CGPHOME_ADD_ID, ParentID, FieldName, Enabled_044, Nav_CGPHOME_ADD_044, Script_044, Mandatory_044, Mandatory_Message_044, Default_Value_044, Default_Datatype_044, Tab_Index_044) VALUES ( '3OFORGQ5', '3OFORGQ4', 'QE107_Cmb_Product', 1, 'Product', NULL, 0, NULL, NULL, 't', NULL)
INSERT INTO Nav_Fields_CGPHOME_ADD( Nav_CGPHOME_ADD_ID, ParentID, FieldName, Enabled_044, Nav_CGPHOME_ADD_044, Script_044, Mandatory_044, Mandatory_Message_044, Default_Value_044, Default_Datatype_044, Tab_Index_044) VALUES ( '3OFORGQ6', '3OFORGQ4', 'QE107_Msk_RenewalDate', 1, 'Renewal Date', NULL, 0, NULL, NULL, 'd', NULL)
INSERT INTO Nav_Fields_CGPHOME_ADD( Nav_CGPHOME_ADD_ID, ParentID, FieldName, Enabled_044, Nav_CGPHOME_ADD_044, Script_044, Mandatory_044, Mandatory_Message_044, Default_Value_044, Default_Datatype_044, Tab_Index_044) VALUES ( '3OFORGQ7', '3OFORGQ4', 'QE107_CFd_Premium', 1, 'Premium', NULL, 0, NULL, NULL, 'n', NULL)
INSERT INTO Nav_Fields_CGPHOME_ADD( Nav_CGPHOME_ADD_ID, ParentID, FieldName, Enabled_044, Nav_CGPHOME_ADD_044, Script_044, Mandatory_044, Mandatory_Message_044, Default_Value_044, Default_Datatype_044, Tab_Index_044) VALUES ( '3OFORGQ8', '3OFORGQ4', 'QE107_Cmd_Add', 1, 'Add', NULL, 0, NULL, NULL, 'b', NULL)
INSERT INTO Nav_Fields_CGPHOME_ADD( Nav_CGPHOME_ADD_ID, ParentID, FieldName, Enabled_044, Nav_CGPHOME_ADD_044, Script_044, Mandatory_044, Mandatory_Message_044, Default_Value_044, Default_Datatype_044, Tab_Index_044) VALUES ( '3OFORGQ9', '3OFORGQ4', 'QE107_Cmd_Remove', 1, 'Remove', NULL, 0, NULL, NULL, 'b', NULL)
INSERT INTO Nav_Fields_CGPHOME_ADD( Nav_CGPHOME_ADD_ID, ParentID, FieldName, Enabled_044, Nav_CGPHOME_ADD_044, Script_044, Mandatory_044, Mandatory_Message_044, Default_Value_044, Default_Datatype_044, Tab_Index_044) VALUES ( '3OFORGQ0', '3OFORGQ4', 'QE107_Lvw_Products', 1, 'Product List', NULL, 0, NULL, NULL, 'n', NULL)
INSERT INTO Nav_Fields_CGPHOME_ADD( Nav_CGPHOME_ADD_ID, ParentID, FieldName, Enabled_044, Nav_CGPHOME_ADD_044, Script_044, Mandatory_044, Mandatory_Message_044, Default_Value_044, Default_Datatype_044, Tab_Index_044) VALUES ( '3OFORGQ1', '3OFORGQ4', 'QE107_Cmb_Rating', 1, 'Rating', NULL, 0, NULL, NULL, 't', NULL)
--Extensions of Cover
INSERT INTO Nav_Forms_CGPHOME_ADD( Nav_CGPHOME_ADD_ID, Nav_CGPHOME_ADD, MoveAble, Enabled_044, Sequence_044, Nav_CGPHOME_ADD_044, Nav_Tbl_Tag_044) VALUES ( '3OFORGR1', 'QE151', 1, 0, 5, 'Extensions of Cover', NULL)
INSERT INTO Nav_Fields_CGPHOME_ADD( Nav_CGPHOME_ADD_ID, ParentID, FieldName, Enabled_044, Nav_CGPHOME_ADD_044, Script_044, Mandatory_044, Mandatory_Message_044, Default_Value_044, Default_Datatype_044, Tab_Index_044) VALUES ( '3OFORGR2', '3OFORGR1', 'QE151_Lvw_AddOn', 1, 'Extension List', NULL, 0, NULL, NULL, 'n', NULL)
--Add Ons
INSERT INTO Nav_Forms_CGPHOME_ADD( Nav_CGPHOME_ADD_ID, Nav_CGPHOME_ADD, MoveAble, Enabled_044, Sequence_044, Nav_CGPHOME_ADD_044, Nav_Tbl_Tag_044) VALUES ( '3OFORGR3', 'QE165', 1, 0, 6, 'Add Ons', NULL)
INSERT INTO Nav_Fields_CGPHOME_ADD( Nav_CGPHOME_ADD_ID, ParentID, FieldName, Enabled_044, Nav_CGPHOME_ADD_044, Script_044, Mandatory_044, Mandatory_Message_044, Default_Value_044, Default_Datatype_044, Tab_Index_044) VALUES ( '3OFORGR4', '3OFORGR3', 'QE165_Lvw_AddOn', 1, 'Add On List', NULL, 0, NULL, NULL, 'n', NULL)
--Policy Length
INSERT INTO Nav_Forms_CGPHOME_ADD( Nav_CGPHOME_ADD_ID, Nav_CGPHOME_ADD, MoveAble, Enabled_044, Sequence_044, Nav_CGPHOME_ADD_044, Nav_Tbl_Tag_044) VALUES ( '3OFORGR5', 'frmQE_PolicyLength', 1, 0, 7, 'Policy Length Details', NULL)
INSERT INTO Nav_Forms_CGPHOME_ADD( Nav_CGPHOME_ADD_ID, Nav_CGPHOME_ADD, MoveAble, Enabled_044, Sequence_044, Nav_CGPHOME_ADD_044, Nav_Tbl_Tag_044) VALUES ( '3OFORGR6', 'QE90', 1, 0, 8, 'Payment Plan', NULL)
--FSA
INSERT INTO Nav_Forms_CGPHOME_ADD( Nav_CGPHOME_ADD_ID, Nav_CGPHOME_ADD, MoveAble, Enabled_044, Sequence_044, Nav_CGPHOME_ADD_044, Nav_Tbl_Tag_044) VALUES ( '3OFORGR7', 'frmQE_FSAGeneral', 1, 0, 9, 'General FSA Declaration', NULL)
--Summary
INSERT INTO Nav_Forms_CGPHOME_ADD( Nav_CGPHOME_ADD_ID, Nav_CGPHOME_ADD, MoveAble, Enabled_044, Sequence_044, Nav_CGPHOME_ADD_044, Nav_Tbl_Tag_044) VALUES ( '3OFORGR8', 'QS99', 1, 1, 21, 'Park Home Summary', NULL)
GO
  
  GO
  
INSERT INTO Nav_Forms_CGPHOME_IND( Nav_CGPHOME_IND_ID, Nav_CGPHOME_IND, MoveAble, Enabled_044, Sequence_044, Nav_CGPHOME_IND_044, Nav_Tbl_Tag_044) VALUES ( '3OFORGR9', 'TES_Screen_Builder\\CGPHOME\frmPHDETAIL.tst', 1, 1, 11, 'Park Home Details', NULL)
          
INSERT INTO Nav_Fields_CGPHOME_IND( Nav_CGPHOME_IND_ID, ParentID, FieldName, Enabled_044, Nav_CGPHOME_IND_044, Script_044, Mandatory_044, Mandatory_Message_044, Default_Value_044, Default_Datatype_044, Tab_Index_044) VALUES ( '3OFORGR0', '3OFORGR9', 'txtIntParty', 1, 'Interested Party Details', NULL, 0, NULL, NULL, 't', NULL)
					
INSERT INTO Nav_Fields_CGPHOME_IND( Nav_CGPHOME_IND_ID, ParentID, FieldName, Enabled_044, Nav_CGPHOME_IND_044, Script_044, Mandatory_044, Mandatory_Message_044, Default_Value_044, Default_Datatype_044, Tab_Index_044) VALUES ( '3OFORGS0', '3OFORGR9', 'cboWinLocks', 1, 'Window Locks', NULL, 0, NULL, NULL, 't', NULL)
			
INSERT INTO Nav_Fields_CGPHOME_IND( Nav_CGPHOME_IND_ID, ParentID, FieldName, Enabled_044, Nav_CGPHOME_IND_044, Script_044, Mandatory_044, Mandatory_Message_044, Default_Value_044, Default_Datatype_044, Tab_Index_044) VALUES ( '3OFORGS1', '3OFORGR9', 'cboAlarmType', 1, 'Alarm Type', NULL, 0, NULL, NULL, 't', NULL)
			
INSERT INTO Nav_Fields_CGPHOME_IND( Nav_CGPHOME_IND_ID, ParentID, FieldName, Enabled_044, Nav_CGPHOME_IND_044, Script_044, Mandatory_044, Mandatory_Message_044, Default_Value_044, Default_Datatype_044, Tab_Index_044) VALUES ( '3OFORGS2', '3OFORGR9', 'cboDoorLock', 1, 'Door Locks', NULL, 0, NULL, NULL, 't', NULL)
			
INSERT INTO Nav_Fields_CGPHOME_IND( Nav_CGPHOME_IND_ID, ParentID, FieldName, Enabled_044, Nav_CGPHOME_IND_044, Script_044, Mandatory_044, Mandatory_Message_044, Default_Value_044, Default_Datatype_044, Tab_Index_044) VALUES ( '3OFORGS3', '3OFORGR9', 'txtPESpecCount', 1, 'Count of Personal Effects Specified Items', NULL, 0, NULL, NULL, 't', NULL)
					
INSERT INTO Nav_Fields_CGPHOME_IND( Nav_CGPHOME_IND_ID, ParentID, FieldName, Enabled_044, Nav_CGPHOME_IND_044, Script_044, Mandatory_044, Mandatory_Message_044, Default_Value_044, Default_Datatype_044, Tab_Index_044) VALUES ( '3OFORGS4', '3OFORGR9', 'txtContSpecCount', 1, 'Count Of Contents Specified Items', NULL, 0, NULL, NULL, 't', NULL)
					
INSERT INTO Nav_Fields_CGPHOME_IND( Nav_CGPHOME_IND_ID, ParentID, FieldName, Enabled_044, Nav_CGPHOME_IND_044, Script_044, Mandatory_044, Mandatory_Message_044, Default_Value_044, Default_Datatype_044, Tab_Index_044) VALUES ( '3OFORGS5', '3OFORGR9', 'cfdTotalSI', 1, 'TotalSI', NULL, 0, NULL, NULL, 't', NULL)
			
INSERT INTO Nav_Fields_CGPHOME_IND( Nav_CGPHOME_IND_ID, ParentID, FieldName, Enabled_044, Nav_CGPHOME_IND_044, Script_044, Mandatory_044, Mandatory_Message_044, Default_Value_044, Default_Datatype_044, Tab_Index_044) VALUES ( '3OFORGS6', '3OFORGR9', 'cboCycleCover', 1, 'Pedal Cycle Cover', NULL, 0, NULL, NULL, 't', NULL)
			
INSERT INTO Nav_Fields_CGPHOME_IND( Nav_CGPHOME_IND_ID, ParentID, FieldName, Enabled_044, Nav_CGPHOME_IND_044, Script_044, Mandatory_044, Mandatory_Message_044, Default_Value_044, Default_Datatype_044, Tab_Index_044) VALUES ( '3OFORGS7', '3OFORGR9', 'cboPECover', 1, 'Personal Effects and Money', NULL, 0, NULL, NULL, 't', NULL)
			
INSERT INTO Nav_Fields_CGPHOME_IND( Nav_CGPHOME_IND_ID, ParentID, FieldName, Enabled_044, Nav_CGPHOME_IND_044, Script_044, Mandatory_044, Mandatory_Message_044, Default_Value_044, Default_Datatype_044, Tab_Index_044) VALUES ( '3OFORGS8', '3OFORGR9', 'chkADCover', 1, 'Accidental Damage Cover', NULL, 0, NULL, NULL, 'b', NULL)
			
INSERT INTO Nav_Fields_CGPHOME_IND( Nav_CGPHOME_IND_ID, ParentID, FieldName, Enabled_044, Nav_CGPHOME_IND_044, Script_044, Mandatory_044, Mandatory_Message_044, Default_Value_044, Default_Datatype_044, Tab_Index_044) VALUES ( '3OFORGT8', '3OFORGR9', 'cfdContentSI', 1, 'Contents SI', NULL, 0, NULL, NULL, 't', NULL)
			
INSERT INTO Nav_Fields_CGPHOME_IND( Nav_CGPHOME_IND_ID, ParentID, FieldName, Enabled_044, Nav_CGPHOME_IND_044, Script_044, Mandatory_044, Mandatory_Message_044, Default_Value_044, Default_Datatype_044, Tab_Index_044) VALUES ( '3OFORGT9', '3OFORGR9', 'cfdPHSI', 1, 'Park Home SI', NULL, 0, NULL, NULL, 't', NULL)
			
INSERT INTO Nav_Fields_CGPHOME_IND( Nav_CGPHOME_IND_ID, ParentID, FieldName, Enabled_044, Nav_CGPHOME_IND_044, Script_044, Mandatory_044, Mandatory_Message_044, Default_Value_044, Default_Datatype_044, Tab_Index_044) VALUES ( '3OFORGT0', '3OFORGR9', 'chkGSORepair', 1, 'Good State of Repair', NULL, 0, NULL, NULL, 'b', NULL)
			
INSERT INTO Nav_Fields_CGPHOME_IND( Nav_CGPHOME_IND_ID, ParentID, FieldName, Enabled_044, Nav_CGPHOME_IND_044, Script_044, Mandatory_044, Mandatory_Message_044, Default_Value_044, Default_Datatype_044, Tab_Index_044) VALUES ( '3OFORGT1', '3OFORGR9', 'chkSmoke', 1, 'Smoke Detectors?', NULL, 0, NULL, NULL, 'b', NULL)
			
INSERT INTO Nav_Fields_CGPHOME_IND( Nav_CGPHOME_IND_ID, ParentID, FieldName, Enabled_044, Nav_CGPHOME_IND_044, Script_044, Mandatory_044, Mandatory_Message_044, Default_Value_044, Default_Datatype_044, Tab_Index_044) VALUES ( '3OFORGT2', '3OFORGR9', 'chkFinanced', 1, 'Financed', NULL, 0, NULL, NULL, 'b', NULL)
			
INSERT INTO Nav_Fields_CGPHOME_IND( Nav_CGPHOME_IND_ID, ParentID, FieldName, Enabled_044, Nav_CGPHOME_IND_044, Script_044, Mandatory_044, Mandatory_Message_044, Default_Value_044, Default_Datatype_044, Tab_Index_044) VALUES ( '3OFORGT3', '3OFORGR9', 'cboFlatorFelt', 1, 'Flat or Felt Roof', NULL, 0, NULL, NULL, 't', NULL)
			
INSERT INTO Nav_Fields_CGPHOME_IND( Nav_CGPHOME_IND_ID, ParentID, FieldName, Enabled_044, Nav_CGPHOME_IND_044, Script_044, Mandatory_044, Mandatory_Message_044, Default_Value_044, Default_Datatype_044, Tab_Index_044) VALUES ( '3OFORGT4', '3OFORGR9', 'cboYOManufacture', 1, 'Year Of Manufacture', NULL, 0, NULL, NULL, 't', NULL)
			
INSERT INTO Nav_Fields_CGPHOME_IND( Nav_CGPHOME_IND_ID, ParentID, FieldName, Enabled_044, Nav_CGPHOME_IND_044, Script_044, Mandatory_044, Mandatory_Message_044, Default_Value_044, Default_Datatype_044, Tab_Index_044) VALUES ( '3OFORGT5', '3OFORGR9', 'txtType', 1, 'Type', NULL, 0, NULL, NULL, 't', NULL)
					
INSERT INTO Nav_Fields_CGPHOME_IND( Nav_CGPHOME_IND_ID, ParentID, FieldName, Enabled_044, Nav_CGPHOME_IND_044, Script_044, Mandatory_044, Mandatory_Message_044, Default_Value_044, Default_Datatype_044, Tab_Index_044) VALUES ( '3OFORGT6', '3OFORGR9', 'cboModel', 1, 'Model', NULL, 0, NULL, NULL, 't', NULL)
			
INSERT INTO Nav_Fields_CGPHOME_IND( Nav_CGPHOME_IND_ID, ParentID, FieldName, Enabled_044, Nav_CGPHOME_IND_044, Script_044, Mandatory_044, Mandatory_Message_044, Default_Value_044, Default_Datatype_044, Tab_Index_044) VALUES ( '3OFORGT7', '3OFORGR9', 'cboMake', 1, 'Make', NULL, 0, NULL, NULL, 't', NULL)
			
INSERT INTO Nav_Forms_CGPHOME_IND( Nav_CGPHOME_IND_ID, Nav_CGPHOME_IND, MoveAble, Enabled_044, Sequence_044, Nav_CGPHOME_IND_044, Nav_Tbl_Tag_044) VALUES ( '3OFORGU7', 'TES_Screen_Builder\\CGPHOME\frmSPECCONT.tst', 1, 1, 13, 'Contents Specified Items', NULL)
          
INSERT INTO Nav_Fields_CGPHOME_IND( Nav_CGPHOME_IND_ID, ParentID, FieldName, Enabled_044, Nav_CGPHOME_IND_044, Script_044, Mandatory_044, Mandatory_Message_044, Default_Value_044, Default_Datatype_044, Tab_Index_044) VALUES ( '3OFORGU8', '3OFORGU7', 'txtdummy', 1, 'Dummy', NULL, 0, NULL, NULL, 't', NULL)
					
INSERT INTO Nav_Fields_CGPHOME_IND( Nav_CGPHOME_IND_ID, ParentID, FieldName, Enabled_044, Nav_CGPHOME_IND_044, Script_044, Mandatory_044, Mandatory_Message_044, Default_Value_044, Default_Datatype_044, Tab_Index_044) VALUES ( '3OFORGU9', '3OFORGU7', 'cmdREMSPECCONT', 1, 'Remove Specified Contents', NULL, 0, NULL, NULL, 'b', NULL)
			
INSERT INTO Nav_Fields_CGPHOME_IND( Nav_CGPHOME_IND_ID, ParentID, FieldName, Enabled_044, Nav_CGPHOME_IND_044, Script_044, Mandatory_044, Mandatory_Message_044, Default_Value_044, Default_Datatype_044, Tab_Index_044) VALUES ( '3OFORGU0', '3OFORGU7', 'cmdEditSpecCont', 1, 'Edit Specified Contents', NULL, 0, NULL, NULL, 'b', NULL)
			
INSERT INTO Nav_Fields_CGPHOME_IND( Nav_CGPHOME_IND_ID, ParentID, FieldName, Enabled_044, Nav_CGPHOME_IND_044, Script_044, Mandatory_044, Mandatory_Message_044, Default_Value_044, Default_Datatype_044, Tab_Index_044) VALUES ( '3OFORGU1', '3OFORGU7', 'cmdAddSpecCont', 1, 'Add Specified Contents', NULL, 0, NULL, NULL, 'b', NULL)
			
INSERT INTO Nav_Fields_CGPHOME_IND( Nav_CGPHOME_IND_ID, ParentID, FieldName, Enabled_044, Nav_CGPHOME_IND_044, Script_044, Mandatory_044, Mandatory_Message_044, Default_Value_044, Default_Datatype_044, Tab_Index_044) VALUES ( '3OFORGU2', '3OFORGU7', 'lvwSPECCONTLIST', 1, 'Specified Contents List', NULL, 0, NULL, NULL, 'n', NULL)
			
INSERT INTO Nav_Forms_CGPHOME_IND( Nav_CGPHOME_IND_ID, Nav_CGPHOME_IND, MoveAble, Enabled_044, Sequence_044, Nav_CGPHOME_IND_044, Nav_Tbl_Tag_044) VALUES ( '3OFORGU3', 'TES_Screen_Builder\\CGPHOME\frmSPECPE.tst', 1, 1, 12, 'Personal Effects Specified Items', NULL)
          
INSERT INTO Nav_Fields_CGPHOME_IND( Nav_CGPHOME_IND_ID, ParentID, FieldName, Enabled_044, Nav_CGPHOME_IND_044, Script_044, Mandatory_044, Mandatory_Message_044, Default_Value_044, Default_Datatype_044, Tab_Index_044) VALUES ( '3OFORGU4', '3OFORGU3', 'txtDummy', 1, 'Dummy', NULL, 0, NULL, NULL, 't', NULL)
					
INSERT INTO Nav_Fields_CGPHOME_IND( Nav_CGPHOME_IND_ID, ParentID, FieldName, Enabled_044, Nav_CGPHOME_IND_044, Script_044, Mandatory_044, Mandatory_Message_044, Default_Value_044, Default_Datatype_044, Tab_Index_044) VALUES ( '3OFORGU5', '3OFORGU3', 'cmdREMSPECPE', 1, 'Remove Specified Personal Item', NULL, 0, NULL, NULL, 'b', NULL)
			
INSERT INTO Nav_Fields_CGPHOME_IND( Nav_CGPHOME_IND_ID, ParentID, FieldName, Enabled_044, Nav_CGPHOME_IND_044, Script_044, Mandatory_044, Mandatory_Message_044, Default_Value_044, Default_Datatype_044, Tab_Index_044) VALUES ( '3OFORGU6', '3OFORGU3', 'cmdEditSpecPE', 1, 'Edit Specified Personal Item', NULL, 0, NULL, NULL, 'b', NULL)
			
INSERT INTO Nav_Fields_CGPHOME_IND( Nav_CGPHOME_IND_ID, ParentID, FieldName, Enabled_044, Nav_CGPHOME_IND_044, Script_044, Mandatory_044, Mandatory_Message_044, Default_Value_044, Default_Datatype_044, Tab_Index_044) VALUES ( '3OFORGV6', '3OFORGU3', 'cmdADDSPECPE', 1, 'Add A Specified Item PE', NULL, 0, NULL, NULL, 'b', NULL)
			
INSERT INTO Nav_Fields_CGPHOME_IND( Nav_CGPHOME_IND_ID, ParentID, FieldName, Enabled_044, Nav_CGPHOME_IND_044, Script_044, Mandatory_044, Mandatory_Message_044, Default_Value_044, Default_Datatype_044, Tab_Index_044) VALUES ( '3OFORGV7', '3OFORGU3', 'lvwSPECPELIST', 1, 'List of Specified Personal Effects', NULL, 0, NULL, NULL, 'n', NULL)
			
INSERT INTO Nav_Forms_CGPHOME_IND( Nav_CGPHOME_IND_ID, Nav_CGPHOME_IND, MoveAble, Enabled_044, Sequence_044, Nav_CGPHOME_IND_044, Nav_Tbl_Tag_044) VALUES ( '3OFORGV8', 'TES_Screen_Builder\\CGPHOME\frmPARKDETA.tst', 1, 1, 14, 'Park Home Estate Details', NULL)
          
INSERT INTO Nav_Fields_CGPHOME_IND( Nav_CGPHOME_IND_ID, ParentID, FieldName, Enabled_044, Nav_CGPHOME_IND_044, Script_044, Mandatory_044, Mandatory_Message_044, Default_Value_044, Default_Datatype_044, Tab_Index_044) VALUES ( '3OFORGV9', '3OFORGV8', 'cboUnoccupied', 1, 'Unoccupancy Duration', NULL, 0, NULL, NULL, 't', NULL)
			
INSERT INTO Nav_Fields_CGPHOME_IND( Nav_CGPHOME_IND_ID, ParentID, FieldName, Enabled_044, Nav_CGPHOME_IND_044, Script_044, Mandatory_044, Mandatory_Message_044, Default_Value_044, Default_Datatype_044, Tab_Index_044) VALUES ( '3OFORGV0', '3OFORGV8', 'chkRegSite', 1, 'Registered Site', NULL, 0, NULL, NULL, 'b', NULL)
			
INSERT INTO Nav_Fields_CGPHOME_IND( Nav_CGPHOME_IND_ID, ParentID, FieldName, Enabled_044, Nav_CGPHOME_IND_044, Script_044, Mandatory_044, Mandatory_Message_044, Default_Value_044, Default_Datatype_044, Tab_Index_044) VALUES ( '3OFORGV1', '3OFORGV8', 'cboBusinessUse', 1, 'Used For Business?', NULL, 0, NULL, NULL, 't', NULL)
			
INSERT INTO Nav_Fields_CGPHOME_IND( Nav_CGPHOME_IND_ID, ParentID, FieldName, Enabled_044, Nav_CGPHOME_IND_044, Script_044, Mandatory_044, Mandatory_Message_044, Default_Value_044, Default_Datatype_044, Tab_Index_044) VALUES ( '3OFORGV2', '3OFORGV8', 'txtNumOnSite', 1, 'Number of Park Homes on Site', NULL, 0, NULL, NULL, 't', NULL)
					
INSERT INTO Nav_Forms_CGPHOME_IND( Nav_CGPHOME_IND_ID, Nav_CGPHOME_IND, MoveAble, Enabled_044, Sequence_044, Nav_CGPHOME_IND_044, Nav_Tbl_Tag_044) VALUES ( '3OFORGV3', 'TES_Screen_Builder\\CGPHOME\frmCLAIMSUM.tst', 1, 1, 15, 'Claims Summary', NULL)
          
INSERT INTO Nav_Fields_CGPHOME_IND( Nav_CGPHOME_IND_ID, ParentID, FieldName, Enabled_044, Nav_CGPHOME_IND_044, Script_044, Mandatory_044, Mandatory_Message_044, Default_Value_044, Default_Datatype_044, Tab_Index_044) VALUES ( '3OFORGV4', '3OFORGV3', 'cmdRemoveClaim', 1, 'Remove Claim', NULL, 0, NULL, NULL, 'b', NULL)
			
INSERT INTO Nav_Fields_CGPHOME_IND( Nav_CGPHOME_IND_ID, ParentID, FieldName, Enabled_044, Nav_CGPHOME_IND_044, Script_044, Mandatory_044, Mandatory_Message_044, Default_Value_044, Default_Datatype_044, Tab_Index_044) VALUES ( '3OFORH04', '3OFORGV3', 'cmdEditClaim', 1, 'Edit Claim', NULL, 0, NULL, NULL, 'b', NULL)
			
INSERT INTO Nav_Fields_CGPHOME_IND( Nav_CGPHOME_IND_ID, ParentID, FieldName, Enabled_044, Nav_CGPHOME_IND_044, Script_044, Mandatory_044, Mandatory_Message_044, Default_Value_044, Default_Datatype_044, Tab_Index_044) VALUES ( '3OFORH05', '3OFORGV3', 'cmdAddClaim', 1, 'Add Claim', NULL, 0, NULL, NULL, 'b', NULL)
			
INSERT INTO Nav_Fields_CGPHOME_IND( Nav_CGPHOME_IND_ID, ParentID, FieldName, Enabled_044, Nav_CGPHOME_IND_044, Script_044, Mandatory_044, Mandatory_Message_044, Default_Value_044, Default_Datatype_044, Tab_Index_044) VALUES ( '3OFORH06', '3OFORGV3', 'lvwClaimSummary', 1, 'Claims Summary Table', NULL, 0, NULL, NULL, 'n', NULL)
			
INSERT INTO Nav_Forms_CGPHOME_IND( Nav_CGPHOME_IND_ID, Nav_CGPHOME_IND, MoveAble, Enabled_044, Sequence_044, Nav_CGPHOME_IND_044, Nav_Tbl_Tag_044) VALUES ( '3OFORH07', 'TES_Screen_Builder\\CGPHOME\frmXSANDNCD.tst', 1, 1, 16, 'Excess And NCD', NULL)
          
INSERT INTO Nav_Fields_CGPHOME_IND( Nav_CGPHOME_IND_ID, ParentID, FieldName, Enabled_044, Nav_CGPHOME_IND_044, Script_044, Mandatory_044, Mandatory_Message_044, Default_Value_044, Default_Datatype_044, Tab_Index_044) VALUES ( '3OFORH08', '3OFORH07', 'cboNCD', 1, 'No Claims Discount', NULL, 0, NULL, NULL, 't', NULL)
			
INSERT INTO Nav_Fields_CGPHOME_IND( Nav_CGPHOME_IND_ID, ParentID, FieldName, Enabled_044, Nav_CGPHOME_IND_044, Script_044, Mandatory_044, Mandatory_Message_044, Default_Value_044, Default_Datatype_044, Tab_Index_044) VALUES ( '3OFORH09', '3OFORH07', 'cboExcess', 1, 'Excess', NULL, 0, NULL, NULL, 't', NULL)
			
INSERT INTO Nav_Forms_CGPHOME_IND( Nav_CGPHOME_IND_ID, Nav_CGPHOME_IND, MoveAble, Enabled_044, Sequence_044, Nav_CGPHOME_IND_044, Nav_Tbl_Tag_044) VALUES ( '3OFORH00', 'TES_Screen_Builder\\CGPHOME\frmProposer.tst', 1, 1, 10, '', NULL)
          
INSERT INTO Nav_Fields_CGPHOME_IND( Nav_CGPHOME_IND_ID, ParentID, FieldName, Enabled_044, Nav_CGPHOME_IND_044, Script_044, Mandatory_044, Mandatory_Message_044, Default_Value_044, Default_Datatype_044, Tab_Index_044) VALUES ( '3OFORH01', '3OFORH00', 'cmdOccRemove', 1, 'Occupation Remove', NULL, 0, NULL, NULL, 'b', NULL)
			
INSERT INTO Nav_Fields_CGPHOME_IND( Nav_CGPHOME_IND_ID, ParentID, FieldName, Enabled_044, Nav_CGPHOME_IND_044, Script_044, Mandatory_044, Mandatory_Message_044, Default_Value_044, Default_Datatype_044, Tab_Index_044) VALUES ( '3OFORH02', '3OFORH00', 'cmdOccView', 1, 'Occupation View', NULL, 0, NULL, NULL, 'b', NULL)
			
INSERT INTO Nav_Fields_CGPHOME_IND( Nav_CGPHOME_IND_ID, ParentID, FieldName, Enabled_044, Nav_CGPHOME_IND_044, Script_044, Mandatory_044, Mandatory_Message_044, Default_Value_044, Default_Datatype_044, Tab_Index_044) VALUES ( '3OFORH03', '3OFORH00', 'cmdOccAdd', 1, 'Occupation Add', NULL, 0, NULL, NULL, 'b', NULL)
			
INSERT INTO Nav_Fields_CGPHOME_IND( Nav_CGPHOME_IND_ID, ParentID, FieldName, Enabled_044, Nav_CGPHOME_IND_044, Script_044, Mandatory_044, Mandatory_Message_044, Default_Value_044, Default_Datatype_044, Tab_Index_044) VALUES ( '3OFORH13', '3OFORH00', 'lvwOccList', 1, 'Occupation List', NULL, 0, NULL, NULL, 'n', NULL)
			
INSERT INTO Nav_Fields_CGPHOME_IND( Nav_CGPHOME_IND_ID, ParentID, FieldName, Enabled_044, Nav_CGPHOME_IND_044, Script_044, Mandatory_044, Mandatory_Message_044, Default_Value_044, Default_Datatype_044, Tab_Index_044) VALUES ( '3OFORH14', '3OFORH00', 'cboRelationship', 1, 'Relationship', NULL, 0, NULL, NULL, 't', NULL)
			
INSERT INTO Nav_Fields_CGPHOME_IND( Nav_CGPHOME_IND_ID, ParentID, FieldName, Enabled_044, Nav_CGPHOME_IND_044, Script_044, Mandatory_044, Mandatory_Message_044, Default_Value_044, Default_Datatype_044, Tab_Index_044) VALUES ( '3OFORH15', '3OFORH00', 'cboMaritalStatus', 1, 'Marital Status', NULL, 0, NULL, NULL, 't', NULL)
			
INSERT INTO Nav_Fields_CGPHOME_IND( Nav_CGPHOME_IND_ID, ParentID, FieldName, Enabled_044, Nav_CGPHOME_IND_044, Script_044, Mandatory_044, Mandatory_Message_044, Default_Value_044, Default_Datatype_044, Tab_Index_044) VALUES ( '3OFORH16', '3OFORH00', 'txtAge', 1, 'Age', NULL, 0, NULL, NULL, 't', NULL)
					
INSERT INTO Nav_Fields_CGPHOME_IND( Nav_CGPHOME_IND_ID, ParentID, FieldName, Enabled_044, Nav_CGPHOME_IND_044, Script_044, Mandatory_044, Mandatory_Message_044, Default_Value_044, Default_Datatype_044, Tab_Index_044) VALUES ( '3OFORH17', '3OFORH00', 'mskDOB', 1, 'DOB', NULL, 0, NULL, NULL, 'd', NULL)
			
INSERT INTO Nav_Fields_CGPHOME_IND( Nav_CGPHOME_IND_ID, ParentID, FieldName, Enabled_044, Nav_CGPHOME_IND_044, Script_044, Mandatory_044, Mandatory_Message_044, Default_Value_044, Default_Datatype_044, Tab_Index_044) VALUES ( '3OFORH18', '3OFORH00', 'txtSurname', 1, 'Surname', NULL, 0, NULL, NULL, 't', NULL)
					
INSERT INTO Nav_Fields_CGPHOME_IND( Nav_CGPHOME_IND_ID, ParentID, FieldName, Enabled_044, Nav_CGPHOME_IND_044, Script_044, Mandatory_044, Mandatory_Message_044, Default_Value_044, Default_Datatype_044, Tab_Index_044) VALUES ( '3OFORH19', '3OFORH00', 'txtInitials', 1, 'Other Initials', NULL, 0, NULL, NULL, 't', NULL)
					
INSERT INTO Nav_Fields_CGPHOME_IND( Nav_CGPHOME_IND_ID, ParentID, FieldName, Enabled_044, Nav_CGPHOME_IND_044, Script_044, Mandatory_044, Mandatory_Message_044, Default_Value_044, Default_Datatype_044, Tab_Index_044) VALUES ( '3OFORH10', '3OFORH00', 'txtForename', 1, 'Forename', NULL, 0, NULL, NULL, 't', NULL)
					
INSERT INTO Nav_Fields_CGPHOME_IND( Nav_CGPHOME_IND_ID, ParentID, FieldName, Enabled_044, Nav_CGPHOME_IND_044, Script_044, Mandatory_044, Mandatory_Message_044, Default_Value_044, Default_Datatype_044, Tab_Index_044) VALUES ( '3OFORH11', '3OFORH00', 'optCompany', 1, 'Company', NULL, 0, NULL, NULL, 'b', NULL)
			
INSERT INTO Nav_Fields_CGPHOME_IND( Nav_CGPHOME_IND_ID, ParentID, FieldName, Enabled_044, Nav_CGPHOME_IND_044, Script_044, Mandatory_044, Mandatory_Message_044, Default_Value_044, Default_Datatype_044, Tab_Index_044) VALUES ( '3OFORH21', '3OFORH00', 'optNA', 1, 'N/A', NULL, 0, NULL, NULL, 'b', NULL)
			
INSERT INTO Nav_Fields_CGPHOME_IND( Nav_CGPHOME_IND_ID, ParentID, FieldName, Enabled_044, Nav_CGPHOME_IND_044, Script_044, Mandatory_044, Mandatory_Message_044, Default_Value_044, Default_Datatype_044, Tab_Index_044) VALUES ( '3OFORH22', '3OFORH00', 'optFemale', 1, 'Female', NULL, 0, NULL, NULL, 'b', NULL)
			
INSERT INTO Nav_Fields_CGPHOME_IND( Nav_CGPHOME_IND_ID, ParentID, FieldName, Enabled_044, Nav_CGPHOME_IND_044, Script_044, Mandatory_044, Mandatory_Message_044, Default_Value_044, Default_Datatype_044, Tab_Index_044) VALUES ( '3OFORH23', '3OFORH00', 'optMale', 1, 'Male', NULL, 0, NULL, NULL, 'b', NULL)
			
INSERT INTO Nav_Fields_CGPHOME_IND( Nav_CGPHOME_IND_ID, ParentID, FieldName, Enabled_044, Nav_CGPHOME_IND_044, Script_044, Mandatory_044, Mandatory_Message_044, Default_Value_044, Default_Datatype_044, Tab_Index_044) VALUES ( '3OFORH24', '3OFORH00', 'cboTitle', 1, 'Title', NULL, 0, NULL, NULL, 't', NULL)
			
INSERT INTO Nav_Forms_CGPHOME_IND( Nav_CGPHOME_IND_ID, Nav_CGPHOME_IND, MoveAble, Enabled_044, Sequence_044, Nav_CGPHOME_IND_044, Nav_Tbl_Tag_044) VALUES ( '3OFORH25', 'TES_Screen_Builder\\CGPHOME\frmGeneral.tst', 1, 1, 17, 'General Questions', NULL)
          
INSERT INTO Nav_Fields_CGPHOME_IND( Nav_CGPHOME_IND_ID, ParentID, FieldName, Enabled_044, Nav_CGPHOME_IND_044, Script_044, Mandatory_044, Mandatory_Message_044, Default_Value_044, Default_Datatype_044, Tab_Index_044) VALUES ( '3OFORH26', '3OFORH25', 'txtDetails', 1, 'Details', NULL, 0, NULL, NULL, 't', NULL)
					
INSERT INTO Nav_Fields_CGPHOME_IND( Nav_CGPHOME_IND_ID, ParentID, FieldName, Enabled_044, Nav_CGPHOME_IND_044, Script_044, Mandatory_044, Mandatory_Message_044, Default_Value_044, Default_Datatype_044, Tab_Index_044) VALUES ( '3OFORH27', '3OFORH25', 'chkRequested', 1, 'Requested', NULL, 0, NULL, NULL, 'b', NULL)
			
INSERT INTO Nav_Fields_CGPHOME_IND( Nav_CGPHOME_IND_ID, ParentID, FieldName, Enabled_044, Nav_CGPHOME_IND_044, Script_044, Mandatory_044, Mandatory_Message_044, Default_Value_044, Default_Datatype_044, Tab_Index_044) VALUES ( '3OFORH28', '3OFORH25', 'chkConvicted', 1, 'Convicted', NULL, 0, NULL, NULL, 'b', NULL)
			
INSERT INTO Nav_Fields_CGPHOME_IND( Nav_CGPHOME_IND_ID, ParentID, FieldName, Enabled_044, Nav_CGPHOME_IND_044, Script_044, Mandatory_044, Mandatory_Message_044, Default_Value_044, Default_Datatype_044, Tab_Index_044) VALUES ( '3OFORH29', '3OFORH25', 'chkRefused', 1, 'Refused', NULL, 0, NULL, NULL, 'b', NULL)
			
INSERT INTO Nav_Forms_CGPHOME_IND( Nav_CGPHOME_IND_ID, Nav_CGPHOME_IND, MoveAble, Enabled_044, Sequence_044, Nav_CGPHOME_IND_044, Nav_Tbl_Tag_044) VALUES ( '3OFORH20', 'TES_Screen_Builder\\CGPHOME\frmCLAIMDET.tst', 1, 1, 9, 'Claim Details', NULL)
          
INSERT INTO Nav_Fields_CGPHOME_IND( Nav_CGPHOME_IND_ID, ParentID, FieldName, Enabled_044, Nav_CGPHOME_IND_044, Script_044, Mandatory_044, Mandatory_Message_044, Default_Value_044, Default_Datatype_044, Tab_Index_044) VALUES ( '3OFORH30', '3OFORH20', 'txtNewNotes', 1, 'New Notes', NULL, 0, NULL, NULL, 't', NULL)
					
INSERT INTO Nav_Fields_CGPHOME_IND( Nav_CGPHOME_IND_ID, ParentID, FieldName, Enabled_044, Nav_CGPHOME_IND_044, Script_044, Mandatory_044, Mandatory_Message_044, Default_Value_044, Default_Datatype_044, Tab_Index_044) VALUES ( '3OFORH31', '3OFORH20', 'cmdAddNotes', 1, 'Add Notes', NULL, 0, NULL, NULL, 'b', NULL)
			
INSERT INTO Nav_Fields_CGPHOME_IND( Nav_CGPHOME_IND_ID, ParentID, FieldName, Enabled_044, Nav_CGPHOME_IND_044, Script_044, Mandatory_044, Mandatory_Message_044, Default_Value_044, Default_Datatype_044, Tab_Index_044) VALUES ( '3OFORH32', '3OFORH20', 'txtNotesView', 1, 'Notes View', NULL, 0, NULL, NULL, 't', NULL)
					
INSERT INTO Nav_Fields_CGPHOME_IND( Nav_CGPHOME_IND_ID, ParentID, FieldName, Enabled_044, Nav_CGPHOME_IND_044, Script_044, Mandatory_044, Mandatory_Message_044, Default_Value_044, Default_Datatype_044, Tab_Index_044) VALUES ( '3OFORH33', '3OFORH20', 'chkAtFault', 1, 'At Fault', NULL, 0, NULL, NULL, 'b', NULL)
			
INSERT INTO Nav_Fields_CGPHOME_IND( Nav_CGPHOME_IND_ID, ParentID, FieldName, Enabled_044, Nav_CGPHOME_IND_044, Script_044, Mandatory_044, Mandatory_Message_044, Default_Value_044, Default_Datatype_044, Tab_Index_044) VALUES ( '3OFORH34', '3OFORH20', 'chkIncOnThisPolicy', 1, 'Incurred On This Policy', NULL, 0, NULL, NULL, 'b', NULL)
			
INSERT INTO Nav_Fields_CGPHOME_IND( Nav_CGPHOME_IND_ID, ParentID, FieldName, Enabled_044, Nav_CGPHOME_IND_044, Script_044, Mandatory_044, Mandatory_Message_044, Default_Value_044, Default_Datatype_044, Tab_Index_044) VALUES ( '3OFORH35', '3OFORH20', 'chkNCDPredjudiced', 1, 'NCD Predjudiced', NULL, 0, NULL, NULL, 'b', NULL)
			
INSERT INTO Nav_Fields_CGPHOME_IND( Nav_CGPHOME_IND_ID, ParentID, FieldName, Enabled_044, Nav_CGPHOME_IND_044, Script_044, Mandatory_044, Mandatory_Message_044, Default_Value_044, Default_Datatype_044, Tab_Index_044) VALUES ( '3OFORH36', '3OFORH20', 'txtLegalRef', 1, 'Legal Reference Number', NULL, 0, NULL, NULL, 't', NULL)
					
INSERT INTO Nav_Fields_CGPHOME_IND( Nav_CGPHOME_IND_ID, ParentID, FieldName, Enabled_044, Nav_CGPHOME_IND_044, Script_044, Mandatory_044, Mandatory_Message_044, Default_Value_044, Default_Datatype_044, Tab_Index_044) VALUES ( '3OFORH37', '3OFORH20', 'cfdSettledAmount', 1, 'Settled Amount', NULL, 0, NULL, NULL, 't', NULL)
			
INSERT INTO Nav_Fields_CGPHOME_IND( Nav_CGPHOME_IND_ID, ParentID, FieldName, Enabled_044, Nav_CGPHOME_IND_044, Script_044, Mandatory_044, Mandatory_Message_044, Default_Value_044, Default_Datatype_044, Tab_Index_044) VALUES ( '3OFORH38', '3OFORH20', 'mskSettledDate', 1, 'Settlement Date', NULL, 0, NULL, NULL, 'd', NULL)
			
INSERT INTO Nav_Fields_CGPHOME_IND( Nav_CGPHOME_IND_ID, ParentID, FieldName, Enabled_044, Nav_CGPHOME_IND_044, Script_044, Mandatory_044, Mandatory_Message_044, Default_Value_044, Default_Datatype_044, Tab_Index_044) VALUES ( '3OFORH39', '3OFORH20', 'cfdAmountClaimed', 1, 'Amount Claimed', NULL, 0, NULL, NULL, 't', NULL)
			
INSERT INTO Nav_Fields_CGPHOME_IND( Nav_CGPHOME_IND_ID, ParentID, FieldName, Enabled_044, Nav_CGPHOME_IND_044, Script_044, Mandatory_044, Mandatory_Message_044, Default_Value_044, Default_Datatype_044, Tab_Index_044) VALUES ( '3OFORH49', '3OFORH20', 'txtDescription', 1, 'Claim Description', NULL, 0, NULL, NULL, 't', NULL)
					
INSERT INTO Nav_Fields_CGPHOME_IND( Nav_CGPHOME_IND_ID, ParentID, FieldName, Enabled_044, Nav_CGPHOME_IND_044, Script_044, Mandatory_044, Mandatory_Message_044, Default_Value_044, Default_Datatype_044, Tab_Index_044) VALUES ( '3OFORH40', '3OFORH20', 'cboClaimStatus', 1, 'Claim Status', NULL, 0, NULL, NULL, 't', NULL)
			
INSERT INTO Nav_Fields_CGPHOME_IND( Nav_CGPHOME_IND_ID, ParentID, FieldName, Enabled_044, Nav_CGPHOME_IND_044, Script_044, Mandatory_044, Mandatory_Message_044, Default_Value_044, Default_Datatype_044, Tab_Index_044) VALUES ( '3OFORH41', '3OFORH20', 'cboClaimDetails', 1, 'Claim Details', NULL, 0, NULL, NULL, 't', NULL)
			
INSERT INTO Nav_Fields_CGPHOME_IND( Nav_CGPHOME_IND_ID, ParentID, FieldName, Enabled_044, Nav_CGPHOME_IND_044, Script_044, Mandatory_044, Mandatory_Message_044, Default_Value_044, Default_Datatype_044, Tab_Index_044) VALUES ( '3OFORH42', '3OFORH20', 'cboClaimType', 1, 'Claim Type', NULL, 0, NULL, NULL, 't', NULL)
			
INSERT INTO Nav_Fields_CGPHOME_IND( Nav_CGPHOME_IND_ID, ParentID, FieldName, Enabled_044, Nav_CGPHOME_IND_044, Script_044, Mandatory_044, Mandatory_Message_044, Default_Value_044, Default_Datatype_044, Tab_Index_044) VALUES ( '3OFORH43', '3OFORH20', 'mskIncidTime', 1, 'Incident Time', NULL, 0, NULL, NULL, 'd', NULL)
			
INSERT INTO Nav_Fields_CGPHOME_IND( Nav_CGPHOME_IND_ID, ParentID, FieldName, Enabled_044, Nav_CGPHOME_IND_044, Script_044, Mandatory_044, Mandatory_Message_044, Default_Value_044, Default_Datatype_044, Tab_Index_044) VALUES ( '3OFORH44', '3OFORH20', 'mskIncidDate', 1, 'Incident Date', NULL, 0, NULL, NULL, 'd', NULL)
			
INSERT INTO Nav_Fields_CGPHOME_IND( Nav_CGPHOME_IND_ID, ParentID, FieldName, Enabled_044, Nav_CGPHOME_IND_044, Script_044, Mandatory_044, Mandatory_Message_044, Default_Value_044, Default_Datatype_044, Tab_Index_044) VALUES ( '3OFORH45', '3OFORH20', 'txtClaimRef', 1, 'Claim Reference', NULL, 0, NULL, NULL, 't', NULL)
					
INSERT INTO Nav_Forms_CGPHOME_IND( Nav_CGPHOME_IND_ID, Nav_CGPHOME_IND, MoveAble, Enabled_044, Sequence_044, Nav_CGPHOME_IND_044, Nav_Tbl_Tag_044) VALUES ( '3OFORH46', 'TES_Screen_Builder\\CGPHOME\frmITEMSPEC.tst', 1, 1, 9, 'Specified Items', NULL)
          
INSERT INTO Nav_Fields_CGPHOME_IND( Nav_CGPHOME_IND_ID, ParentID, FieldName, Enabled_044, Nav_CGPHOME_IND_044, Script_044, Mandatory_044, Mandatory_Message_044, Default_Value_044, Default_Datatype_044, Tab_Index_044) VALUES ( '3OFORH47', '3OFORH46', 'txtItemSerial', 1, 'Serial Number', NULL, 0, NULL, NULL, 't', NULL)
					
INSERT INTO Nav_Fields_CGPHOME_IND( Nav_CGPHOME_IND_ID, ParentID, FieldName, Enabled_044, Nav_CGPHOME_IND_044, Script_044, Mandatory_044, Mandatory_Message_044, Default_Value_044, Default_Datatype_044, Tab_Index_044) VALUES ( '3OFORH57', '3OFORH46', 'txtItemModel', 1, 'Item Model', NULL, 0, NULL, NULL, 't', NULL)
					
INSERT INTO Nav_Fields_CGPHOME_IND( Nav_CGPHOME_IND_ID, ParentID, FieldName, Enabled_044, Nav_CGPHOME_IND_044, Script_044, Mandatory_044, Mandatory_Message_044, Default_Value_044, Default_Datatype_044, Tab_Index_044) VALUES ( '3OFORH58', '3OFORH46', 'txtItemMake', 1, 'Item Make', NULL, 0, NULL, NULL, 't', NULL)
					
INSERT INTO Nav_Fields_CGPHOME_IND( Nav_CGPHOME_IND_ID, ParentID, FieldName, Enabled_044, Nav_CGPHOME_IND_044, Script_044, Mandatory_044, Mandatory_Message_044, Default_Value_044, Default_Datatype_044, Tab_Index_044) VALUES ( '3OFORH59', '3OFORH46', 'cfdItemValue', 1, 'Item Value', NULL, 0, NULL, NULL, 't', NULL)
			
INSERT INTO Nav_Fields_CGPHOME_IND( Nav_CGPHOME_IND_ID, ParentID, FieldName, Enabled_044, Nav_CGPHOME_IND_044, Script_044, Mandatory_044, Mandatory_Message_044, Default_Value_044, Default_Datatype_044, Tab_Index_044) VALUES ( '3OFORH50', '3OFORH46', 'txtItemDesc', 1, 'Item Description', NULL, 0, NULL, NULL, 't', NULL)
					
INSERT INTO Nav_Forms_CGPHOME_IND( Nav_CGPHOME_IND_ID, Nav_CGPHOME_IND, MoveAble, Enabled_044, Sequence_044, Nav_CGPHOME_IND_044, Nav_Tbl_Tag_044) VALUES ( '3OFORH51', 'TES_Screen_Builder\\CGPHOME\frmSPECITEM.tst', 1, 1, 9, 'Specified Items', NULL)
          
INSERT INTO Nav_Fields_CGPHOME_IND( Nav_CGPHOME_IND_ID, ParentID, FieldName, Enabled_044, Nav_CGPHOME_IND_044, Script_044, Mandatory_044, Mandatory_Message_044, Default_Value_044, Default_Datatype_044, Tab_Index_044) VALUES ( '3OFORH52', '3OFORH51', 'txtITEMSERIAL', 1, 'Item Serial Number', NULL, 0, NULL, NULL, 't', NULL)
					
INSERT INTO Nav_Fields_CGPHOME_IND( Nav_CGPHOME_IND_ID, ParentID, FieldName, Enabled_044, Nav_CGPHOME_IND_044, Script_044, Mandatory_044, Mandatory_Message_044, Default_Value_044, Default_Datatype_044, Tab_Index_044) VALUES ( '3OFORH53', '3OFORH51', 'txtITEMMODEL', 1, 'Item Model', NULL, 0, NULL, NULL, 't', NULL)
					
INSERT INTO Nav_Fields_CGPHOME_IND( Nav_CGPHOME_IND_ID, ParentID, FieldName, Enabled_044, Nav_CGPHOME_IND_044, Script_044, Mandatory_044, Mandatory_Message_044, Default_Value_044, Default_Datatype_044, Tab_Index_044) VALUES ( '3OFORH54', '3OFORH51', 'txtITEMMAKE', 1, 'Item Make', NULL, 0, NULL, NULL, 't', NULL)
					
INSERT INTO Nav_Fields_CGPHOME_IND( Nav_CGPHOME_IND_ID, ParentID, FieldName, Enabled_044, Nav_CGPHOME_IND_044, Script_044, Mandatory_044, Mandatory_Message_044, Default_Value_044, Default_Datatype_044, Tab_Index_044) VALUES ( '3OFORH55', '3OFORH51', 'cfdITEMVALUE', 1, 'Item Value', NULL, 0, NULL, NULL, 't', NULL)
			
INSERT INTO Nav_Fields_CGPHOME_IND( Nav_CGPHOME_IND_ID, ParentID, FieldName, Enabled_044, Nav_CGPHOME_IND_044, Script_044, Mandatory_044, Mandatory_Message_044, Default_Value_044, Default_Datatype_044, Tab_Index_044) VALUES ( '3OFORH56', '3OFORH51', 'txtITEMDESC', 1, 'Specified Item Description', NULL, 0, NULL, NULL, 't', NULL)
					
INSERT INTO Nav_Forms_CGPHOME_IND( Nav_CGPHOME_IND_ID, Nav_CGPHOME_IND, MoveAble, Enabled_044, Sequence_044, Nav_CGPHOME_IND_044, Nav_Tbl_Tag_044) VALUES ( '3OFORH66', 'TES_Screen_Builder\\CGPHOME\frmOccupat.tst', 1, 1, 9, 'Occupation', NULL)
          
INSERT INTO Nav_Fields_CGPHOME_IND( Nav_CGPHOME_IND_ID, ParentID, FieldName, Enabled_044, Nav_CGPHOME_IND_044, Script_044, Mandatory_044, Mandatory_Message_044, Default_Value_044, Default_Datatype_044, Tab_Index_044) VALUES ( '3OFORH67', '3OFORH66', 'chkPartTime', 1, 'Part Time', NULL, 0, NULL, NULL, 'b', NULL)
			
INSERT INTO Nav_Fields_CGPHOME_IND( Nav_CGPHOME_IND_ID, ParentID, FieldName, Enabled_044, Nav_CGPHOME_IND_044, Script_044, Mandatory_044, Mandatory_Message_044, Default_Value_044, Default_Datatype_044, Tab_Index_044) VALUES ( '3OFORH68', '3OFORH66', 'cboType', 1, 'Type', NULL, 0, NULL, NULL, 't', NULL)
			
INSERT INTO Nav_Fields_CGPHOME_IND( Nav_CGPHOME_IND_ID, ParentID, FieldName, Enabled_044, Nav_CGPHOME_IND_044, Script_044, Mandatory_044, Mandatory_Message_044, Default_Value_044, Default_Datatype_044, Tab_Index_044) VALUES ( '3OFORH69', '3OFORH66', 'cboEmpsBusiness', 1, 'Employers Business', NULL, 0, NULL, NULL, 't', NULL)
			
INSERT INTO Nav_Fields_CGPHOME_IND( Nav_CGPHOME_IND_ID, ParentID, FieldName, Enabled_044, Nav_CGPHOME_IND_044, Script_044, Mandatory_044, Mandatory_Message_044, Default_Value_044, Default_Datatype_044, Tab_Index_044) VALUES ( '3OFORH60', '3OFORH66', 'cboDescription', 1, 'Description', NULL, 0, NULL, NULL, 't', NULL)
			
  GO
  
--Client Details
INSERT INTO Nav_Forms_CGPHOME_IND( Nav_CGPHOME_IND_ID, Nav_CGPHOME_IND, MoveAble, Enabled_044, Sequence_044, Nav_CGPHOME_IND_044, Nav_Tbl_Tag_044) VALUES ( '3OFORH61', 'QE139', 0, 1, 1, 'Client Details', NULL)
INSERT INTO Nav_Fields_CGPHOME_IND( Nav_CGPHOME_IND_ID, ParentID, FieldName, Enabled_044, Nav_CGPHOME_IND_044, Script_044, Mandatory_044, Mandatory_Message_044, Default_Value_044, Default_Datatype_044, Tab_Index_044) VALUES ( '3OFORH62', '3OFORH61', 'QE139_Opt_Company', 1, 'Company', NULL, 1, 'Please select Company', NULL, 'b', NULL)
INSERT INTO Nav_Fields_CGPHOME_IND( Nav_CGPHOME_IND_ID, ParentID, FieldName, Enabled_044, Nav_CGPHOME_IND_044, Script_044, Mandatory_044, Mandatory_Message_044, Default_Value_044, Default_Datatype_044, Tab_Index_044) VALUES ( '3OFORH63', '3OFORH61', 'QE139_Opt_Individual', 1, 'Private individual', NULL, 1, 'Please select Individual', NULL, 'b', NULL)
INSERT INTO Nav_Fields_CGPHOME_IND( Nav_CGPHOME_IND_ID, ParentID, FieldName, Enabled_044, Nav_CGPHOME_IND_044, Script_044, Mandatory_044, Mandatory_Message_044, Default_Value_044, Default_Datatype_044, Tab_Index_044) VALUES ( '3OFORH64', '3OFORH61', 'QE139_Cbo_Title', 1, 'Title', NULL, 1, 'Please select a title', NULL, 't', NULL)
INSERT INTO Nav_Fields_CGPHOME_IND( Nav_CGPHOME_IND_ID, ParentID, FieldName, Enabled_044, Nav_CGPHOME_IND_044, Script_044, Mandatory_044, Mandatory_Message_044, Default_Value_044, Default_Datatype_044, Tab_Index_044) VALUES ( '3OFORH65', '3OFORH61', 'QE139_Txt_Surname', 1, 'Surname', NULL, 1, 'Please enter a surname', NULL, 't', NULL)
INSERT INTO Nav_Fields_CGPHOME_IND( Nav_CGPHOME_IND_ID, ParentID, FieldName, Enabled_044, Nav_CGPHOME_IND_044, Script_044, Mandatory_044, Mandatory_Message_044, Default_Value_044, Default_Datatype_044, Tab_Index_044) VALUES ( '3OFORH75', '3OFORH61', 'QE139_Txt_Initials', 1, 'Initials', NULL, 0, NULL, NULL, 't', NULL)
INSERT INTO Nav_Fields_CGPHOME_IND( Nav_CGPHOME_IND_ID, ParentID, FieldName, Enabled_044, Nav_CGPHOME_IND_044, Script_044, Mandatory_044, Mandatory_Message_044, Default_Value_044, Default_Datatype_044, Tab_Index_044) VALUES ( '3OFORH76', '3OFORH61', 'QE139_Txt_Forename', 1, 'Forename', NULL, 1, 'Please enter a forename', NULL, 't', NULL)
INSERT INTO Nav_Fields_CGPHOME_IND( Nav_CGPHOME_IND_ID, ParentID, FieldName, Enabled_044, Nav_CGPHOME_IND_044, Script_044, Mandatory_044, Mandatory_Message_044, Default_Value_044, Default_Datatype_044, Tab_Index_044) VALUES ( '3OFORH77', '3OFORH61', 'QE139_Txt_Honours', 1, 'Honours', NULL, 0, NULL, NULL, 't', NULL)
INSERT INTO Nav_Fields_CGPHOME_IND( Nav_CGPHOME_IND_ID, ParentID, FieldName, Enabled_044, Nav_CGPHOME_IND_044, Script_044, Mandatory_044, Mandatory_Message_044, Default_Value_044, Default_Datatype_044, Tab_Index_044) VALUES ( '3OFORH78', '3OFORH61', 'QE139_Chk_Proposer', 1, 'Proposer', NULL, 1, 'Please select proposer', NULL, 'b', NULL)
INSERT INTO Nav_Fields_CGPHOME_IND( Nav_CGPHOME_IND_ID, ParentID, FieldName, Enabled_044, Nav_CGPHOME_IND_044, Script_044, Mandatory_044, Mandatory_Message_044, Default_Value_044, Default_Datatype_044, Tab_Index_044) VALUES ( '3OFORH79', '3OFORH61', 'QE139_Chk_Deceased', 1, 'Deceased', NULL, 1, 'Please select deceased', NULL, 'b', NULL)
INSERT INTO Nav_Fields_CGPHOME_IND( Nav_CGPHOME_IND_ID, ParentID, FieldName, Enabled_044, Nav_CGPHOME_IND_044, Script_044, Mandatory_044, Mandatory_Message_044, Default_Value_044, Default_Datatype_044, Tab_Index_044) VALUES ( '3OFORH70', '3OFORH61', 'QE139_Cbo_DwellingType', 1, 'Dwelling type', NULL, 1, 'Please select dwelling type', NULL, 't', NULL)
INSERT INTO Nav_Fields_CGPHOME_IND( Nav_CGPHOME_IND_ID, ParentID, FieldName, Enabled_044, Nav_CGPHOME_IND_044, Script_044, Mandatory_044, Mandatory_Message_044, Default_Value_044, Default_Datatype_044, Tab_Index_044) VALUES ( '3OFORH71', '3OFORH61', 'QE139_Cbo_Dwelling', 1, 'Dwelling', NULL, 1, 'Please select dwelling', NULL, 't', NULL)
INSERT INTO Nav_Fields_CGPHOME_IND( Nav_CGPHOME_IND_ID, ParentID, FieldName, Enabled_044, Nav_CGPHOME_IND_044, Script_044, Mandatory_044, Mandatory_Message_044, Default_Value_044, Default_Datatype_044, Tab_Index_044) VALUES ( '3OFORH72', '3OFORH61', 'QE139_Txt_Country', 1, 'Country', NULL, 0, NULL, NULL, 't', NULL)
INSERT INTO Nav_Fields_CGPHOME_IND( Nav_CGPHOME_IND_ID, ParentID, FieldName, Enabled_044, Nav_CGPHOME_IND_044, Script_044, Mandatory_044, Mandatory_Message_044, Default_Value_044, Default_Datatype_044, Tab_Index_044) VALUES ( '3OFORH73', '3OFORH61', 'QE139_Txt_County', 1, 'County', NULL, 0, NULL, NULL, 't', NULL)
INSERT INTO Nav_Fields_CGPHOME_IND( Nav_CGPHOME_IND_ID, ParentID, FieldName, Enabled_044, Nav_CGPHOME_IND_044, Script_044, Mandatory_044, Mandatory_Message_044, Default_Value_044, Default_Datatype_044, Tab_Index_044) VALUES ( '3OFORH83', '3OFORH61', 'QE139_Txt_City', 1, 'City', NULL, 1, 'Please enter a city', NULL, 't', NULL)
INSERT INTO Nav_Fields_CGPHOME_IND( Nav_CGPHOME_IND_ID, ParentID, FieldName, Enabled_044, Nav_CGPHOME_IND_044, Script_044, Mandatory_044, Mandatory_Message_044, Default_Value_044, Default_Datatype_044, Tab_Index_044) VALUES ( '3OFORH84', '3OFORH61', 'QE139_Txt_Locality', 1, 'Locality', NULL, 0, NULL, NULL, 't', NULL)
INSERT INTO Nav_Fields_CGPHOME_IND( Nav_CGPHOME_IND_ID, ParentID, FieldName, Enabled_044, Nav_CGPHOME_IND_044, Script_044, Mandatory_044, Mandatory_Message_044, Default_Value_044, Default_Datatype_044, Tab_Index_044) VALUES ( '3OFORH85', '3OFORH61', 'QE139_Txt_Street', 1, 'Street', NULL, 1, 'Please enter a street', NULL, 't', NULL)
INSERT INTO Nav_Fields_CGPHOME_IND( Nav_CGPHOME_IND_ID, ParentID, FieldName, Enabled_044, Nav_CGPHOME_IND_044, Script_044, Mandatory_044, Mandatory_Message_044, Default_Value_044, Default_Datatype_044, Tab_Index_044) VALUES ( '3OFORH86', '3OFORH61', 'QE139_Txt_House', 1, 'House', NULL, 1, 'Please enter a house', NULL, 't', NULL)
INSERT INTO Nav_Fields_CGPHOME_IND( Nav_CGPHOME_IND_ID, ParentID, FieldName, Enabled_044, Nav_CGPHOME_IND_044, Script_044, Mandatory_044, Mandatory_Message_044, Default_Value_044, Default_Datatype_044, Tab_Index_044) VALUES ( '3OFORH87', '3OFORH61', 'QE139_Txt_Postcode', 1, 'Postcode', NULL, 1, 'Please enter a postcode', NULL, 't', NULL)
INSERT INTO Nav_Fields_CGPHOME_IND( Nav_CGPHOME_IND_ID, ParentID, FieldName, Enabled_044, Nav_CGPHOME_IND_044, Script_044, Mandatory_044, Mandatory_Message_044, Default_Value_044, Default_Datatype_044, Tab_Index_044) VALUES ( '3OFORH88', '3OFORH61', 'QE139_Opt_Sex', 1, 'Sex', NULL, 1, 'Please enter a sex', NULL, 'b', NULL)
INSERT INTO Nav_Fields_CGPHOME_IND( Nav_CGPHOME_IND_ID, ParentID, FieldName, Enabled_044, Nav_CGPHOME_IND_044, Script_044, Mandatory_044, Mandatory_Message_044, Default_Value_044, Default_Datatype_044, Tab_Index_044) VALUES ( '3OFORH89', '3OFORH61', 'QE139_Cbo_TelephoneType', 1, 'Telephone type', NULL, 0, NULL, NULL, 't', NULL)
INSERT INTO Nav_Fields_CGPHOME_IND( Nav_CGPHOME_IND_ID, ParentID, FieldName, Enabled_044, Nav_CGPHOME_IND_044, Script_044, Mandatory_044, Mandatory_Message_044, Default_Value_044, Default_Datatype_044, Tab_Index_044) VALUES ( '3OFORH80', '3OFORH61', 'QE139_Chk_ExDirectory', 1, 'Ex directory', NULL, 0, NULL, NULL, 'b', NULL)
INSERT INTO Nav_Fields_CGPHOME_IND( Nav_CGPHOME_IND_ID, ParentID, FieldName, Enabled_044, Nav_CGPHOME_IND_044, Script_044, Mandatory_044, Mandatory_Message_044, Default_Value_044, Default_Datatype_044, Tab_Index_044) VALUES ( '3OFORH81', '3OFORH61', 'QE139_Txt_Extension', 1, 'Telephone extension', NULL, 0, NULL, NULL, 't', NULL)
INSERT INTO Nav_Fields_CGPHOME_IND( Nav_CGPHOME_IND_ID, ParentID, FieldName, Enabled_044, Nav_CGPHOME_IND_044, Script_044, Mandatory_044, Mandatory_Message_044, Default_Value_044, Default_Datatype_044, Tab_Index_044) VALUES ( '3OFORH82', '3OFORH61', 'QE139_Txt_Number', 1, 'Telephone number', NULL, 0, NULL, NULL, 't', NULL)
INSERT INTO Nav_Fields_CGPHOME_IND( Nav_CGPHOME_IND_ID, ParentID, FieldName, Enabled_044, Nav_CGPHOME_IND_044, Script_044, Mandatory_044, Mandatory_Message_044, Default_Value_044, Default_Datatype_044, Tab_Index_044) VALUES ( '3OFORH92', '3OFORH61', 'QE139_Lvw_Telephone', 1, 'Telephone list', NULL, 0, NULL, NULL, 'n', NULL)
INSERT INTO Nav_Fields_CGPHOME_IND( Nav_CGPHOME_IND_ID, ParentID, FieldName, Enabled_044, Nav_CGPHOME_IND_044, Script_044, Mandatory_044, Mandatory_Message_044, Default_Value_044, Default_Datatype_044, Tab_Index_044) VALUES ( '3OFORH93', '3OFORH61', 'QE139_Txt_SecurityAnswer', 1, 'Security Answer', NULL, 0, NULL, NULL, 't', NULL)
INSERT INTO Nav_Fields_CGPHOME_IND( Nav_CGPHOME_IND_ID, ParentID, FieldName, Enabled_044, Nav_CGPHOME_IND_044, Script_044, Mandatory_044, Mandatory_Message_044, Default_Value_044, Default_Datatype_044, Tab_Index_044) VALUES ( '3OFORH95', '3OFORH61', 'QE139_Cbo_Security_Question', 1, 'Security Question', NULL, 0, NULL, NULL, 't', NULL)
INSERT INTO Nav_Fields_CGPHOME_IND( Nav_CGPHOME_IND_ID, ParentID, FieldName, Enabled_044, Nav_CGPHOME_IND_044, Script_044, Mandatory_044, Mandatory_Message_044, Default_Value_044, Default_Datatype_044, Tab_Index_044) VALUES ( '3OFORH96', '3OFORH61', 'QE139_Chk_RenewalQuote', 1, 'Prior Policy Renewal', NULL, 0, NULL, NULL, 'b', NULL)
INSERT INTO Nav_Fields_CGPHOME_IND( Nav_CGPHOME_IND_ID, ParentID, FieldName, Enabled_044, Nav_CGPHOME_IND_044, Script_044, Mandatory_044, Mandatory_Message_044, Default_Value_044, Default_Datatype_044, Tab_Index_044) VALUES ( '3OFORH97', '3OFORH61', 'QE139_Chk_Instalments', 1, 'Instalments', NULL, 0, NULL, NULL, 'b', NULL)
INSERT INTO Nav_Fields_CGPHOME_IND( Nav_CGPHOME_IND_ID, ParentID, FieldName, Enabled_044, Nav_CGPHOME_IND_044, Script_044, Mandatory_044, Mandatory_Message_044, Default_Value_044, Default_Datatype_044, Tab_Index_044) VALUES ( '3OFORH98', '3OFORH61', 'QE139_Txt_Email', 1, 'Email', NULL, 0, NULL, NULL, 't', NULL)
INSERT INTO Nav_Fields_CGPHOME_IND( Nav_CGPHOME_IND_ID, ParentID, FieldName, Enabled_044, Nav_CGPHOME_IND_044, Script_044, Mandatory_044, Mandatory_Message_044, Default_Value_044, Default_Datatype_044, Tab_Index_044) VALUES ( '3OFORH99', '3OFORH61', 'QE139_Msk_DOB', 1, 'Date of Birth', NULL, 0, NULL, NULL, 'd', NULL)
INSERT INTO Nav_Fields_CGPHOME_IND( Nav_CGPHOME_IND_ID, ParentID, FieldName, Enabled_044, Nav_CGPHOME_IND_044, Script_044, Mandatory_044, Mandatory_Message_044, Default_Value_044, Default_Datatype_044, Tab_Index_044) VALUES ( '3OFORH90', '3OFORH61', 'QE139_Txt_Confirm', 1, 'Confirm password', NULL, 0, NULL, NULL, 't', NULL)
INSERT INTO Nav_Fields_CGPHOME_IND( Nav_CGPHOME_IND_ID, ParentID, FieldName, Enabled_044, Nav_CGPHOME_IND_044, Script_044, Mandatory_044, Mandatory_Message_044, Default_Value_044, Default_Datatype_044, Tab_Index_044) VALUES ( '3OFORH91', '3OFORH61', 'QE139_Txt_Password', 1, 'Password', NULL, 0, NULL, NULL, 't', NULL)
INSERT INTO Nav_Fields_CGPHOME_IND( Nav_CGPHOME_IND_ID, ParentID, FieldName, Enabled_044, Nav_CGPHOME_IND_044, Script_044, Mandatory_044, Mandatory_Message_044, Default_Value_044, Default_Datatype_044, Tab_Index_044) VALUES ( '3OFORHA1', '3OFORH61', 'QE139_Txt_MaidenName', 1, 'Maiden name', NULL, 0, NULL, NULL, 't', NULL)
INSERT INTO Nav_Fields_CGPHOME_IND( Nav_CGPHOME_IND_ID, ParentID, FieldName, Enabled_044, Nav_CGPHOME_IND_044, Script_044, Mandatory_044, Mandatory_Message_044, Default_Value_044, Default_Datatype_044, Tab_Index_044) VALUES ( '3OFORHA2', '3OFORH61', 'QE139_Cbo_Country', 1, 'Country', NULL, 0, NULL, NULL, 't', NULL)
INSERT INTO Nav_Fields_CGPHOME_IND( Nav_CGPHOME_IND_ID, ParentID, FieldName, Enabled_044, Nav_CGPHOME_IND_044, Script_044, Mandatory_044, Mandatory_Message_044, Default_Value_044, Default_Datatype_044, Tab_Index_044) VALUES ( '3OFORHA3', '3OFORH61', 'QE139_Txt_InputTaxCredit', 1, 'Input Tax Credit', NULL, 0, NULL, NULL, 't', NULL)
INSERT INTO Nav_Fields_CGPHOME_IND( Nav_CGPHOME_IND_ID, ParentID, FieldName, Enabled_044, Nav_CGPHOME_IND_044, Script_044, Mandatory_044, Mandatory_Message_044, Default_Value_044, Default_Datatype_044, Tab_Index_044) VALUES ( '3OFORHA4', '3OFORH61', 'QE139_Cmd_IND', 1, 'Telephone Add', NULL, 0, NULL, NULL, 'b', NULL)
INSERT INTO Nav_Fields_CGPHOME_IND( Nav_CGPHOME_IND_ID, ParentID, FieldName, Enabled_044, Nav_CGPHOME_IND_044, Script_044, Mandatory_044, Mandatory_Message_044, Default_Value_044, Default_Datatype_044, Tab_Index_044) VALUES ( '3OFORHA5', '3OFORH61', 'QE139_Cmd_Remove', 1, 'Telephone Remove', NULL, 0, NULL, NULL, 'b', NULL)
INSERT INTO Nav_Fields_CGPHOME_IND( Nav_CGPHOME_IND_ID, ParentID, FieldName, Enabled_044, Nav_CGPHOME_IND_044, Script_044, Mandatory_044, Mandatory_Message_044, Default_Value_044, Default_Datatype_044, Tab_Index_044) VALUES ( '3OFORHA6', '3OFORH61', 'QE139_Cmd_Search', 1, 'Postcode Search', NULL, 0, NULL, NULL, 'b', NULL)
INSERT INTO Nav_Fields_CGPHOME_IND( Nav_CGPHOME_IND_ID, ParentID, FieldName, Enabled_044, Nav_CGPHOME_IND_044, Script_044, Mandatory_044, Mandatory_Message_044, Default_Value_044, Default_Datatype_044, Tab_Index_044) VALUES ( '3OFORHA7', '3OFORH61', 'QE139_Msk_DateEstablished', 1, 'Date Established', NULL, 0, NULL, NULL, 'd', NULL)

--Contact and Marketing
INSERT INTO Nav_Forms_CGPHOME_IND( Nav_CGPHOME_IND_ID, Nav_CGPHOME_IND, MoveAble, Enabled_044, Sequence_044, Nav_CGPHOME_IND_044, Nav_Tbl_Tag_044) VALUES ( '3OFORHA8', 'QE140', 1, 1, 2, 'Contact and Marketing Details', NULL)
INSERT INTO Nav_Fields_CGPHOME_IND( Nav_CGPHOME_IND_ID, ParentID, FieldName, Enabled_044, Nav_CGPHOME_IND_044, Script_044, Mandatory_044, Mandatory_Message_044, Default_Value_044, Default_Datatype_044, Tab_Index_044) VALUES ( '3OFORHA9', '3OFORHA8', 'QE140_Chk_TelephoneThird', 1, 'Allow telephone contact from third party', NULL, 0, NULL, '0', 'b', NULL)
INSERT INTO Nav_Fields_CGPHOME_IND( Nav_CGPHOME_IND_ID, ParentID, FieldName, Enabled_044, Nav_CGPHOME_IND_044, Script_044, Mandatory_044, Mandatory_Message_044, Default_Value_044, Default_Datatype_044, Tab_Index_044) VALUES ( '3OFORHB9', '3OFORHA8', 'QE140_Chk_TelephoneAffinity', 1, 'Allow telephone contact from affinity', NULL, 0, NULL, '0', 'b', NULL)
INSERT INTO Nav_Fields_CGPHOME_IND( Nav_CGPHOME_IND_ID, ParentID, FieldName, Enabled_044, Nav_CGPHOME_IND_044, Script_044, Mandatory_044, Mandatory_Message_044, Default_Value_044, Default_Datatype_044, Tab_Index_044) VALUES ( '3OFORHB0', '3OFORHA8', 'QE140_Chk_TelephoneAdministrator', 1, 'Allow telephone contact from administrator', NULL, 0, NULL, '0', 'b', NULL)
INSERT INTO Nav_Fields_CGPHOME_IND( Nav_CGPHOME_IND_ID, ParentID, FieldName, Enabled_044, Nav_CGPHOME_IND_044, Script_044, Mandatory_044, Mandatory_Message_044, Default_Value_044, Default_Datatype_044, Tab_Index_044) VALUES ( '3OFORHB1', '3OFORHA8', 'QE140_Chk_MailingThird', 1, 'Allow mailings from third party', NULL, 0, NULL, '0', 'b', NULL)
INSERT INTO Nav_Fields_CGPHOME_IND( Nav_CGPHOME_IND_ID, ParentID, FieldName, Enabled_044, Nav_CGPHOME_IND_044, Script_044, Mandatory_044, Mandatory_Message_044, Default_Value_044, Default_Datatype_044, Tab_Index_044) VALUES ( '3OFORHB2', '3OFORHA8', 'QE140_Chk_MailingAffinity', 1, 'Allow mailings from affinity', NULL, 0, NULL, '0', 'b', NULL)
INSERT INTO Nav_Fields_CGPHOME_IND( Nav_CGPHOME_IND_ID, ParentID, FieldName, Enabled_044, Nav_CGPHOME_IND_044, Script_044, Mandatory_044, Mandatory_Message_044, Default_Value_044, Default_Datatype_044, Tab_Index_044) VALUES ( '3OFORHB3', '3OFORHA8', 'QE140_Chk_MailingAdministrator', 1, 'Allow mailings from administrator', NULL, 0, NULL, '0', 'b', NULL)
INSERT INTO Nav_Fields_CGPHOME_IND( Nav_CGPHOME_IND_ID, ParentID, FieldName, Enabled_044, Nav_CGPHOME_IND_044, Script_044, Mandatory_044, Mandatory_Message_044, Default_Value_044, Default_Datatype_044, Tab_Index_044) VALUES ( '3OFORHB4', '3OFORHA8', 'QE140_Txt_RecommendedBy', 1, 'Referred By', NULL, 0, NULL, NULL, 't', NULL)
INSERT INTO Nav_Fields_CGPHOME_IND( Nav_CGPHOME_IND_ID, ParentID, FieldName, Enabled_044, Nav_CGPHOME_IND_044, Script_044, Mandatory_044, Mandatory_Message_044, Default_Value_044, Default_Datatype_044, Tab_Index_044) VALUES ( '3OFORHB5', '3OFORHA8', 'QE140_Txt_Reference', 1, 'Reference', NULL, 0, NULL, NULL, 't', NULL)
INSERT INTO Nav_Fields_CGPHOME_IND( Nav_CGPHOME_IND_ID, ParentID, FieldName, Enabled_044, Nav_CGPHOME_IND_044, Script_044, Mandatory_044, Mandatory_Message_044, Default_Value_044, Default_Datatype_044, Tab_Index_044) VALUES ( '3OFORHB6', '3OFORHA8', 'QE140_Cbo_Campaign', 1, 'Marketing source campaign', NULL, 0, NULL, NULL, 't', NULL)
INSERT INTO Nav_Fields_CGPHOME_IND( Nav_CGPHOME_IND_ID, ParentID, FieldName, Enabled_044, Nav_CGPHOME_IND_044, Script_044, Mandatory_044, Mandatory_Message_044, Default_Value_044, Default_Datatype_044, Tab_Index_044) VALUES ( '3OFORHB7', '3OFORHA8', 'QE140_Cbo_Activity', 1, 'Marketing source activity', NULL, 0, NULL, NULL, 't', NULL)
INSERT INTO Nav_Fields_CGPHOME_IND( Nav_CGPHOME_IND_ID, ParentID, FieldName, Enabled_044, Nav_CGPHOME_IND_044, Script_044, Mandatory_044, Mandatory_Message_044, Default_Value_044, Default_Datatype_044, Tab_Index_044) VALUES ( '3OFORHB8', '3OFORHA8', 'QE140_Cbo_Source', 1, 'Marketing source of business', NULL, 0, NULL, NULL, 't', NULL)
INSERT INTO Nav_Fields_CGPHOME_IND( Nav_CGPHOME_IND_ID, ParentID, FieldName, Enabled_044, Nav_CGPHOME_IND_044, Script_044, Mandatory_044, Mandatory_Message_044, Default_Value_044, Default_Datatype_044, Tab_Index_044) VALUES ( '3OFORHC8', '3OFORHA8', 'QE140_Chk_StopCorrespondence', 1, 'Stop Correspondence', NULL, 0, NULL, '0', 'b', NULL)
INSERT INTO Nav_Fields_CGPHOME_IND( Nav_CGPHOME_IND_ID, ParentID, FieldName, Enabled_044, Nav_CGPHOME_IND_044, Script_044, Mandatory_044, Mandatory_Message_044, Default_Value_044, Default_Datatype_044, Tab_Index_044) VALUES ( '3OFORHC9', '3OFORHA8', 'QE140_Cbo_Preferred', 1, 'Preferred contact method', NULL, 0, NULL, NULL, 't', NULL)
--Target Premium
INSERT INTO Nav_Forms_CGPHOME_IND( Nav_CGPHOME_IND_ID, Nav_CGPHOME_IND, MoveAble, Enabled_044, Sequence_044, Nav_CGPHOME_IND_044, Nav_Tbl_Tag_044) VALUES ( '3OFORHC0', 'QE141', 1, 1, 3, 'Target Premium', NULL)
INSERT INTO Nav_Fields_CGPHOME_IND( Nav_CGPHOME_IND_ID, ParentID, FieldName, Enabled_044, Nav_CGPHOME_IND_044, Script_044, Mandatory_044, Mandatory_Message_044, Default_Value_044, Default_Datatype_044, Tab_Index_044) VALUES ( '3OFORHC1', '3OFORHC0', 'QE141_Cbo_Insurer', 1, 'Best quote given by', NULL, 0, NULL, NULL, 't', NULL)
INSERT INTO Nav_Fields_CGPHOME_IND( Nav_CGPHOME_IND_ID, ParentID, FieldName, Enabled_044, Nav_CGPHOME_IND_044, Script_044, Mandatory_044, Mandatory_Message_044, Default_Value_044, Default_Datatype_044, Tab_Index_044) VALUES ( '3OFORHC2', '3OFORHC0', 'QE141_Msk_CurrentRenewalDate', 1, 'Current renewal date', NULL, 0, NULL, NULL, 'd', NULL)
INSERT INTO Nav_Fields_CGPHOME_IND( Nav_CGPHOME_IND_ID, ParentID, FieldName, Enabled_044, Nav_CGPHOME_IND_044, Script_044, Mandatory_044, Mandatory_Message_044, Default_Value_044, Default_Datatype_044, Tab_Index_044) VALUES ( '3OFORHC3', '3OFORHC0', 'QE141_CFd_Premium', 1, 'Previously quoted premium', NULL, 0, NULL, NULL, 'n', NULL)
--Cross Sales
INSERT INTO Nav_Forms_CGPHOME_IND( Nav_CGPHOME_IND_ID, Nav_CGPHOME_IND, MoveAble, Enabled_044, Sequence_044, Nav_CGPHOME_IND_044, Nav_Tbl_Tag_044) VALUES ( '3OFORHC6', 'QE107', 1, 1, 4, 'Cross Sales', NULL)
INSERT INTO Nav_Fields_CGPHOME_IND( Nav_CGPHOME_IND_ID, ParentID, FieldName, Enabled_044, Nav_CGPHOME_IND_044, Script_044, Mandatory_044, Mandatory_Message_044, Default_Value_044, Default_Datatype_044, Tab_Index_044) VALUES ( '3OFORHC7', '3OFORHC6', 'QE107_Cmb_Product', 1, 'Product', NULL, 0, NULL, NULL, 't', NULL)
INSERT INTO Nav_Fields_CGPHOME_IND( Nav_CGPHOME_IND_ID, ParentID, FieldName, Enabled_044, Nav_CGPHOME_IND_044, Script_044, Mandatory_044, Mandatory_Message_044, Default_Value_044, Default_Datatype_044, Tab_Index_044) VALUES ( '3OFORHD7', '3OFORHC6', 'QE107_Msk_RenewalDate', 1, 'Renewal Date', NULL, 0, NULL, NULL, 'd', NULL)
INSERT INTO Nav_Fields_CGPHOME_IND( Nav_CGPHOME_IND_ID, ParentID, FieldName, Enabled_044, Nav_CGPHOME_IND_044, Script_044, Mandatory_044, Mandatory_Message_044, Default_Value_044, Default_Datatype_044, Tab_Index_044) VALUES ( '3OFORHD8', '3OFORHC6', 'QE107_CFd_Premium', 1, 'Premium', NULL, 0, NULL, NULL, 'n', NULL)
INSERT INTO Nav_Fields_CGPHOME_IND( Nav_CGPHOME_IND_ID, ParentID, FieldName, Enabled_044, Nav_CGPHOME_IND_044, Script_044, Mandatory_044, Mandatory_Message_044, Default_Value_044, Default_Datatype_044, Tab_Index_044) VALUES ( '3OFORHD9', '3OFORHC6', 'QE107_Cmd_Add', 1, 'Add', NULL, 0, NULL, NULL, 'b', NULL)
INSERT INTO Nav_Fields_CGPHOME_IND( Nav_CGPHOME_IND_ID, ParentID, FieldName, Enabled_044, Nav_CGPHOME_IND_044, Script_044, Mandatory_044, Mandatory_Message_044, Default_Value_044, Default_Datatype_044, Tab_Index_044) VALUES ( '3OFORHD0', '3OFORHC6', 'QE107_Cmd_Remove', 1, 'Remove', NULL, 0, NULL, NULL, 'b', NULL)
INSERT INTO Nav_Fields_CGPHOME_IND( Nav_CGPHOME_IND_ID, ParentID, FieldName, Enabled_044, Nav_CGPHOME_IND_044, Script_044, Mandatory_044, Mandatory_Message_044, Default_Value_044, Default_Datatype_044, Tab_Index_044) VALUES ( '3OFORHD1', '3OFORHC6', 'QE107_Lvw_Products', 1, 'Product List', NULL, 0, NULL, NULL, 'n', NULL)
INSERT INTO Nav_Fields_CGPHOME_IND( Nav_CGPHOME_IND_ID, ParentID, FieldName, Enabled_044, Nav_CGPHOME_IND_044, Script_044, Mandatory_044, Mandatory_Message_044, Default_Value_044, Default_Datatype_044, Tab_Index_044) VALUES ( '3OFORHD2', '3OFORHC6', 'QE107_Cmb_Rating', 1, 'Rating', NULL, 0, NULL, NULL, 't', NULL)
--Extensions of Cover
INSERT INTO Nav_Forms_CGPHOME_IND( Nav_CGPHOME_IND_ID, Nav_CGPHOME_IND, MoveAble, Enabled_044, Sequence_044, Nav_CGPHOME_IND_044, Nav_Tbl_Tag_044) VALUES ( '3OFORHD3', 'QE151', 1, 0, 5, 'Extensions of Cover', NULL)
INSERT INTO Nav_Fields_CGPHOME_IND( Nav_CGPHOME_IND_ID, ParentID, FieldName, Enabled_044, Nav_CGPHOME_IND_044, Script_044, Mandatory_044, Mandatory_Message_044, Default_Value_044, Default_Datatype_044, Tab_Index_044) VALUES ( '3OFORHD4', '3OFORHD3', 'QE151_Lvw_AddOn', 1, 'Extension List', NULL, 0, NULL, NULL, 'n', NULL)
--Add Ons
INSERT INTO Nav_Forms_CGPHOME_IND( Nav_CGPHOME_IND_ID, Nav_CGPHOME_IND, MoveAble, Enabled_044, Sequence_044, Nav_CGPHOME_IND_044, Nav_Tbl_Tag_044) VALUES ( '3OFORHD5', 'QE165', 1, 0, 6, 'Add Ons', NULL)
INSERT INTO Nav_Fields_CGPHOME_IND( Nav_CGPHOME_IND_ID, ParentID, FieldName, Enabled_044, Nav_CGPHOME_IND_044, Script_044, Mandatory_044, Mandatory_Message_044, Default_Value_044, Default_Datatype_044, Tab_Index_044) VALUES ( '3OFORHE5', '3OFORHD5', 'QE165_Lvw_AddOn', 1, 'Add On List', NULL, 0, NULL, NULL, 'n', NULL)
--Policy Length
INSERT INTO Nav_Forms_CGPHOME_IND( Nav_CGPHOME_IND_ID, Nav_CGPHOME_IND, MoveAble, Enabled_044, Sequence_044, Nav_CGPHOME_IND_044, Nav_Tbl_Tag_044) VALUES ( '3OFORHE6', 'frmQE_PolicyLength', 1, 0, 7, 'Policy Length Details', NULL)
INSERT INTO Nav_Forms_CGPHOME_IND( Nav_CGPHOME_IND_ID, Nav_CGPHOME_IND, MoveAble, Enabled_044, Sequence_044, Nav_CGPHOME_IND_044, Nav_Tbl_Tag_044) VALUES ( '3OFORHE7', 'QE90', 1, 0, 8, 'Payment Plan', NULL)
--FSA
INSERT INTO Nav_Forms_CGPHOME_IND( Nav_CGPHOME_IND_ID, Nav_CGPHOME_IND, MoveAble, Enabled_044, Sequence_044, Nav_CGPHOME_IND_044, Nav_Tbl_Tag_044) VALUES ( '3OFORHE8', 'frmQE_FSAGeneral', 1, 0, 9, 'General FSA Declaration', NULL)
--Summary
INSERT INTO Nav_Forms_CGPHOME_IND( Nav_CGPHOME_IND_ID, Nav_CGPHOME_IND, MoveAble, Enabled_044, Sequence_044, Nav_CGPHOME_IND_044, Nav_Tbl_Tag_044) VALUES ( '3OFORHE9', 'QS99', 1, 1, 21, 'Park Home Summary', NULL)
GO
  
--Manual Amendment
INSERT INTO Nav_Forms_CGPHOME_IND( Nav_CGPHOME_IND_ID, Nav_CGPHOME_IND, MoveAble, Enabled_044, Sequence_044, Nav_CGPHOME_IND_044, Nav_Tbl_Tag_044) VALUES ( '3OFORHE0', 'frmQE_ManualAmendment', 0, 0, 1, 'Manual Amendment Prompt', NULL)
GO
  						
			
DECLARE @TABLENAME VARCHAR(50)
DECLARE @TABLESUFFIX VARCHAR(50)
DECLARE @SQL VARCHAR(8000)

DECLARE PERMISSION_CURSOR CURSOR FOR SELECT NAME FROM SYSOBJECTS WHERE NAME LIKE 'NAV_FORMS_CGPHOME%'

	  OPEN PERMISSION_CURSOR

	  FETCH NEXT FROM PERMISSION_CURSOR INTO @TABLENAME

	  WHILE @@FETCH_STATUS = 0
	  BEGIN
	  SELECT @TABLESUFFIX = SUBSTRING(@TABLENAME, LEN('NAV_FORMS_') + 1, LEN(@TABLENAME) - LEN('NAV_FORMS_'))
	  SELECT @SQL = 'DELETE NAV_PERM_' + @TABLESUFFIX
	  EXEC (@SQL)
	  SELECT @SQL = 'INSERT INTO NAV_PERM_' + @TABLESUFFIX + ' SELECT NEWID(), NAV_' + @TABLESUFFIX + '_ID, ROLE_ID FROM NAV_FIELDS_' + @TABLESUFFIX + ', SYSTEM_ROLE WHERE ENABLED_044 = 1'
	  EXEC (@SQL)

	  FETCH NEXT FROM PERMISSION_CURSOR INTO @TABLENAME

	  END

	  CLOSE PERMISSION_CURSOR
	  DEALLOCATE PERMISSION_CURSOR
	  GO

	  --Get Base navigation table from System_RM_Partner
	  DECLARE @TABLENAME VARCHAR(50)
	  DECLARE @TABLESUFFIX VARCHAR(50)
	  DECLARE @SQL VARCHAR(8000)

	  DECLARE TABLE_CURSOR CURSOR FAST_FORWARD FOR
	  SELECT BASENAVTABLE FROM RM_Partner

	  OPEN TABLE_CURSOR

	  FETCH NEXT FROM TABLE_CURSOR INTO @TABLENAME

	  WHILE @@FETCH_STATUS = 0
	  BEGIN
	SELECT @TABLESUFFIX = SUBSTRING(@TABLENAME, LEN('NAV_FORMS_') + 1, LEN(@TABLENAME) - LEN('NAV_FORMS_'))

	SELECT @SQL = 'DECLARE @SEQUENCE044 AS int'
	SELECT @SQL = @SQL + Char(13) + 'SELECT @SEQUENCE044 = IsNull(Max(SEQUENCE_044) + 1, 1) FROM NAV_FORMS_' + @TABLESUFFIX
	
	SELECT @SQL = @SQL + Char(13) + 'IF NOT EXISTS (SELECT NAV_' + @TABLESUFFIX + '_ID FROM NAV_FORMS_' + @TABLESUFFIX + ' WHERE NAV_' + @TABLESUFFIX + ' = ''&+CGPHOME_NEW'')' 
	SELECT @SQL = @SQL + Char(13) + 'INSERT NAV_FORMS_' + @TABLESUFFIX + ' VALUES (''3OFORHE1'',''&+CGPHOME_NEW'',0,1,@SEQUENCE044,''Park Home New Quote Screens'',NULL)'
	
	SELECT @SQL = @SQL + Char(13) + 'IF NOT EXISTS (SELECT NAV_' + @TABLESUFFIX + '_ID FROM NAV_FORMS_' + @TABLESUFFIX + ' WHERE NAV_' + @TABLESUFFIX + ' = ''&+CGPHOME_ADD'')' 
	SELECT @SQL = @SQL + Char(13) + 'INSERT NAV_FORMS_' + @TABLESUFFIX + ' VALUES (''3OFORHE2'',''&+CGPHOME_ADD'',0,1,@SEQUENCE044+1,''Park Home Add Quote Screens'',NULL)'
	
	SELECT @SQL = @SQL + Char(13) + 'IF NOT EXISTS (SELECT NAV_' + @TABLESUFFIX + '_ID FROM NAV_FORMS_' + @TABLESUFFIX + ' WHERE NAV_' + @TABLESUFFIX + ' = ''&+CGPHOME_PST'')'
	SELECT @SQL = @SQL + Char(13) + 'INSERT NAV_FORMS_' + @TABLESUFFIX + ' VALUES (''3OFORHE3'',''&+CGPHOME_PST'',0,1,@SEQUENCE044+2,''Park Home Post Quote Screens'',NULL)'
	
	SELECT @SQL = @SQL + Char(13) + 'IF NOT EXISTS (SELECT NAV_' + @TABLESUFFIX + '_ID FROM NAV_FORMS_' + @TABLESUFFIX + ' WHERE NAV_' + @TABLESUFFIX + ' = ''&+CGPHOME_IND'')'
	SELECT @SQL = @SQL + Char(13) + 'INSERT NAV_FORMS_' + @TABLESUFFIX + ' VALUES (''3OFORHE4'',''&+CGPHOME_IND'',0,1,@SEQUENCE044+3,''Park Home Independent Screens'',NULL)'	
	
	EXEC (@SQL)
	
	FETCH NEXT FROM TABLE_CURSOR INTO @TABLENAME
END

CLOSE TABLE_CURSOR
DEALLOCATE TABLE_CURSOR
GO

--User Tables
		
				
if exists (select * from dbo.sysobjects where id = object_id(N'[dbo].[USER_CGPHOME_PHDETAIL]') and OBJECTPROPERTY(id, N'IsUserTable') = 1)
	drop table [dbo].[USER_CGPHOME_PHDETAIL]
GO
			
				
if exists (select * from dbo.sysobjects where id = object_id(N'[dbo].[USER_CGPHOME_ITEMSPEC]') and OBJECTPROPERTY(id, N'IsUserTable') = 1)
	drop table [dbo].[USER_CGPHOME_ITEMSPEC]
GO
											
				
if exists (select * from dbo.sysobjects where id = object_id(N'[dbo].[USER_CGPHOME_SPECCONT]') and OBJECTPROPERTY(id, N'IsUserTable') = 1)
	drop table [dbo].[USER_CGPHOME_SPECCONT]
GO					
			
				
if exists (select * from dbo.sysobjects where id = object_id(N'[dbo].[USER_CGPHOME_SPECITEM]') and OBJECTPROPERTY(id, N'IsUserTable') = 1)
	drop table [dbo].[USER_CGPHOME_SPECITEM]
GO
											
				
if exists (select * from dbo.sysobjects where id = object_id(N'[dbo].[USER_CGPHOME_SPECPE]') and OBJECTPROPERTY(id, N'IsUserTable') = 1)
	drop table [dbo].[USER_CGPHOME_SPECPE]
GO					
			
				
if exists (select * from dbo.sysobjects where id = object_id(N'[dbo].[USER_CGPHOME_PARKDETA]') and OBJECTPROPERTY(id, N'IsUserTable') = 1)
	drop table [dbo].[USER_CGPHOME_PARKDETA]
GO
			
				
if exists (select * from dbo.sysobjects where id = object_id(N'[dbo].[USER_CGPHOME_CLAIMDET]') and OBJECTPROPERTY(id, N'IsUserTable') = 1)
	drop table [dbo].[USER_CGPHOME_CLAIMDET]
GO
											
				
if exists (select * from dbo.sysobjects where id = object_id(N'[dbo].[USER_CGPHOME_CLAIMSUM]') and OBJECTPROPERTY(id, N'IsUserTable') = 1)
	drop table [dbo].[USER_CGPHOME_CLAIMSUM]
GO					
			
				
if exists (select * from dbo.sysobjects where id = object_id(N'[dbo].[USER_CGPHOME_XSANDNCD]') and OBJECTPROPERTY(id, N'IsUserTable') = 1)
	drop table [dbo].[USER_CGPHOME_XSANDNCD]
GO
			
				
if exists (select * from dbo.sysobjects where id = object_id(N'[dbo].[USER_CGPHOME_OCCUPAT]') and OBJECTPROPERTY(id, N'IsUserTable') = 1)
	drop table [dbo].[USER_CGPHOME_OCCUPAT]
GO
											
				
if exists (select * from dbo.sysobjects where id = object_id(N'[dbo].[USER_CGPHOME_PROPOSER]') and OBJECTPROPERTY(id, N'IsUserTable') = 1)
	drop table [dbo].[USER_CGPHOME_PROPOSER]
GO					
			
				
if exists (select * from dbo.sysobjects where id = object_id(N'[dbo].[USER_CGPHOME_GENERAL]') and OBJECTPROPERTY(id, N'IsUserTable') = 1)
	drop table [dbo].[USER_CGPHOME_GENERAL]
GO
			
CREATE TABLE [dbo].[USER_CGPHOME_PHDETAIL] (	
	[CGPHOME_PHDETAIL_ID] [CHAR] (32) NOT NULL ,
	[HISTORY_ID] [INT] NOT NULL ,
	[POLICY_DETAILS_ID] [CHAR] (32) NOT NULL,
    [WINLOCKS_ID] [VARCHAR] (8) NULL,
    [ALARMTYPE_ID] [VARCHAR] (8) NULL,
    [DOORLOCK_ID] [VARCHAR] (8) NULL,
    [PESPECCOUNT] [VARCHAR] (100) NULL,
    [CONTSPECCOUNT] [VARCHAR] (140) NULL,
    [TOTALSI] [MONEY] NULL,
    [CYCLECOVER_ID] [VARCHAR] (8) NULL,
    [PECOVER_ID] [VARCHAR] (8) NULL,
    [ADCOVER] [BIT] NULL,
    [CONTENTSI] [MONEY] NULL,
    [PHSI] [MONEY] NULL,
    [GSOREPAIR] [BIT] NULL,
    [SMOKE] [BIT] NULL,
    [FINANCED] [BIT] NULL,
    [FLATORFELT_ID] [VARCHAR] (8) NULL,
    [YOMANUFACTURE_ID] [VARCHAR] (8) NULL,
    [TYPE] [VARCHAR] (200) NULL,
    [MODEL_ID] [VARCHAR] (8) NULL,
    [MAKE_ID] [VARCHAR] (8) NULL,
    [INTPARTY] [VARCHAR] (8000) NULL,
    
	[USERINSTANCE] [INT] NULL
) ON [PRIMARY]
GO


ALTER TABLE [dbo].[USER_CGPHOME_PHDETAIL] WITH NOCHECK ADD 
	CONSTRAINT [PK_U_CGPHOME_PHDETAIL] PRIMARY KEY  CLUSTERED 
	(
		[CGPHOME_PHDETAIL_ID],
		[HISTORY_ID]
	)  ON [PRIMARY] 
GO


ALTER TABLE [dbo].[USER_CGPHOME_PHDETAIL] WITH NOCHECK ADD 					
	CONSTRAINT [DF_UCGPHOME_PHDETAIL3OFORHF5] DEFAULT ('0') FOR [WINLOCKS_ID]
GO
ALTER TABLE [dbo].[USER_CGPHOME_PHDETAIL] WITH NOCHECK ADD 					
	CONSTRAINT [DF_UCGPHOME_PHDETAIL3OFORHF6] DEFAULT ('0') FOR [ALARMTYPE_ID]
GO
ALTER TABLE [dbo].[USER_CGPHOME_PHDETAIL] WITH NOCHECK ADD 					
	CONSTRAINT [DF_UCGPHOME_PHDETAIL3OFORHF7] DEFAULT ('0') FOR [DOORLOCK_ID]
GO
ALTER TABLE [dbo].[USER_CGPHOME_PHDETAIL] WITH NOCHECK ADD 					
	CONSTRAINT [DF_UCGPHOME_PHDETAIL3OFORHF8] DEFAULT ('0') FOR [CYCLECOVER_ID]
GO
ALTER TABLE [dbo].[USER_CGPHOME_PHDETAIL] WITH NOCHECK ADD 					
	CONSTRAINT [DF_UCGPHOME_PHDETAIL3OFORHF9] DEFAULT ('0') FOR [PECOVER_ID]
GO
ALTER TABLE [dbo].[USER_CGPHOME_PHDETAIL] WITH NOCHECK ADD 				
	CONSTRAINT [DF_UCGPHOME_PHDETAIL3OFORHF0] DEFAULT (0) FOR [ADCOVER]
GO
ALTER TABLE [dbo].[USER_CGPHOME_PHDETAIL] WITH NOCHECK ADD 				
	CONSTRAINT [DF_UCGPHOME_PHDETAIL3OFORHF1] DEFAULT (0) FOR [GSOREPAIR]
GO
ALTER TABLE [dbo].[USER_CGPHOME_PHDETAIL] WITH NOCHECK ADD 				
	CONSTRAINT [DF_UCGPHOME_PHDETAIL3OFORHF2] DEFAULT (0) FOR [SMOKE]
GO
ALTER TABLE [dbo].[USER_CGPHOME_PHDETAIL] WITH NOCHECK ADD 				
	CONSTRAINT [DF_UCGPHOME_PHDETAIL3OFORHG2] DEFAULT (0) FOR [FINANCED]
GO
ALTER TABLE [dbo].[USER_CGPHOME_PHDETAIL] WITH NOCHECK ADD 					
	CONSTRAINT [DF_UCGPHOME_PHDETAIL3OFORHG3] DEFAULT ('0') FOR [FLATORFELT_ID]
GO
ALTER TABLE [dbo].[USER_CGPHOME_PHDETAIL] WITH NOCHECK ADD 					
	CONSTRAINT [DF_UCGPHOME_PHDETAIL3OFORHG4] DEFAULT ('0') FOR [YOMANUFACTURE_ID]
GO
ALTER TABLE [dbo].[USER_CGPHOME_PHDETAIL] WITH NOCHECK ADD 					
	CONSTRAINT [DF_UCGPHOME_PHDETAIL3OFORHG5] DEFAULT ('0') FOR [MODEL_ID]
GO
ALTER TABLE [dbo].[USER_CGPHOME_PHDETAIL] WITH NOCHECK ADD 					
	CONSTRAINT [DF_UCGPHOME_PHDETAIL3OFORHG6] DEFAULT ('0') FOR [MAKE_ID]
GO
GO

CREATE  INDEX [IDX_UCGPHOME_PHDETAIL] ON [dbo].[USER_CGPHOME_PHDETAIL]([POLICY_DETAILS_ID], [HISTORY_ID]) ON [PRIMARY]				
GO	

GRANT  SELECT  ON [dbo].[USER_CGPHOME_PHDETAIL]  TO [TRANSACTORUSERS]
GO

GRANT  SELECT  ON [dbo].[USER_CGPHOME_PHDETAIL]  TO [TRANSACTORPMUSERS]
GO


ALTER TABLE [dbo].[USER_CGPHOME_PHDETAIL] ADD 

	CONSTRAINT [FK_UCGPHOME_PHDETAIL] FOREIGN KEY 
	(
		[POLICY_DETAILS_ID],
		[HISTORY_ID]
	) REFERENCES [dbo].[CUSTOMER_POLICY_DETAILS] (
		[POLICY_DETAILS_ID],
		[HISTORY_ID]
	) NOT FOR REPLICATION
GO	
	
ALTER TABLE [dbo].[USER_CGPHOME_PHDETAIL] ADD 
	CONSTRAINT [FK_UCGPHOME_PHDETAIL3OFORHG7] FOREIGN KEY 
	(
		[WINLOCKS_ID]
    
	) REFERENCES [dbo].[LIST_PARKHOME_WINDOW_LOCKS] (
		[PARKHOME_WINDOW_LOCKS_ID]
	)	NOT FOR REPLICATION
	
GO
ALTER TABLE [dbo].[USER_CGPHOME_PHDETAIL] ADD 
	CONSTRAINT [FK_UCGPHOME_PHDETAIL3OFORHG8] FOREIGN KEY 
	(
		[ALARMTYPE_ID]
    
	) REFERENCES [dbo].[LIST_PARKHOME_ALARM] (
		[PARKHOME_ALARM_ID]
	)	NOT FOR REPLICATION
	
GO
ALTER TABLE [dbo].[USER_CGPHOME_PHDETAIL] ADD 
	CONSTRAINT [FK_UCGPHOME_PHDETAIL3OFORHG9] FOREIGN KEY 
	(
		[DOORLOCK_ID]
    
	) REFERENCES [dbo].[LIST_PARKHOME_DOOR_LOCKS] (
		[PARKHOME_DOOR_LOCKS_ID]
	)	NOT FOR REPLICATION
	
GO
ALTER TABLE [dbo].[USER_CGPHOME_PHDETAIL] ADD 
	CONSTRAINT [FK_UCGPHOME_PHDETAIL3OFORHG0] FOREIGN KEY 
	(
		[CYCLECOVER_ID]
    
	) REFERENCES [dbo].[LIST_PARKHOME_PEDALCOVER] (
		[PARKHOME_PEDALCOVER_ID]
	)	NOT FOR REPLICATION
	
GO
ALTER TABLE [dbo].[USER_CGPHOME_PHDETAIL] ADD 
	CONSTRAINT [FK_UCGPHOME_PHDETAIL3OFORHG1] FOREIGN KEY 
	(
		[PECOVER_ID]
    
	) REFERENCES [dbo].[LIST_PARKHOME_PECOVER] (
		[PARKHOME_PECOVER_ID]
	)	NOT FOR REPLICATION
	
GO
ALTER TABLE [dbo].[USER_CGPHOME_PHDETAIL] ADD 
	CONSTRAINT [FK_UCGPHOME_PHDETAIL3OFORHH1] FOREIGN KEY 
	(
		[FLATORFELT_ID]
    
	) REFERENCES [dbo].[LIST_PARKHOME_ROOFTYPE] (
		[PARKHOME_ROOFTYPE_ID]
	)	NOT FOR REPLICATION
	
GO
ALTER TABLE [dbo].[USER_CGPHOME_PHDETAIL] ADD 
	CONSTRAINT [FK_UCGPHOME_PHDETAIL3OFORHH2] FOREIGN KEY 
	(
		[YOMANUFACTURE_ID]
    
	) REFERENCES [dbo].[LIST_YEAR] (
		[YEAR_ID]
	)	NOT FOR REPLICATION
	
GO
ALTER TABLE [dbo].[USER_CGPHOME_PHDETAIL] ADD 
	CONSTRAINT [FK_UCGPHOME_PHDETAIL3OFORHH3] FOREIGN KEY 
	(
		[MODEL_ID]
    
	) REFERENCES [dbo].[LIST_PARKHOME_MODEL] (
		[PARKHOME_MODEL_ID]
	)	NOT FOR REPLICATION
	
GO
ALTER TABLE [dbo].[USER_CGPHOME_PHDETAIL] ADD 
	CONSTRAINT [FK_UCGPHOME_PHDETAIL3OFORHH4] FOREIGN KEY 
	(
		[MAKE_ID]
    
	) REFERENCES [dbo].[LIST_PARKHOME_MAKE] (
		[PARKHOME_MAKE_ID]
	)	NOT FOR REPLICATION
	
GO
 
IF EXISTS (SELECT * FROM DBO.SYSOBJECTS WHERE ID = OBJECT_ID(N'[DBO].[USER_READ_CGPHOME_PHDETAIL]') AND OBJECTPROPERTY(ID, N'ISPROCEDURE') = 1)
DROP PROCEDURE [DBO].[USER_READ_CGPHOME_PHDETAIL]
GO
			
SET QUOTED_IDENTIFIER OFF 
GO
SET ANSI_NULLS ON 
GO

CREATE PROCEDURE DBO.USER_READ_CGPHOME_PHDETAIL (

@POLICY_DETAILS_ID CHAR(32),
@HISTORY_ID INT    
  

)	

AS
	
SELECT	
	USER_CGPHOME_PHDETAIL.[CGPHOME_PHDETAIL_ID], 

  USER_CGPHOME_PHDETAIL.[HISTORY_ID],
	USER_CGPHOME_PHDETAIL.[POLICY_DETAILS_ID]
		,WINLOCKS_ALIAS.[PARKHOME_WINDOW_LOCKS_ID] as WINLOCKS_ID,
	WINLOCKS_ALIAS.[PARKHOME_WINDOW_LOCKS_DEBUG] as WINLOCKS_DEBUG,ALARMTYPE_ALIAS.[PARKHOME_ALARM_ID] as ALARMTYPE_ID,
	ALARMTYPE_ALIAS.[PARKHOME_ALARM_DEBUG] as ALARMTYPE_DEBUG,DOORLOCK_ALIAS.[PARKHOME_DOOR_LOCKS_ID] as DOORLOCK_ID,
	DOORLOCK_ALIAS.[PARKHOME_DOOR_LOCKS_DEBUG] as DOORLOCK_DEBUG,
	USER_CGPHOME_PHDETAIL.[PESPECCOUNT],
	USER_CGPHOME_PHDETAIL.[CONTSPECCOUNT],
	USER_CGPHOME_PHDETAIL.[TOTALSI],CYCLECOVER_ALIAS.[PARKHOME_PEDALCOVER_ID] as CYCLECOVER_ID,
	CYCLECOVER_ALIAS.[PARKHOME_PEDALCOVER_DEBUG] as CYCLECOVER_DEBUG,PECOVER_ALIAS.[PARKHOME_PECOVER_ID] as PECOVER_ID,
	PECOVER_ALIAS.[PARKHOME_PECOVER_DEBUG] as PECOVER_DEBUG,
	USER_CGPHOME_PHDETAIL.[ADCOVER],
	USER_CGPHOME_PHDETAIL.[CONTENTSI],
	USER_CGPHOME_PHDETAIL.[PHSI],
	USER_CGPHOME_PHDETAIL.[GSOREPAIR],
	USER_CGPHOME_PHDETAIL.[SMOKE],
	USER_CGPHOME_PHDETAIL.[FINANCED],FLATORFELT_ALIAS.[PARKHOME_ROOFTYPE_ID] as FLATORFELT_ID,
	FLATORFELT_ALIAS.[PARKHOME_ROOFTYPE_DEBUG] as FLATORFELT_DEBUG,YOMANUFACTURE_ALIAS.[YEAR_ID] as YOMANUFACTURE_ID,
	YOMANUFACTURE_ALIAS.[YEAR_DEBUG] as YOMANUFACTURE_DEBUG,
	USER_CGPHOME_PHDETAIL.[TYPE],MODEL_ALIAS.[PARKHOME_MODEL_ID] as MODEL_ID,
	MODEL_ALIAS.[PARKHOME_MODEL_DEBUG] as MODEL_DEBUG,MAKE_ALIAS.[PARKHOME_MAKE_ID] as MAKE_ID,
	MAKE_ALIAS.[PARKHOME_MAKE_DEBUG] as MAKE_DEBUG,
	USER_CGPHOME_PHDETAIL.[INTPARTY],
	USER_CGPHOME_PHDETAIL.USERINSTANCE
FROM		
	USER_CGPHOME_PHDETAIL
	INNER JOIN LIST_PARKHOME_WINDOW_LOCKS as WINLOCKS_ALIAS ON USER_CGPHOME_PHDETAIL.[WINLOCKS_ID] = WINLOCKS_ALIAS.[PARKHOME_WINDOW_LOCKS_ID]
	INNER JOIN LIST_PARKHOME_ALARM as ALARMTYPE_ALIAS ON USER_CGPHOME_PHDETAIL.[ALARMTYPE_ID] = ALARMTYPE_ALIAS.[PARKHOME_ALARM_ID]
	INNER JOIN LIST_PARKHOME_DOOR_LOCKS as DOORLOCK_ALIAS ON USER_CGPHOME_PHDETAIL.[DOORLOCK_ID] = DOORLOCK_ALIAS.[PARKHOME_DOOR_LOCKS_ID]
	INNER JOIN LIST_PARKHOME_PEDALCOVER as CYCLECOVER_ALIAS ON USER_CGPHOME_PHDETAIL.[CYCLECOVER_ID] = CYCLECOVER_ALIAS.[PARKHOME_PEDALCOVER_ID]
	INNER JOIN LIST_PARKHOME_PECOVER as PECOVER_ALIAS ON USER_CGPHOME_PHDETAIL.[PECOVER_ID] = PECOVER_ALIAS.[PARKHOME_PECOVER_ID]
	INNER JOIN LIST_PARKHOME_ROOFTYPE as FLATORFELT_ALIAS ON USER_CGPHOME_PHDETAIL.[FLATORFELT_ID] = FLATORFELT_ALIAS.[PARKHOME_ROOFTYPE_ID]
	INNER JOIN LIST_YEAR as YOMANUFACTURE_ALIAS ON USER_CGPHOME_PHDETAIL.[YOMANUFACTURE_ID] = YOMANUFACTURE_ALIAS.[YEAR_ID]
	INNER JOIN LIST_PARKHOME_MODEL as MODEL_ALIAS ON USER_CGPHOME_PHDETAIL.[MODEL_ID] = MODEL_ALIAS.[PARKHOME_MODEL_ID]
	INNER JOIN LIST_PARKHOME_MAKE as MAKE_ALIAS ON USER_CGPHOME_PHDETAIL.[MAKE_ID] = MAKE_ALIAS.[PARKHOME_MAKE_ID]
WHERE
  USER_CGPHOME_PHDETAIL.POLICY_DETAILS_ID = @POLICY_DETAILS_ID 
	AND USER_CGPHOME_PHDETAIL.HISTORY_ID = @HISTORY_ID      
    
ORDER BY
	USER_CGPHOME_PHDETAIL.USERINSTANCE ASC
		
GO

SET QUOTED_IDENTIFIER OFF 
GO
SET ANSI_NULLS ON 
GO

GRANT  EXECUTE  ON [DBO].[USER_READ_CGPHOME_PHDETAIL]  TO [TRANSACTORUSERS]
GO

GRANT  EXECUTE  ON [DBO].[USER_READ_CGPHOME_PHDETAIL]  TO [TRANSACTORPMUSERS]
GO

    
IF EXISTS (SELECT * FROM DBO.SYSOBJECTS WHERE ID = OBJECT_ID(N'[DBO].[USER_SAVE_CGPHOME_PHDETAIL]') AND OBJECTPROPERTY(ID, N'ISPROCEDURE') = 1)
DROP PROCEDURE [DBO].[USER_SAVE_CGPHOME_PHDETAIL]
GO

SET QUOTED_IDENTIFIER OFF 
GO
SET ANSI_NULLS ON 
GO

CREATE PROCEDURE DBO.USER_SAVE_CGPHOME_PHDETAIL

@CGPHOME_PHDETAIL_ID [CHAR](32), 

@HISTORY_ID [INT],
@POLICY_DETAILS_ID [CHAR](32),
@WINLOCKS_ID [VARCHAR] (8),
@ALARMTYPE_ID [VARCHAR] (8),
@DOORLOCK_ID [VARCHAR] (8),
				
@PESPECCOUNT [VARCHAR] (100),
				
@CONTSPECCOUNT [VARCHAR] (140),
@TOTALSI [MONEY],
@CYCLECOVER_ID [VARCHAR] (8),
@PECOVER_ID [VARCHAR] (8),
@ADCOVER [BIT],
@CONTENTSI [MONEY],
@PHSI [MONEY],
@GSOREPAIR [BIT],
@SMOKE [BIT],
@FINANCED [BIT],
@FLATORFELT_ID [VARCHAR] (8),
@YOMANUFACTURE_ID [VARCHAR] (8),
				
@TYPE [VARCHAR] (200),
@MODEL_ID [VARCHAR] (8),
@MAKE_ID [VARCHAR] (8),
				
@INTPARTY [VARCHAR] (8000),
@USERINSTANCE [INT]

AS

INSERT INTO 
USER_CGPHOME_PHDETAIL
(
	CGPHOME_PHDETAIL_ID, 

	HISTORY_ID,
	POLICY_DETAILS_ID,
	[WINLOCKS_ID] ,
	[ALARMTYPE_ID] ,
	[DOORLOCK_ID] ,
	[PESPECCOUNT],
	[CONTSPECCOUNT],
	[TOTALSI],
	[CYCLECOVER_ID] ,
	[PECOVER_ID] ,
	[ADCOVER],
	[CONTENTSI],
	[PHSI],
	[GSOREPAIR],
	[SMOKE],
	[FINANCED],
	[FLATORFELT_ID] ,
	[YOMANUFACTURE_ID] ,
	[TYPE],
	[MODEL_ID] ,
	[MAKE_ID] ,
	[INTPARTY],
	USERINSTANCE
) VALUES (
	@CGPHOME_PHDETAIL_ID, 

	@HISTORY_ID,
   @POLICY_DETAILS_ID,
	@WINLOCKS_ID,
	@ALARMTYPE_ID,
	@DOORLOCK_ID,
	@PESPECCOUNT,
	@CONTSPECCOUNT,
	@TOTALSI,
	@CYCLECOVER_ID,
	@PECOVER_ID,
	@ADCOVER,
	@CONTENTSI,
	@PHSI,
	@GSOREPAIR,
	@SMOKE,
	@FINANCED,
	@FLATORFELT_ID,
	@YOMANUFACTURE_ID,
	@TYPE,
	@MODEL_ID,
	@MAKE_ID,
	@INTPARTY,
	@USERINSTANCE
)
GO

SET QUOTED_IDENTIFIER OFF 
GO
SET ANSI_NULLS ON 
GO

GRANT  EXECUTE  ON [DBO].[USER_SAVE_CGPHOME_PHDETAIL]  TO [TRANSACTORUSERS]
GO

GRANT  EXECUTE  ON [DBO].[USER_SAVE_CGPHOME_PHDETAIL]  TO [TRANSACTORPMUSERS]
GO    
      
IF EXISTS (SELECT * FROM DBO.SYSOBJECTS WHERE ID = OBJECT_ID(N'[DBO].[USER_UPDATE_CGPHOME_PHDETAIL]') AND OBJECTPROPERTY(ID, N'ISPROCEDURE') = 1)
DROP PROCEDURE [DBO].[USER_UPDATE_CGPHOME_PHDETAIL]
GO

SET QUOTED_IDENTIFIER OFF 
GO
SET ANSI_NULLS ON 
GO

CREATE PROCEDURE DBO.USER_UPDATE_CGPHOME_PHDETAIL

@CGPHOME_PHDETAIL_ID [CHAR](32), 

@HISTORY_ID [INT],    
@POLICY_DETAILS_ID [CHAR](32),
@WINLOCKS_ID [VARCHAR] (8),
@ALARMTYPE_ID [VARCHAR] (8),
@DOORLOCK_ID [VARCHAR] (8),
				
@PESPECCOUNT [VARCHAR] (100),
				
@CONTSPECCOUNT [VARCHAR] (140),
@TOTALSI [MONEY],
@CYCLECOVER_ID [VARCHAR] (8),
@PECOVER_ID [VARCHAR] (8),
@ADCOVER [BIT],
@CONTENTSI [MONEY],
@PHSI [MONEY],
@GSOREPAIR [BIT],
@SMOKE [BIT],
@FINANCED [BIT],
@FLATORFELT_ID [VARCHAR] (8),
@YOMANUFACTURE_ID [VARCHAR] (8),
				
@TYPE [VARCHAR] (200),
@MODEL_ID [VARCHAR] (8),
@MAKE_ID [VARCHAR] (8),
				
@INTPARTY [VARCHAR] (8000),
@USERINSTANCE [INT]

AS

SET NOCOUNT ON

UPDATE
  USER_CGPHOME_PHDETAIL
SET
  [CGPHOME_PHDETAIL_ID] = @CGPHOME_PHDETAIL_ID,  
  
  [HISTORY_ID] = @HISTORY_ID,
  [POLICY_DETAILS_ID] = @POLICY_DETAILS_ID,
  [WINLOCKS_ID] = @WINLOCKS_ID,
  [ALARMTYPE_ID] = @ALARMTYPE_ID,
  [DOORLOCK_ID] = @DOORLOCK_ID,
  [PESPECCOUNT] = @PESPECCOUNT,
  [CONTSPECCOUNT] = @CONTSPECCOUNT,
  [TOTALSI] = @TOTALSI,
  [CYCLECOVER_ID] = @CYCLECOVER_ID,
  [PECOVER_ID] = @PECOVER_ID,
  [ADCOVER] = @ADCOVER,
  [CONTENTSI] = @CONTENTSI,
  [PHSI] = @PHSI,
  [GSOREPAIR] = @GSOREPAIR,
  [SMOKE] = @SMOKE,
  [FINANCED] = @FINANCED,
  [FLATORFELT_ID] = @FLATORFELT_ID,
  [YOMANUFACTURE_ID] = @YOMANUFACTURE_ID,
  [TYPE] = @TYPE,
  [MODEL_ID] = @MODEL_ID,
  [MAKE_ID] = @MAKE_ID,
  [INTPARTY] = @INTPARTY,      
  [USERINSTANCE] = @USERINSTANCE
WHERE
  [CGPHOME_PHDETAIL_ID] = @CGPHOME_PHDETAIL_ID

  AND [HISTORY_ID] = @HISTORY_ID      


GO

SET QUOTED_IDENTIFIER OFF 
GO
SET ANSI_NULLS ON 
GO

GRANT  EXECUTE  ON [DBO].[USER_UPDATE_CGPHOME_PHDETAIL]  TO [TRANSACTORUSERS], [TRANSACTORPMUSERS]
GO
  
 
IF EXISTS (SELECT * FROM DBO.SYSOBJECTS WHERE ID = OBJECT_ID(N'[DBO].[USER_DELETE_CGPHOME_PHDETAIL]') AND OBJECTPROPERTY(ID, N'ISPROCEDURE') = 1)
DROP PROCEDURE [DBO].[USER_DELETE_CGPHOME_PHDETAIL]
GO
			
SET QUOTED_IDENTIFIER OFF 
GO
SET ANSI_NULLS ON 
GO

CREATE PROCEDURE DBO.USER_DELETE_CGPHOME_PHDETAIL (

@CGPHOME_PHDETAIL_ID [CHAR](32), 
@HISTORY_ID INT    
)	

AS

SET NOCOUNT ON

DELETE USER_CGPHOME_PHDETAIL WHERE [CGPHOME_PHDETAIL_ID] = @CGPHOME_PHDETAIL_ID AND [HISTORY_ID] = @HISTORY_ID
  
GO

SET QUOTED_IDENTIFIER OFF 
GO
SET ANSI_NULLS ON 
GO

GRANT  EXECUTE  ON [DBO].[USER_DELETE_CGPHOME_PHDETAIL]  TO [TRANSACTORUSERS], [TRANSACTORPMUSERS]
GO

CREATE TABLE [dbo].[USER_CGPHOME_SPECCONT] (	
	[CGPHOME_SPECCONT_ID] [CHAR] (32) NOT NULL ,
	[HISTORY_ID] [INT] NOT NULL ,
	[POLICY_DETAILS_ID] [CHAR] (32) NOT NULL,
    [DUMMY] [VARCHAR] (100) NULL,
    
	[USERINSTANCE] [INT] NULL
) ON [PRIMARY]
GO


ALTER TABLE [dbo].[USER_CGPHOME_SPECCONT] WITH NOCHECK ADD 
	CONSTRAINT [PK_U_CGPHOME_SPECCONT] PRIMARY KEY  CLUSTERED 
	(
		[CGPHOME_SPECCONT_ID],
		[HISTORY_ID]
	)  ON [PRIMARY] 
GO


GO

CREATE  INDEX [IDX_UCGPHOME_SPECCONT] ON [dbo].[USER_CGPHOME_SPECCONT]([POLICY_DETAILS_ID], [HISTORY_ID]) ON [PRIMARY]				
GO	

GRANT  SELECT  ON [dbo].[USER_CGPHOME_SPECCONT]  TO [TRANSACTORUSERS]
GO

GRANT  SELECT  ON [dbo].[USER_CGPHOME_SPECCONT]  TO [TRANSACTORPMUSERS]
GO


ALTER TABLE [dbo].[USER_CGPHOME_SPECCONT] ADD 

	CONSTRAINT [FK_UCGPHOME_SPECCONT] FOREIGN KEY 
	(
		[POLICY_DETAILS_ID],
		[HISTORY_ID]
	) REFERENCES [dbo].[CUSTOMER_POLICY_DETAILS] (
		[POLICY_DETAILS_ID],
		[HISTORY_ID]
	) NOT FOR REPLICATION
GO	
	
 
IF EXISTS (SELECT * FROM DBO.SYSOBJECTS WHERE ID = OBJECT_ID(N'[DBO].[USER_READ_CGPHOME_SPECCONT]') AND OBJECTPROPERTY(ID, N'ISPROCEDURE') = 1)
DROP PROCEDURE [DBO].[USER_READ_CGPHOME_SPECCONT]
GO
			
SET QUOTED_IDENTIFIER OFF 
GO
SET ANSI_NULLS ON 
GO

CREATE PROCEDURE DBO.USER_READ_CGPHOME_SPECCONT (

@POLICY_DETAILS_ID CHAR(32),
@HISTORY_ID INT    
  

)	

AS
	
SELECT	
	USER_CGPHOME_SPECCONT.[CGPHOME_SPECCONT_ID], 

  USER_CGPHOME_SPECCONT.[HISTORY_ID],
	USER_CGPHOME_SPECCONT.[POLICY_DETAILS_ID]
		,
	USER_CGPHOME_SPECCONT.[DUMMY],
	USER_CGPHOME_SPECCONT.USERINSTANCE
FROM		
	USER_CGPHOME_SPECCONT
WHERE
  USER_CGPHOME_SPECCONT.POLICY_DETAILS_ID = @POLICY_DETAILS_ID 
	AND USER_CGPHOME_SPECCONT.HISTORY_ID = @HISTORY_ID      
    
ORDER BY
	USER_CGPHOME_SPECCONT.USERINSTANCE ASC
		
GO

SET QUOTED_IDENTIFIER OFF 
GO
SET ANSI_NULLS ON 
GO

GRANT  EXECUTE  ON [DBO].[USER_READ_CGPHOME_SPECCONT]  TO [TRANSACTORUSERS]
GO

GRANT  EXECUTE  ON [DBO].[USER_READ_CGPHOME_SPECCONT]  TO [TRANSACTORPMUSERS]
GO

    
IF EXISTS (SELECT * FROM DBO.SYSOBJECTS WHERE ID = OBJECT_ID(N'[DBO].[USER_SAVE_CGPHOME_SPECCONT]') AND OBJECTPROPERTY(ID, N'ISPROCEDURE') = 1)
DROP PROCEDURE [DBO].[USER_SAVE_CGPHOME_SPECCONT]
GO

SET QUOTED_IDENTIFIER OFF 
GO
SET ANSI_NULLS ON 
GO

CREATE PROCEDURE DBO.USER_SAVE_CGPHOME_SPECCONT

@CGPHOME_SPECCONT_ID [CHAR](32), 

@HISTORY_ID [INT],
@POLICY_DETAILS_ID [CHAR](32),
				
@DUMMY [VARCHAR] (100),
@USERINSTANCE [INT]

AS

INSERT INTO 
USER_CGPHOME_SPECCONT
(
	CGPHOME_SPECCONT_ID, 

	HISTORY_ID,
	POLICY_DETAILS_ID,
	[DUMMY],
	USERINSTANCE
) VALUES (
	@CGPHOME_SPECCONT_ID, 

	@HISTORY_ID,
   @POLICY_DETAILS_ID,
	@DUMMY,
	@USERINSTANCE
)
GO

SET QUOTED_IDENTIFIER OFF 
GO
SET ANSI_NULLS ON 
GO

GRANT  EXECUTE  ON [DBO].[USER_SAVE_CGPHOME_SPECCONT]  TO [TRANSACTORUSERS]
GO

GRANT  EXECUTE  ON [DBO].[USER_SAVE_CGPHOME_SPECCONT]  TO [TRANSACTORPMUSERS]
GO    
      
IF EXISTS (SELECT * FROM DBO.SYSOBJECTS WHERE ID = OBJECT_ID(N'[DBO].[USER_UPDATE_CGPHOME_SPECCONT]') AND OBJECTPROPERTY(ID, N'ISPROCEDURE') = 1)
DROP PROCEDURE [DBO].[USER_UPDATE_CGPHOME_SPECCONT]
GO

SET QUOTED_IDENTIFIER OFF 
GO
SET ANSI_NULLS ON 
GO

CREATE PROCEDURE DBO.USER_UPDATE_CGPHOME_SPECCONT

@CGPHOME_SPECCONT_ID [CHAR](32), 

@HISTORY_ID [INT],    
@POLICY_DETAILS_ID [CHAR](32),
				
@DUMMY [VARCHAR] (100),
@USERINSTANCE [INT]

AS

SET NOCOUNT ON

UPDATE
  USER_CGPHOME_SPECCONT
SET
  [CGPHOME_SPECCONT_ID] = @CGPHOME_SPECCONT_ID,  
  
  [HISTORY_ID] = @HISTORY_ID,
  [POLICY_DETAILS_ID] = @POLICY_DETAILS_ID,
  [DUMMY] = @DUMMY,      
  [USERINSTANCE] = @USERINSTANCE
WHERE
  [CGPHOME_SPECCONT_ID] = @CGPHOME_SPECCONT_ID

  AND [HISTORY_ID] = @HISTORY_ID      


GO

SET QUOTED_IDENTIFIER OFF 
GO
SET ANSI_NULLS ON 
GO

GRANT  EXECUTE  ON [DBO].[USER_UPDATE_CGPHOME_SPECCONT]  TO [TRANSACTORUSERS], [TRANSACTORPMUSERS]
GO
  
 
IF EXISTS (SELECT * FROM DBO.SYSOBJECTS WHERE ID = OBJECT_ID(N'[DBO].[USER_DELETE_CGPHOME_SPECCONT]') AND OBJECTPROPERTY(ID, N'ISPROCEDURE') = 1)
DROP PROCEDURE [DBO].[USER_DELETE_CGPHOME_SPECCONT]
GO
			
SET QUOTED_IDENTIFIER OFF 
GO
SET ANSI_NULLS ON 
GO

CREATE PROCEDURE DBO.USER_DELETE_CGPHOME_SPECCONT (

@CGPHOME_SPECCONT_ID [CHAR](32), 
@HISTORY_ID INT    
)	

AS

SET NOCOUNT ON

DELETE USER_CGPHOME_SPECCONT WHERE [CGPHOME_SPECCONT_ID] = @CGPHOME_SPECCONT_ID AND [HISTORY_ID] = @HISTORY_ID
  
GO

SET QUOTED_IDENTIFIER OFF 
GO
SET ANSI_NULLS ON 
GO

GRANT  EXECUTE  ON [DBO].[USER_DELETE_CGPHOME_SPECCONT]  TO [TRANSACTORUSERS], [TRANSACTORPMUSERS]
GO

CREATE TABLE [dbo].[USER_CGPHOME_SPECPE] (	
	[CGPHOME_SPECPE_ID] [CHAR] (32) NOT NULL ,
	[HISTORY_ID] [INT] NOT NULL ,
	[POLICY_DETAILS_ID] [CHAR] (32) NOT NULL,
    [DUMMY] [VARCHAR] (200) NULL,
    
	[USERINSTANCE] [INT] NULL
) ON [PRIMARY]
GO


ALTER TABLE [dbo].[USER_CGPHOME_SPECPE] WITH NOCHECK ADD 
	CONSTRAINT [PK_U_CGPHOME_SPECPE] PRIMARY KEY  CLUSTERED 
	(
		[CGPHOME_SPECPE_ID],
		[HISTORY_ID]
	)  ON [PRIMARY] 
GO


GO

CREATE  INDEX [IDX_UCGPHOME_SPECPE] ON [dbo].[USER_CGPHOME_SPECPE]([POLICY_DETAILS_ID], [HISTORY_ID]) ON [PRIMARY]				
GO	

GRANT  SELECT  ON [dbo].[USER_CGPHOME_SPECPE]  TO [TRANSACTORUSERS]
GO

GRANT  SELECT  ON [dbo].[USER_CGPHOME_SPECPE]  TO [TRANSACTORPMUSERS]
GO


ALTER TABLE [dbo].[USER_CGPHOME_SPECPE] ADD 

	CONSTRAINT [FK_UCGPHOME_SPECPE] FOREIGN KEY 
	(
		[POLICY_DETAILS_ID],
		[HISTORY_ID]
	) REFERENCES [dbo].[CUSTOMER_POLICY_DETAILS] (
		[POLICY_DETAILS_ID],
		[HISTORY_ID]
	) NOT FOR REPLICATION
GO	
	
 
IF EXISTS (SELECT * FROM DBO.SYSOBJECTS WHERE ID = OBJECT_ID(N'[DBO].[USER_READ_CGPHOME_SPECPE]') AND OBJECTPROPERTY(ID, N'ISPROCEDURE') = 1)
DROP PROCEDURE [DBO].[USER_READ_CGPHOME_SPECPE]
GO
			
SET QUOTED_IDENTIFIER OFF 
GO
SET ANSI_NULLS ON 
GO

CREATE PROCEDURE DBO.USER_READ_CGPHOME_SPECPE (

@POLICY_DETAILS_ID CHAR(32),
@HISTORY_ID INT    
  

)	

AS
	
SELECT	
	USER_CGPHOME_SPECPE.[CGPHOME_SPECPE_ID], 

  USER_CGPHOME_SPECPE.[HISTORY_ID],
	USER_CGPHOME_SPECPE.[POLICY_DETAILS_ID]
		,
	USER_CGPHOME_SPECPE.[DUMMY],
	USER_CGPHOME_SPECPE.USERINSTANCE
FROM		
	USER_CGPHOME_SPECPE
WHERE
  USER_CGPHOME_SPECPE.POLICY_DETAILS_ID = @POLICY_DETAILS_ID 
	AND USER_CGPHOME_SPECPE.HISTORY_ID = @HISTORY_ID      
    
ORDER BY
	USER_CGPHOME_SPECPE.USERINSTANCE ASC
		
GO

SET QUOTED_IDENTIFIER OFF 
GO
SET ANSI_NULLS ON 
GO

GRANT  EXECUTE  ON [DBO].[USER_READ_CGPHOME_SPECPE]  TO [TRANSACTORUSERS]
GO

GRANT  EXECUTE  ON [DBO].[USER_READ_CGPHOME_SPECPE]  TO [TRANSACTORPMUSERS]
GO

    
IF EXISTS (SELECT * FROM DBO.SYSOBJECTS WHERE ID = OBJECT_ID(N'[DBO].[USER_SAVE_CGPHOME_SPECPE]') AND OBJECTPROPERTY(ID, N'ISPROCEDURE') = 1)
DROP PROCEDURE [DBO].[USER_SAVE_CGPHOME_SPECPE]
GO

SET QUOTED_IDENTIFIER OFF 
GO
SET ANSI_NULLS ON 
GO

CREATE PROCEDURE DBO.USER_SAVE_CGPHOME_SPECPE

@CGPHOME_SPECPE_ID [CHAR](32), 

@HISTORY_ID [INT],
@POLICY_DETAILS_ID [CHAR](32),
				
@DUMMY [VARCHAR] (200),
@USERINSTANCE [INT]

AS

INSERT INTO 
USER_CGPHOME_SPECPE
(
	CGPHOME_SPECPE_ID, 

	HISTORY_ID,
	POLICY_DETAILS_ID,
	[DUMMY],
	USERINSTANCE
) VALUES (
	@CGPHOME_SPECPE_ID, 

	@HISTORY_ID,
   @POLICY_DETAILS_ID,
	@DUMMY,
	@USERINSTANCE
)
GO

SET QUOTED_IDENTIFIER OFF 
GO
SET ANSI_NULLS ON 
GO

GRANT  EXECUTE  ON [DBO].[USER_SAVE_CGPHOME_SPECPE]  TO [TRANSACTORUSERS]
GO

GRANT  EXECUTE  ON [DBO].[USER_SAVE_CGPHOME_SPECPE]  TO [TRANSACTORPMUSERS]
GO    
      
IF EXISTS (SELECT * FROM DBO.SYSOBJECTS WHERE ID = OBJECT_ID(N'[DBO].[USER_UPDATE_CGPHOME_SPECPE]') AND OBJECTPROPERTY(ID, N'ISPROCEDURE') = 1)
DROP PROCEDURE [DBO].[USER_UPDATE_CGPHOME_SPECPE]
GO

SET QUOTED_IDENTIFIER OFF 
GO
SET ANSI_NULLS ON 
GO

CREATE PROCEDURE DBO.USER_UPDATE_CGPHOME_SPECPE

@CGPHOME_SPECPE_ID [CHAR](32), 

@HISTORY_ID [INT],    
@POLICY_DETAILS_ID [CHAR](32),
				
@DUMMY [VARCHAR] (200),
@USERINSTANCE [INT]

AS

SET NOCOUNT ON

UPDATE
  USER_CGPHOME_SPECPE
SET
  [CGPHOME_SPECPE_ID] = @CGPHOME_SPECPE_ID,  
  
  [HISTORY_ID] = @HISTORY_ID,
  [POLICY_DETAILS_ID] = @POLICY_DETAILS_ID,
  [DUMMY] = @DUMMY,      
  [USERINSTANCE] = @USERINSTANCE
WHERE
  [CGPHOME_SPECPE_ID] = @CGPHOME_SPECPE_ID

  AND [HISTORY_ID] = @HISTORY_ID      


GO

SET QUOTED_IDENTIFIER OFF 
GO
SET ANSI_NULLS ON 
GO

GRANT  EXECUTE  ON [DBO].[USER_UPDATE_CGPHOME_SPECPE]  TO [TRANSACTORUSERS], [TRANSACTORPMUSERS]
GO
  
 
IF EXISTS (SELECT * FROM DBO.SYSOBJECTS WHERE ID = OBJECT_ID(N'[DBO].[USER_DELETE_CGPHOME_SPECPE]') AND OBJECTPROPERTY(ID, N'ISPROCEDURE') = 1)
DROP PROCEDURE [DBO].[USER_DELETE_CGPHOME_SPECPE]
GO
			
SET QUOTED_IDENTIFIER OFF 
GO
SET ANSI_NULLS ON 
GO

CREATE PROCEDURE DBO.USER_DELETE_CGPHOME_SPECPE (

@CGPHOME_SPECPE_ID [CHAR](32), 
@HISTORY_ID INT    
)	

AS

SET NOCOUNT ON

DELETE USER_CGPHOME_SPECPE WHERE [CGPHOME_SPECPE_ID] = @CGPHOME_SPECPE_ID AND [HISTORY_ID] = @HISTORY_ID
  
GO

SET QUOTED_IDENTIFIER OFF 
GO
SET ANSI_NULLS ON 
GO

GRANT  EXECUTE  ON [DBO].[USER_DELETE_CGPHOME_SPECPE]  TO [TRANSACTORUSERS], [TRANSACTORPMUSERS]
GO

CREATE TABLE [dbo].[USER_CGPHOME_PARKDETA] (	
	[CGPHOME_PARKDETA_ID] [CHAR] (32) NOT NULL ,
	[HISTORY_ID] [INT] NOT NULL ,
	[POLICY_DETAILS_ID] [CHAR] (32) NOT NULL,
    [UNOCCUPIED_ID] [VARCHAR] (8) NULL,
    [REGSITE] [BIT] NULL,
    [BUSINESSUSE_ID] [VARCHAR] (8) NULL,
    [NUMONSITE] [VARCHAR] (200) NULL,
    
	[USERINSTANCE] [INT] NULL
) ON [PRIMARY]
GO


ALTER TABLE [dbo].[USER_CGPHOME_PARKDETA] WITH NOCHECK ADD 
	CONSTRAINT [PK_U_CGPHOME_PARKDETA] PRIMARY KEY  CLUSTERED 
	(
		[CGPHOME_PARKDETA_ID],
		[HISTORY_ID]
	)  ON [PRIMARY] 
GO


ALTER TABLE [dbo].[USER_CGPHOME_PARKDETA] WITH NOCHECK ADD 					
	CONSTRAINT [DF_UCGPHOME_PARKDETA3OFORHH7] DEFAULT ('0') FOR [UNOCCUPIED_ID]
GO
ALTER TABLE [dbo].[USER_CGPHOME_PARKDETA] WITH NOCHECK ADD 				
	CONSTRAINT [DF_UCGPHOME_PARKDETA3OFORHH8] DEFAULT (0) FOR [REGSITE]
GO
ALTER TABLE [dbo].[USER_CGPHOME_PARKDETA] WITH NOCHECK ADD 					
	CONSTRAINT [DF_UCGPHOME_PARKDETA3OFORHH9] DEFAULT ('0') FOR [BUSINESSUSE_ID]
GO
GO

CREATE  INDEX [IDX_UCGPHOME_PARKDETA] ON [dbo].[USER_CGPHOME_PARKDETA]([POLICY_DETAILS_ID], [HISTORY_ID]) ON [PRIMARY]				
GO	

GRANT  SELECT  ON [dbo].[USER_CGPHOME_PARKDETA]  TO [TRANSACTORUSERS]
GO

GRANT  SELECT  ON [dbo].[USER_CGPHOME_PARKDETA]  TO [TRANSACTORPMUSERS]
GO


ALTER TABLE [dbo].[USER_CGPHOME_PARKDETA] ADD 

	CONSTRAINT [FK_UCGPHOME_PARKDETA] FOREIGN KEY 
	(
		[POLICY_DETAILS_ID],
		[HISTORY_ID]
	) REFERENCES [dbo].[CUSTOMER_POLICY_DETAILS] (
		[POLICY_DETAILS_ID],
		[HISTORY_ID]
	) NOT FOR REPLICATION
GO	
	
ALTER TABLE [dbo].[USER_CGPHOME_PARKDETA] ADD 
	CONSTRAINT [FK_UCGPHOME_PARKDETA3OFORHH0] FOREIGN KEY 
	(
		[UNOCCUPIED_ID]
    
	) REFERENCES [dbo].[LIST_PARKHOME_OCCUPANCY] (
		[PARKHOME_OCCUPANCY_ID]
	)	NOT FOR REPLICATION
	
GO
ALTER TABLE [dbo].[USER_CGPHOME_PARKDETA] ADD 
	CONSTRAINT [FK_UCGPHOME_PARKDETA3OFORHI0] FOREIGN KEY 
	(
		[BUSINESSUSE_ID]
    
	) REFERENCES [dbo].[LIST_PARKHOME_BUSINESS_USE] (
		[PARKHOME_BUSINESS_USE_ID]
	)	NOT FOR REPLICATION
	
GO
 
IF EXISTS (SELECT * FROM DBO.SYSOBJECTS WHERE ID = OBJECT_ID(N'[DBO].[USER_READ_CGPHOME_PARKDETA]') AND OBJECTPROPERTY(ID, N'ISPROCEDURE') = 1)
DROP PROCEDURE [DBO].[USER_READ_CGPHOME_PARKDETA]
GO
			
SET QUOTED_IDENTIFIER OFF 
GO
SET ANSI_NULLS ON 
GO

CREATE PROCEDURE DBO.USER_READ_CGPHOME_PARKDETA (

@POLICY_DETAILS_ID CHAR(32),
@HISTORY_ID INT    
  

)	

AS
	
SELECT	
	USER_CGPHOME_PARKDETA.[CGPHOME_PARKDETA_ID], 

  USER_CGPHOME_PARKDETA.[HISTORY_ID],
	USER_CGPHOME_PARKDETA.[POLICY_DETAILS_ID]
		,UNOCCUPIED_ALIAS.[PARKHOME_OCCUPANCY_ID] as UNOCCUPIED_ID,
	UNOCCUPIED_ALIAS.[PARKHOME_OCCUPANCY_DEBUG] as UNOCCUPIED_DEBUG,
	USER_CGPHOME_PARKDETA.[REGSITE],BUSINESSUSE_ALIAS.[PARKHOME_BUSINESS_USE_ID] as BUSINESSUSE_ID,
	BUSINESSUSE_ALIAS.[PARKHOME_BUSINESS_USE_DEBUG] as BUSINESSUSE_DEBUG,
	USER_CGPHOME_PARKDETA.[NUMONSITE],
	USER_CGPHOME_PARKDETA.USERINSTANCE
FROM		
	USER_CGPHOME_PARKDETA
	INNER JOIN LIST_PARKHOME_OCCUPANCY as UNOCCUPIED_ALIAS ON USER_CGPHOME_PARKDETA.[UNOCCUPIED_ID] = UNOCCUPIED_ALIAS.[PARKHOME_OCCUPANCY_ID]
	INNER JOIN LIST_PARKHOME_BUSINESS_USE as BUSINESSUSE_ALIAS ON USER_CGPHOME_PARKDETA.[BUSINESSUSE_ID] = BUSINESSUSE_ALIAS.[PARKHOME_BUSINESS_USE_ID]
WHERE
  USER_CGPHOME_PARKDETA.POLICY_DETAILS_ID = @POLICY_DETAILS_ID 
	AND USER_CGPHOME_PARKDETA.HISTORY_ID = @HISTORY_ID      
    
ORDER BY
	USER_CGPHOME_PARKDETA.USERINSTANCE ASC
		
GO

SET QUOTED_IDENTIFIER OFF 
GO
SET ANSI_NULLS ON 
GO

GRANT  EXECUTE  ON [DBO].[USER_READ_CGPHOME_PARKDETA]  TO [TRANSACTORUSERS]
GO

GRANT  EXECUTE  ON [DBO].[USER_READ_CGPHOME_PARKDETA]  TO [TRANSACTORPMUSERS]
GO

    
IF EXISTS (SELECT * FROM DBO.SYSOBJECTS WHERE ID = OBJECT_ID(N'[DBO].[USER_SAVE_CGPHOME_PARKDETA]') AND OBJECTPROPERTY(ID, N'ISPROCEDURE') = 1)
DROP PROCEDURE [DBO].[USER_SAVE_CGPHOME_PARKDETA]
GO

SET QUOTED_IDENTIFIER OFF 
GO
SET ANSI_NULLS ON 
GO

CREATE PROCEDURE DBO.USER_SAVE_CGPHOME_PARKDETA

@CGPHOME_PARKDETA_ID [CHAR](32), 

@HISTORY_ID [INT],
@POLICY_DETAILS_ID [CHAR](32),
@UNOCCUPIED_ID [VARCHAR] (8),
@REGSITE [BIT],
@BUSINESSUSE_ID [VARCHAR] (8),
				
@NUMONSITE [VARCHAR] (200),
@USERINSTANCE [INT]

AS

INSERT INTO 
USER_CGPHOME_PARKDETA
(
	CGPHOME_PARKDETA_ID, 

	HISTORY_ID,
	POLICY_DETAILS_ID,
	[UNOCCUPIED_ID] ,
	[REGSITE],
	[BUSINESSUSE_ID] ,
	[NUMONSITE],
	USERINSTANCE
) VALUES (
	@CGPHOME_PARKDETA_ID, 

	@HISTORY_ID,
   @POLICY_DETAILS_ID,
	@UNOCCUPIED_ID,
	@REGSITE,
	@BUSINESSUSE_ID,
	@NUMONSITE,
	@USERINSTANCE
)
GO

SET QUOTED_IDENTIFIER OFF 
GO
SET ANSI_NULLS ON 
GO

GRANT  EXECUTE  ON [DBO].[USER_SAVE_CGPHOME_PARKDETA]  TO [TRANSACTORUSERS]
GO

GRANT  EXECUTE  ON [DBO].[USER_SAVE_CGPHOME_PARKDETA]  TO [TRANSACTORPMUSERS]
GO    
      
IF EXISTS (SELECT * FROM DBO.SYSOBJECTS WHERE ID = OBJECT_ID(N'[DBO].[USER_UPDATE_CGPHOME_PARKDETA]') AND OBJECTPROPERTY(ID, N'ISPROCEDURE') = 1)
DROP PROCEDURE [DBO].[USER_UPDATE_CGPHOME_PARKDETA]
GO

SET QUOTED_IDENTIFIER OFF 
GO
SET ANSI_NULLS ON 
GO

CREATE PROCEDURE DBO.USER_UPDATE_CGPHOME_PARKDETA

@CGPHOME_PARKDETA_ID [CHAR](32), 

@HISTORY_ID [INT],    
@POLICY_DETAILS_ID [CHAR](32),
@UNOCCUPIED_ID [VARCHAR] (8),
@REGSITE [BIT],
@BUSINESSUSE_ID [VARCHAR] (8),
				
@NUMONSITE [VARCHAR] (200),
@USERINSTANCE [INT]

AS

SET NOCOUNT ON

UPDATE
  USER_CGPHOME_PARKDETA
SET
  [CGPHOME_PARKDETA_ID] = @CGPHOME_PARKDETA_ID,  
  
  [HISTORY_ID] = @HISTORY_ID,
  [POLICY_DETAILS_ID] = @POLICY_DETAILS_ID,
  [UNOCCUPIED_ID] = @UNOCCUPIED_ID,
  [REGSITE] = @REGSITE,
  [BUSINESSUSE_ID] = @BUSINESSUSE_ID,
  [NUMONSITE] = @NUMONSITE,      
  [USERINSTANCE] = @USERINSTANCE
WHERE
  [CGPHOME_PARKDETA_ID] = @CGPHOME_PARKDETA_ID

  AND [HISTORY_ID] = @HISTORY_ID      


GO

SET QUOTED_IDENTIFIER OFF 
GO
SET ANSI_NULLS ON 
GO

GRANT  EXECUTE  ON [DBO].[USER_UPDATE_CGPHOME_PARKDETA]  TO [TRANSACTORUSERS], [TRANSACTORPMUSERS]
GO
  
 
IF EXISTS (SELECT * FROM DBO.SYSOBJECTS WHERE ID = OBJECT_ID(N'[DBO].[USER_DELETE_CGPHOME_PARKDETA]') AND OBJECTPROPERTY(ID, N'ISPROCEDURE') = 1)
DROP PROCEDURE [DBO].[USER_DELETE_CGPHOME_PARKDETA]
GO
			
SET QUOTED_IDENTIFIER OFF 
GO
SET ANSI_NULLS ON 
GO

CREATE PROCEDURE DBO.USER_DELETE_CGPHOME_PARKDETA (

@CGPHOME_PARKDETA_ID [CHAR](32), 
@HISTORY_ID INT    
)	

AS

SET NOCOUNT ON

DELETE USER_CGPHOME_PARKDETA WHERE [CGPHOME_PARKDETA_ID] = @CGPHOME_PARKDETA_ID AND [HISTORY_ID] = @HISTORY_ID
  
GO

SET QUOTED_IDENTIFIER OFF 
GO
SET ANSI_NULLS ON 
GO

GRANT  EXECUTE  ON [DBO].[USER_DELETE_CGPHOME_PARKDETA]  TO [TRANSACTORUSERS], [TRANSACTORPMUSERS]
GO

CREATE TABLE [dbo].[USER_CGPHOME_CLAIMSUM] (	
	[CGPHOME_CLAIMSUM_ID] [CHAR] (32) NOT NULL ,
	[HISTORY_ID] [INT] NOT NULL ,
	[POLICY_DETAILS_ID] [CHAR] (32) NOT NULL,
    
	[USERINSTANCE] [INT] NULL
) ON [PRIMARY]
GO


ALTER TABLE [dbo].[USER_CGPHOME_CLAIMSUM] WITH NOCHECK ADD 
	CONSTRAINT [PK_U_CGPHOME_CLAIMSUM] PRIMARY KEY  CLUSTERED 
	(
		[CGPHOME_CLAIMSUM_ID],
		[HISTORY_ID]
	)  ON [PRIMARY] 
GO


GO

CREATE  INDEX [IDX_UCGPHOME_CLAIMSUM] ON [dbo].[USER_CGPHOME_CLAIMSUM]([POLICY_DETAILS_ID], [HISTORY_ID]) ON [PRIMARY]				
GO	

GRANT  SELECT  ON [dbo].[USER_CGPHOME_CLAIMSUM]  TO [TRANSACTORUSERS]
GO

GRANT  SELECT  ON [dbo].[USER_CGPHOME_CLAIMSUM]  TO [TRANSACTORPMUSERS]
GO


ALTER TABLE [dbo].[USER_CGPHOME_CLAIMSUM] ADD 

	CONSTRAINT [FK_UCGPHOME_CLAIMSUM] FOREIGN KEY 
	(
		[POLICY_DETAILS_ID],
		[HISTORY_ID]
	) REFERENCES [dbo].[CUSTOMER_POLICY_DETAILS] (
		[POLICY_DETAILS_ID],
		[HISTORY_ID]
	) NOT FOR REPLICATION
GO	
	
 
IF EXISTS (SELECT * FROM DBO.SYSOBJECTS WHERE ID = OBJECT_ID(N'[DBO].[USER_READ_CGPHOME_CLAIMSUM]') AND OBJECTPROPERTY(ID, N'ISPROCEDURE') = 1)
DROP PROCEDURE [DBO].[USER_READ_CGPHOME_CLAIMSUM]
GO
			
SET QUOTED_IDENTIFIER OFF 
GO
SET ANSI_NULLS ON 
GO

CREATE PROCEDURE DBO.USER_READ_CGPHOME_CLAIMSUM (

@POLICY_DETAILS_ID CHAR(32),
@HISTORY_ID INT    
  

)	

AS
	
SELECT	
	USER_CGPHOME_CLAIMSUM.[CGPHOME_CLAIMSUM_ID], 

  USER_CGPHOME_CLAIMSUM.[HISTORY_ID],
	USER_CGPHOME_CLAIMSUM.[POLICY_DETAILS_ID]
		,
	USER_CGPHOME_CLAIMSUM.USERINSTANCE
FROM		
	USER_CGPHOME_CLAIMSUM
WHERE
  USER_CGPHOME_CLAIMSUM.POLICY_DETAILS_ID = @POLICY_DETAILS_ID 
	AND USER_CGPHOME_CLAIMSUM.HISTORY_ID = @HISTORY_ID      
    
ORDER BY
	USER_CGPHOME_CLAIMSUM.USERINSTANCE ASC
		
GO

SET QUOTED_IDENTIFIER OFF 
GO
SET ANSI_NULLS ON 
GO

GRANT  EXECUTE  ON [DBO].[USER_READ_CGPHOME_CLAIMSUM]  TO [TRANSACTORUSERS]
GO

GRANT  EXECUTE  ON [DBO].[USER_READ_CGPHOME_CLAIMSUM]  TO [TRANSACTORPMUSERS]
GO

    
IF EXISTS (SELECT * FROM DBO.SYSOBJECTS WHERE ID = OBJECT_ID(N'[DBO].[USER_SAVE_CGPHOME_CLAIMSUM]') AND OBJECTPROPERTY(ID, N'ISPROCEDURE') = 1)
DROP PROCEDURE [DBO].[USER_SAVE_CGPHOME_CLAIMSUM]
GO

SET QUOTED_IDENTIFIER OFF 
GO
SET ANSI_NULLS ON 
GO

CREATE PROCEDURE DBO.USER_SAVE_CGPHOME_CLAIMSUM

@CGPHOME_CLAIMSUM_ID [CHAR](32), 

@HISTORY_ID [INT],
@POLICY_DETAILS_ID [CHAR](32),
@USERINSTANCE [INT]

AS

INSERT INTO 
USER_CGPHOME_CLAIMSUM
(
	CGPHOME_CLAIMSUM_ID, 

	HISTORY_ID,
	POLICY_DETAILS_ID,
	USERINSTANCE
) VALUES (
	@CGPHOME_CLAIMSUM_ID, 

	@HISTORY_ID,
   @POLICY_DETAILS_ID,
	@USERINSTANCE
)
GO

SET QUOTED_IDENTIFIER OFF 
GO
SET ANSI_NULLS ON 
GO

GRANT  EXECUTE  ON [DBO].[USER_SAVE_CGPHOME_CLAIMSUM]  TO [TRANSACTORUSERS]
GO

GRANT  EXECUTE  ON [DBO].[USER_SAVE_CGPHOME_CLAIMSUM]  TO [TRANSACTORPMUSERS]
GO    
      
IF EXISTS (SELECT * FROM DBO.SYSOBJECTS WHERE ID = OBJECT_ID(N'[DBO].[USER_UPDATE_CGPHOME_CLAIMSUM]') AND OBJECTPROPERTY(ID, N'ISPROCEDURE') = 1)
DROP PROCEDURE [DBO].[USER_UPDATE_CGPHOME_CLAIMSUM]
GO

SET QUOTED_IDENTIFIER OFF 
GO
SET ANSI_NULLS ON 
GO

CREATE PROCEDURE DBO.USER_UPDATE_CGPHOME_CLAIMSUM

@CGPHOME_CLAIMSUM_ID [CHAR](32), 

@HISTORY_ID [INT],    
@POLICY_DETAILS_ID [CHAR](32),
@USERINSTANCE [INT]

AS

SET NOCOUNT ON

UPDATE
  USER_CGPHOME_CLAIMSUM
SET
  [CGPHOME_CLAIMSUM_ID] = @CGPHOME_CLAIMSUM_ID,  
  
  [HISTORY_ID] = @HISTORY_ID,
  [POLICY_DETAILS_ID] = @POLICY_DETAILS_ID,      
  [USERINSTANCE] = @USERINSTANCE
WHERE
  [CGPHOME_CLAIMSUM_ID] = @CGPHOME_CLAIMSUM_ID

  AND [HISTORY_ID] = @HISTORY_ID      


GO

SET QUOTED_IDENTIFIER OFF 
GO
SET ANSI_NULLS ON 
GO

GRANT  EXECUTE  ON [DBO].[USER_UPDATE_CGPHOME_CLAIMSUM]  TO [TRANSACTORUSERS], [TRANSACTORPMUSERS]
GO
  
 
IF EXISTS (SELECT * FROM DBO.SYSOBJECTS WHERE ID = OBJECT_ID(N'[DBO].[USER_DELETE_CGPHOME_CLAIMSUM]') AND OBJECTPROPERTY(ID, N'ISPROCEDURE') = 1)
DROP PROCEDURE [DBO].[USER_DELETE_CGPHOME_CLAIMSUM]
GO
			
SET QUOTED_IDENTIFIER OFF 
GO
SET ANSI_NULLS ON 
GO

CREATE PROCEDURE DBO.USER_DELETE_CGPHOME_CLAIMSUM (

@CGPHOME_CLAIMSUM_ID [CHAR](32), 
@HISTORY_ID INT    
)	

AS

SET NOCOUNT ON

DELETE USER_CGPHOME_CLAIMSUM WHERE [CGPHOME_CLAIMSUM_ID] = @CGPHOME_CLAIMSUM_ID AND [HISTORY_ID] = @HISTORY_ID
  
GO

SET QUOTED_IDENTIFIER OFF 
GO
SET ANSI_NULLS ON 
GO

GRANT  EXECUTE  ON [DBO].[USER_DELETE_CGPHOME_CLAIMSUM]  TO [TRANSACTORUSERS], [TRANSACTORPMUSERS]
GO

CREATE TABLE [dbo].[USER_CGPHOME_XSANDNCD] (	
	[CGPHOME_XSANDNCD_ID] [CHAR] (32) NOT NULL ,
	[HISTORY_ID] [INT] NOT NULL ,
	[POLICY_DETAILS_ID] [CHAR] (32) NOT NULL,
    [NCD_ID] [VARCHAR] (8) NULL,
    [EXCESS_ID] [VARCHAR] (8) NULL,
    
	[USERINSTANCE] [INT] NULL
) ON [PRIMARY]
GO


ALTER TABLE [dbo].[USER_CGPHOME_XSANDNCD] WITH NOCHECK ADD 
	CONSTRAINT [PK_U_CGPHOME_XSANDNCD] PRIMARY KEY  CLUSTERED 
	(
		[CGPHOME_XSANDNCD_ID],
		[HISTORY_ID]
	)  ON [PRIMARY] 
GO


ALTER TABLE [dbo].[USER_CGPHOME_XSANDNCD] WITH NOCHECK ADD 					
	CONSTRAINT [DF_UCGPHOME_XSANDNCD3OFORHI1] DEFAULT ('0') FOR [NCD_ID]
GO
ALTER TABLE [dbo].[USER_CGPHOME_XSANDNCD] WITH NOCHECK ADD 					
	CONSTRAINT [DF_UCGPHOME_XSANDNCD3OFORHI2] DEFAULT ('0') FOR [EXCESS_ID]
GO
GO

CREATE  INDEX [IDX_UCGPHOME_XSANDNCD] ON [dbo].[USER_CGPHOME_XSANDNCD]([POLICY_DETAILS_ID], [HISTORY_ID]) ON [PRIMARY]				
GO	

GRANT  SELECT  ON [dbo].[USER_CGPHOME_XSANDNCD]  TO [TRANSACTORUSERS]
GO

GRANT  SELECT  ON [dbo].[USER_CGPHOME_XSANDNCD]  TO [TRANSACTORPMUSERS]
GO


ALTER TABLE [dbo].[USER_CGPHOME_XSANDNCD] ADD 

	CONSTRAINT [FK_UCGPHOME_XSANDNCD] FOREIGN KEY 
	(
		[POLICY_DETAILS_ID],
		[HISTORY_ID]
	) REFERENCES [dbo].[CUSTOMER_POLICY_DETAILS] (
		[POLICY_DETAILS_ID],
		[HISTORY_ID]
	) NOT FOR REPLICATION
GO	
	
ALTER TABLE [dbo].[USER_CGPHOME_XSANDNCD] ADD 
	CONSTRAINT [FK_UCGPHOME_XSANDNCD3OFORHI3] FOREIGN KEY 
	(
		[NCD_ID]
    
	) REFERENCES [dbo].[LIST_PARKHOME_NCD] (
		[PARKHOME_NCD_ID]
	)	NOT FOR REPLICATION
	
GO
ALTER TABLE [dbo].[USER_CGPHOME_XSANDNCD] ADD 
	CONSTRAINT [FK_UCGPHOME_XSANDNCD3OFORHI4] FOREIGN KEY 
	(
		[EXCESS_ID]
    
	) REFERENCES [dbo].[LIST_PARKHOME_EXCESS] (
		[PARKHOME_EXCESS_ID]
	)	NOT FOR REPLICATION
	
GO
 
IF EXISTS (SELECT * FROM DBO.SYSOBJECTS WHERE ID = OBJECT_ID(N'[DBO].[USER_READ_CGPHOME_XSANDNCD]') AND OBJECTPROPERTY(ID, N'ISPROCEDURE') = 1)
DROP PROCEDURE [DBO].[USER_READ_CGPHOME_XSANDNCD]
GO
			
SET QUOTED_IDENTIFIER OFF 
GO
SET ANSI_NULLS ON 
GO

CREATE PROCEDURE DBO.USER_READ_CGPHOME_XSANDNCD (

@POLICY_DETAILS_ID CHAR(32),
@HISTORY_ID INT    
  

)	

AS
	
SELECT	
	USER_CGPHOME_XSANDNCD.[CGPHOME_XSANDNCD_ID], 

  USER_CGPHOME_XSANDNCD.[HISTORY_ID],
	USER_CGPHOME_XSANDNCD.[POLICY_DETAILS_ID]
		,NCD_ALIAS.[PARKHOME_NCD_ID] as NCD_ID,
	NCD_ALIAS.[PARKHOME_NCD_DEBUG] as NCD_DEBUG,EXCESS_ALIAS.[PARKHOME_EXCESS_ID] as EXCESS_ID,
	EXCESS_ALIAS.[PARKHOME_EXCESS_DEBUG] as EXCESS_DEBUG,
	USER_CGPHOME_XSANDNCD.USERINSTANCE
FROM		
	USER_CGPHOME_XSANDNCD
	INNER JOIN LIST_PARKHOME_NCD as NCD_ALIAS ON USER_CGPHOME_XSANDNCD.[NCD_ID] = NCD_ALIAS.[PARKHOME_NCD_ID]
	INNER JOIN LIST_PARKHOME_EXCESS as EXCESS_ALIAS ON USER_CGPHOME_XSANDNCD.[EXCESS_ID] = EXCESS_ALIAS.[PARKHOME_EXCESS_ID]
WHERE
  USER_CGPHOME_XSANDNCD.POLICY_DETAILS_ID = @POLICY_DETAILS_ID 
	AND USER_CGPHOME_XSANDNCD.HISTORY_ID = @HISTORY_ID      
    
ORDER BY
	USER_CGPHOME_XSANDNCD.USERINSTANCE ASC
		
GO

SET QUOTED_IDENTIFIER OFF 
GO
SET ANSI_NULLS ON 
GO

GRANT  EXECUTE  ON [DBO].[USER_READ_CGPHOME_XSANDNCD]  TO [TRANSACTORUSERS]
GO

GRANT  EXECUTE  ON [DBO].[USER_READ_CGPHOME_XSANDNCD]  TO [TRANSACTORPMUSERS]
GO

    
IF EXISTS (SELECT * FROM DBO.SYSOBJECTS WHERE ID = OBJECT_ID(N'[DBO].[USER_SAVE_CGPHOME_XSANDNCD]') AND OBJECTPROPERTY(ID, N'ISPROCEDURE') = 1)
DROP PROCEDURE [DBO].[USER_SAVE_CGPHOME_XSANDNCD]
GO

SET QUOTED_IDENTIFIER OFF 
GO
SET ANSI_NULLS ON 
GO

CREATE PROCEDURE DBO.USER_SAVE_CGPHOME_XSANDNCD

@CGPHOME_XSANDNCD_ID [CHAR](32), 

@HISTORY_ID [INT],
@POLICY_DETAILS_ID [CHAR](32),
@NCD_ID [VARCHAR] (8),
@EXCESS_ID [VARCHAR] (8),
@USERINSTANCE [INT]

AS

INSERT INTO 
USER_CGPHOME_XSANDNCD
(
	CGPHOME_XSANDNCD_ID, 

	HISTORY_ID,
	POLICY_DETAILS_ID,
	[NCD_ID] ,
	[EXCESS_ID] ,
	USERINSTANCE
) VALUES (
	@CGPHOME_XSANDNCD_ID, 

	@HISTORY_ID,
   @POLICY_DETAILS_ID,
	@NCD_ID,
	@EXCESS_ID,
	@USERINSTANCE
)
GO

SET QUOTED_IDENTIFIER OFF 
GO
SET ANSI_NULLS ON 
GO

GRANT  EXECUTE  ON [DBO].[USER_SAVE_CGPHOME_XSANDNCD]  TO [TRANSACTORUSERS]
GO

GRANT  EXECUTE  ON [DBO].[USER_SAVE_CGPHOME_XSANDNCD]  TO [TRANSACTORPMUSERS]
GO    
      
IF EXISTS (SELECT * FROM DBO.SYSOBJECTS WHERE ID = OBJECT_ID(N'[DBO].[USER_UPDATE_CGPHOME_XSANDNCD]') AND OBJECTPROPERTY(ID, N'ISPROCEDURE') = 1)
DROP PROCEDURE [DBO].[USER_UPDATE_CGPHOME_XSANDNCD]
GO

SET QUOTED_IDENTIFIER OFF 
GO
SET ANSI_NULLS ON 
GO

CREATE PROCEDURE DBO.USER_UPDATE_CGPHOME_XSANDNCD

@CGPHOME_XSANDNCD_ID [CHAR](32), 

@HISTORY_ID [INT],    
@POLICY_DETAILS_ID [CHAR](32),
@NCD_ID [VARCHAR] (8),
@EXCESS_ID [VARCHAR] (8),
@USERINSTANCE [INT]

AS

SET NOCOUNT ON

UPDATE
  USER_CGPHOME_XSANDNCD
SET
  [CGPHOME_XSANDNCD_ID] = @CGPHOME_XSANDNCD_ID,  
  
  [HISTORY_ID] = @HISTORY_ID,
  [POLICY_DETAILS_ID] = @POLICY_DETAILS_ID,
  [NCD_ID] = @NCD_ID,
  [EXCESS_ID] = @EXCESS_ID,      
  [USERINSTANCE] = @USERINSTANCE
WHERE
  [CGPHOME_XSANDNCD_ID] = @CGPHOME_XSANDNCD_ID

  AND [HISTORY_ID] = @HISTORY_ID      


GO

SET QUOTED_IDENTIFIER OFF 
GO
SET ANSI_NULLS ON 
GO

GRANT  EXECUTE  ON [DBO].[USER_UPDATE_CGPHOME_XSANDNCD]  TO [TRANSACTORUSERS], [TRANSACTORPMUSERS]
GO
  
 
IF EXISTS (SELECT * FROM DBO.SYSOBJECTS WHERE ID = OBJECT_ID(N'[DBO].[USER_DELETE_CGPHOME_XSANDNCD]') AND OBJECTPROPERTY(ID, N'ISPROCEDURE') = 1)
DROP PROCEDURE [DBO].[USER_DELETE_CGPHOME_XSANDNCD]
GO
			
SET QUOTED_IDENTIFIER OFF 
GO
SET ANSI_NULLS ON 
GO

CREATE PROCEDURE DBO.USER_DELETE_CGPHOME_XSANDNCD (

@CGPHOME_XSANDNCD_ID [CHAR](32), 
@HISTORY_ID INT    
)	

AS

SET NOCOUNT ON

DELETE USER_CGPHOME_XSANDNCD WHERE [CGPHOME_XSANDNCD_ID] = @CGPHOME_XSANDNCD_ID AND [HISTORY_ID] = @HISTORY_ID
  
GO

SET QUOTED_IDENTIFIER OFF 
GO
SET ANSI_NULLS ON 
GO

GRANT  EXECUTE  ON [DBO].[USER_DELETE_CGPHOME_XSANDNCD]  TO [TRANSACTORUSERS], [TRANSACTORPMUSERS]
GO

CREATE TABLE [dbo].[USER_CGPHOME_PROPOSER] (	
	[CGPHOME_PROPOSER_ID] [CHAR] (32) NOT NULL ,
	[HISTORY_ID] [INT] NOT NULL ,
	[POLICY_DETAILS_ID] [CHAR] (32) NOT NULL,
    [RELATIONSHIP_ID] [VARCHAR] (8) NULL,
    [MARITALSTATUS_ID] [VARCHAR] (8) NULL,
    [AGE] [NUMERIC] (18,2) NULL,
    [DOB] [DATETIME] NULL,
    [SURNAME] [VARCHAR] (100) NULL,
    [INITIALS] [VARCHAR] (100) NULL,
    [FORENAME] [VARCHAR] (100) NULL,
    [COMPANY] [BIT] NULL,
    [NA] [BIT] NULL,
    [FEMALE] [BIT] NULL,
    [MALE] [BIT] NULL,
    [TITLE_ID] [VARCHAR] (8) NULL,
    
	[USERINSTANCE] [INT] NULL
) ON [PRIMARY]
GO


ALTER TABLE [dbo].[USER_CGPHOME_PROPOSER] WITH NOCHECK ADD 
	CONSTRAINT [PK_U_CGPHOME_PROPOSER] PRIMARY KEY  CLUSTERED 
	(
		[CGPHOME_PROPOSER_ID],
		[HISTORY_ID]
	)  ON [PRIMARY] 
GO


ALTER TABLE [dbo].[USER_CGPHOME_PROPOSER] WITH NOCHECK ADD 					
	CONSTRAINT [DF_UCGPHOME_PROPOSER3OFORHI5] DEFAULT ('0') FOR [RELATIONSHIP_ID]
GO
ALTER TABLE [dbo].[USER_CGPHOME_PROPOSER] WITH NOCHECK ADD 					
	CONSTRAINT [DF_UCGPHOME_PROPOSER3OFORHI6] DEFAULT ('0') FOR [MARITALSTATUS_ID]
GO
ALTER TABLE [dbo].[USER_CGPHOME_PROPOSER] WITH NOCHECK ADD 	
	CONSTRAINT [DF_UCGPHOME_PROPOSER3OFORHI7] DEFAULT (0) FOR [COMPANY]
GO
ALTER TABLE [dbo].[USER_CGPHOME_PROPOSER] WITH NOCHECK ADD 	
	CONSTRAINT [DF_UCGPHOME_PROPOSER3OFORHI8] DEFAULT (0) FOR [NA]
GO
ALTER TABLE [dbo].[USER_CGPHOME_PROPOSER] WITH NOCHECK ADD 	
	CONSTRAINT [DF_UCGPHOME_PROPOSER3OFORHJ8] DEFAULT (0) FOR [FEMALE]
GO
ALTER TABLE [dbo].[USER_CGPHOME_PROPOSER] WITH NOCHECK ADD 	
	CONSTRAINT [DF_UCGPHOME_PROPOSER3OFORHJ9] DEFAULT (0) FOR [MALE]
GO
ALTER TABLE [dbo].[USER_CGPHOME_PROPOSER] WITH NOCHECK ADD 					
	CONSTRAINT [DF_UCGPHOME_PROPOSER3OFORHJ0] DEFAULT ('0') FOR [TITLE_ID]
GO
GO

CREATE  INDEX [IDX_UCGPHOME_PROPOSER] ON [dbo].[USER_CGPHOME_PROPOSER]([POLICY_DETAILS_ID], [HISTORY_ID]) ON [PRIMARY]				
GO	

GRANT  SELECT  ON [dbo].[USER_CGPHOME_PROPOSER]  TO [TRANSACTORUSERS]
GO

GRANT  SELECT  ON [dbo].[USER_CGPHOME_PROPOSER]  TO [TRANSACTORPMUSERS]
GO


ALTER TABLE [dbo].[USER_CGPHOME_PROPOSER] ADD 

	CONSTRAINT [FK_UCGPHOME_PROPOSER] FOREIGN KEY 
	(
		[POLICY_DETAILS_ID],
		[HISTORY_ID]
	) REFERENCES [dbo].[CUSTOMER_POLICY_DETAILS] (
		[POLICY_DETAILS_ID],
		[HISTORY_ID]
	) NOT FOR REPLICATION
GO	
	
ALTER TABLE [dbo].[USER_CGPHOME_PROPOSER] ADD 
	CONSTRAINT [FK_UCGPHOME_PROPOSER3OFORHJ1] FOREIGN KEY 
	(
		[RELATIONSHIP_ID]
    
	) REFERENCES [dbo].[LIST_RELATIONSHIP] (
		[RELATIONSHIP_ID]
	)	NOT FOR REPLICATION
	
GO
ALTER TABLE [dbo].[USER_CGPHOME_PROPOSER] ADD 
	CONSTRAINT [FK_UCGPHOME_PROPOSER3OFORHJ2] FOREIGN KEY 
	(
		[MARITALSTATUS_ID]
    
	) REFERENCES [dbo].[LIST_MARITAL_STATUS] (
		[MARITAL_STATUS_ID]
	)	NOT FOR REPLICATION
	
GO
ALTER TABLE [dbo].[USER_CGPHOME_PROPOSER] ADD 
	CONSTRAINT [FK_UCGPHOME_PROPOSER3OFORHJ3] FOREIGN KEY 
	(
		[TITLE_ID]
    
	) REFERENCES [dbo].[LIST_TITLE] (
		[TITLE_ID]
	)	NOT FOR REPLICATION
	
GO
 
IF EXISTS (SELECT * FROM DBO.SYSOBJECTS WHERE ID = OBJECT_ID(N'[DBO].[USER_READ_CGPHOME_PROPOSER]') AND OBJECTPROPERTY(ID, N'ISPROCEDURE') = 1)
DROP PROCEDURE [DBO].[USER_READ_CGPHOME_PROPOSER]
GO
			
SET QUOTED_IDENTIFIER OFF 
GO
SET ANSI_NULLS ON 
GO

CREATE PROCEDURE DBO.USER_READ_CGPHOME_PROPOSER (

@POLICY_DETAILS_ID CHAR(32),
@HISTORY_ID INT    
  

)	

AS
	
SELECT	
	USER_CGPHOME_PROPOSER.[CGPHOME_PROPOSER_ID], 

  USER_CGPHOME_PROPOSER.[HISTORY_ID],
	USER_CGPHOME_PROPOSER.[POLICY_DETAILS_ID]
		,RELATIONSHIP_ALIAS.[RELATIONSHIP_ID] as RELATIONSHIP_ID,
	RELATIONSHIP_ALIAS.[RELATIONSHIP_DEBUG] as RELATIONSHIP_DEBUG,MARITALSTATUS_ALIAS.[MARITAL_STATUS_ID] as MARITALSTATUS_ID,
	MARITALSTATUS_ALIAS.[MARITAL_STATUS_DEBUG] as MARITALSTATUS_DEBUG,
	USER_CGPHOME_PROPOSER.[AGE],
	USER_CGPHOME_PROPOSER.[DOB],
	USER_CGPHOME_PROPOSER.[SURNAME],
	USER_CGPHOME_PROPOSER.[INITIALS],
	USER_CGPHOME_PROPOSER.[FORENAME],
	USER_CGPHOME_PROPOSER.[COMPANY],
	USER_CGPHOME_PROPOSER.[NA],
	USER_CGPHOME_PROPOSER.[FEMALE],
	USER_CGPHOME_PROPOSER.[MALE],TITLE_ALIAS.[TITLE_ID] as TITLE_ID,
	TITLE_ALIAS.[TITLE_DEBUG] as TITLE_DEBUG,
	USER_CGPHOME_PROPOSER.USERINSTANCE
FROM		
	USER_CGPHOME_PROPOSER
	INNER JOIN LIST_RELATIONSHIP as RELATIONSHIP_ALIAS ON USER_CGPHOME_PROPOSER.[RELATIONSHIP_ID] = RELATIONSHIP_ALIAS.[RELATIONSHIP_ID]
	INNER JOIN LIST_MARITAL_STATUS as MARITALSTATUS_ALIAS ON USER_CGPHOME_PROPOSER.[MARITALSTATUS_ID] = MARITALSTATUS_ALIAS.[MARITAL_STATUS_ID]
	INNER JOIN LIST_TITLE as TITLE_ALIAS ON USER_CGPHOME_PROPOSER.[TITLE_ID] = TITLE_ALIAS.[TITLE_ID]
WHERE
  USER_CGPHOME_PROPOSER.POLICY_DETAILS_ID = @POLICY_DETAILS_ID 
	AND USER_CGPHOME_PROPOSER.HISTORY_ID = @HISTORY_ID      
    
ORDER BY
	USER_CGPHOME_PROPOSER.USERINSTANCE ASC
		
GO

SET QUOTED_IDENTIFIER OFF 
GO
SET ANSI_NULLS ON 
GO

GRANT  EXECUTE  ON [DBO].[USER_READ_CGPHOME_PROPOSER]  TO [TRANSACTORUSERS]
GO

GRANT  EXECUTE  ON [DBO].[USER_READ_CGPHOME_PROPOSER]  TO [TRANSACTORPMUSERS]
GO

    
IF EXISTS (SELECT * FROM DBO.SYSOBJECTS WHERE ID = OBJECT_ID(N'[DBO].[USER_SAVE_CGPHOME_PROPOSER]') AND OBJECTPROPERTY(ID, N'ISPROCEDURE') = 1)
DROP PROCEDURE [DBO].[USER_SAVE_CGPHOME_PROPOSER]
GO

SET QUOTED_IDENTIFIER OFF 
GO
SET ANSI_NULLS ON 
GO

CREATE PROCEDURE DBO.USER_SAVE_CGPHOME_PROPOSER

@CGPHOME_PROPOSER_ID [CHAR](32), 

@HISTORY_ID [INT],
@POLICY_DETAILS_ID [CHAR](32),
@RELATIONSHIP_ID [VARCHAR] (8),
@MARITALSTATUS_ID [VARCHAR] (8),
				
@AGE [NUMERIC] (18,2),
@DOB [DATETIME],
				
@SURNAME [VARCHAR] (100),
				
@INITIALS [VARCHAR] (100),
				
@FORENAME [VARCHAR] (100),
@COMPANY [BIT],
@NA [BIT],
@FEMALE [BIT],
@MALE [BIT],
@TITLE_ID [VARCHAR] (8),
@USERINSTANCE [INT]

AS

INSERT INTO 
USER_CGPHOME_PROPOSER
(
	CGPHOME_PROPOSER_ID, 

	HISTORY_ID,
	POLICY_DETAILS_ID,
	[RELATIONSHIP_ID] ,
	[MARITALSTATUS_ID] ,
	[AGE],
	[DOB],
	[SURNAME],
	[INITIALS],
	[FORENAME],
	[COMPANY],
	[NA],
	[FEMALE],
	[MALE],
	[TITLE_ID] ,
	USERINSTANCE
) VALUES (
	@CGPHOME_PROPOSER_ID, 

	@HISTORY_ID,
   @POLICY_DETAILS_ID,
	@RELATIONSHIP_ID,
	@MARITALSTATUS_ID,
	@AGE,
	@DOB,
	@SURNAME,
	@INITIALS,
	@FORENAME,
	@COMPANY,
	@NA,
	@FEMALE,
	@MALE,
	@TITLE_ID,
	@USERINSTANCE
)
GO

SET QUOTED_IDENTIFIER OFF 
GO
SET ANSI_NULLS ON 
GO

GRANT  EXECUTE  ON [DBO].[USER_SAVE_CGPHOME_PROPOSER]  TO [TRANSACTORUSERS]
GO

GRANT  EXECUTE  ON [DBO].[USER_SAVE_CGPHOME_PROPOSER]  TO [TRANSACTORPMUSERS]
GO    
      
IF EXISTS (SELECT * FROM DBO.SYSOBJECTS WHERE ID = OBJECT_ID(N'[DBO].[USER_UPDATE_CGPHOME_PROPOSER]') AND OBJECTPROPERTY(ID, N'ISPROCEDURE') = 1)
DROP PROCEDURE [DBO].[USER_UPDATE_CGPHOME_PROPOSER]
GO

SET QUOTED_IDENTIFIER OFF 
GO
SET ANSI_NULLS ON 
GO

CREATE PROCEDURE DBO.USER_UPDATE_CGPHOME_PROPOSER

@CGPHOME_PROPOSER_ID [CHAR](32), 

@HISTORY_ID [INT],    
@POLICY_DETAILS_ID [CHAR](32),
@RELATIONSHIP_ID [VARCHAR] (8),
@MARITALSTATUS_ID [VARCHAR] (8),
				
@AGE [NUMERIC] (18,2),
@DOB [DATETIME],
				
@SURNAME [VARCHAR] (100),
				
@INITIALS [VARCHAR] (100),
				
@FORENAME [VARCHAR] (100),
@COMPANY [BIT],
@NA [BIT],
@FEMALE [BIT],
@MALE [BIT],
@TITLE_ID [VARCHAR] (8),
@USERINSTANCE [INT]

AS

SET NOCOUNT ON

UPDATE
  USER_CGPHOME_PROPOSER
SET
  [CGPHOME_PROPOSER_ID] = @CGPHOME_PROPOSER_ID,  
  
  [HISTORY_ID] = @HISTORY_ID,
  [POLICY_DETAILS_ID] = @POLICY_DETAILS_ID,
  [RELATIONSHIP_ID] = @RELATIONSHIP_ID,
  [MARITALSTATUS_ID] = @MARITALSTATUS_ID,
  [AGE] = @AGE,
  [DOB] = @DOB,
  [SURNAME] = @SURNAME,
  [INITIALS] = @INITIALS,
  [FORENAME] = @FORENAME,
  [COMPANY] = @COMPANY,
  [NA] = @NA,
  [FEMALE] = @FEMALE,
  [MALE] = @MALE,
  [TITLE_ID] = @TITLE_ID,      
  [USERINSTANCE] = @USERINSTANCE
WHERE
  [CGPHOME_PROPOSER_ID] = @CGPHOME_PROPOSER_ID

  AND [HISTORY_ID] = @HISTORY_ID      


GO

SET QUOTED_IDENTIFIER OFF 
GO
SET ANSI_NULLS ON 
GO

GRANT  EXECUTE  ON [DBO].[USER_UPDATE_CGPHOME_PROPOSER]  TO [TRANSACTORUSERS], [TRANSACTORPMUSERS]
GO
  
 
IF EXISTS (SELECT * FROM DBO.SYSOBJECTS WHERE ID = OBJECT_ID(N'[DBO].[USER_DELETE_CGPHOME_PROPOSER]') AND OBJECTPROPERTY(ID, N'ISPROCEDURE') = 1)
DROP PROCEDURE [DBO].[USER_DELETE_CGPHOME_PROPOSER]
GO
			
SET QUOTED_IDENTIFIER OFF 
GO
SET ANSI_NULLS ON 
GO

CREATE PROCEDURE DBO.USER_DELETE_CGPHOME_PROPOSER (

@CGPHOME_PROPOSER_ID [CHAR](32), 
@HISTORY_ID INT    
)	

AS

SET NOCOUNT ON

DELETE USER_CGPHOME_PROPOSER WHERE [CGPHOME_PROPOSER_ID] = @CGPHOME_PROPOSER_ID AND [HISTORY_ID] = @HISTORY_ID
  
GO

SET QUOTED_IDENTIFIER OFF 
GO
SET ANSI_NULLS ON 
GO

GRANT  EXECUTE  ON [DBO].[USER_DELETE_CGPHOME_PROPOSER]  TO [TRANSACTORUSERS], [TRANSACTORPMUSERS]
GO

CREATE TABLE [dbo].[USER_CGPHOME_GENERAL] (	
	[CGPHOME_GENERAL_ID] [CHAR] (32) NOT NULL ,
	[HISTORY_ID] [INT] NOT NULL ,
	[POLICY_DETAILS_ID] [CHAR] (32) NOT NULL,
    [DETAILS] [VARCHAR] (8000) NULL,
    [REQUESTED] [BIT] NULL,
    [CONVICTED] [BIT] NULL,
    [REFUSED] [BIT] NULL,
    
	[USERINSTANCE] [INT] NULL
) ON [PRIMARY]
GO


ALTER TABLE [dbo].[USER_CGPHOME_GENERAL] WITH NOCHECK ADD 
	CONSTRAINT [PK_U_CGPHOME_GENERAL] PRIMARY KEY  CLUSTERED 
	(
		[CGPHOME_GENERAL_ID],
		[HISTORY_ID]
	)  ON [PRIMARY] 
GO


ALTER TABLE [dbo].[USER_CGPHOME_GENERAL] WITH NOCHECK ADD 				
	CONSTRAINT [DF_UCGPHOME_GENERAL3OFORHJ4] DEFAULT (0) FOR [REQUESTED]
GO
ALTER TABLE [dbo].[USER_CGPHOME_GENERAL] WITH NOCHECK ADD 				
	CONSTRAINT [DF_UCGPHOME_GENERAL3OFORHJ5] DEFAULT (0) FOR [CONVICTED]
GO
ALTER TABLE [dbo].[USER_CGPHOME_GENERAL] WITH NOCHECK ADD 				
	CONSTRAINT [DF_UCGPHOME_GENERAL3OFORHJ6] DEFAULT (0) FOR [REFUSED]
GO
GO

CREATE  INDEX [IDX_UCGPHOME_GENERAL] ON [dbo].[USER_CGPHOME_GENERAL]([POLICY_DETAILS_ID], [HISTORY_ID]) ON [PRIMARY]				
GO	

GRANT  SELECT  ON [dbo].[USER_CGPHOME_GENERAL]  TO [TRANSACTORUSERS]
GO

GRANT  SELECT  ON [dbo].[USER_CGPHOME_GENERAL]  TO [TRANSACTORPMUSERS]
GO


ALTER TABLE [dbo].[USER_CGPHOME_GENERAL] ADD 

	CONSTRAINT [FK_UCGPHOME_GENERAL] FOREIGN KEY 
	(
		[POLICY_DETAILS_ID],
		[HISTORY_ID]
	) REFERENCES [dbo].[CUSTOMER_POLICY_DETAILS] (
		[POLICY_DETAILS_ID],
		[HISTORY_ID]
	) NOT FOR REPLICATION
GO	
	
 
IF EXISTS (SELECT * FROM DBO.SYSOBJECTS WHERE ID = OBJECT_ID(N'[DBO].[USER_READ_CGPHOME_GENERAL]') AND OBJECTPROPERTY(ID, N'ISPROCEDURE') = 1)
DROP PROCEDURE [DBO].[USER_READ_CGPHOME_GENERAL]
GO
			
SET QUOTED_IDENTIFIER OFF 
GO
SET ANSI_NULLS ON 
GO

CREATE PROCEDURE DBO.USER_READ_CGPHOME_GENERAL (

@POLICY_DETAILS_ID CHAR(32),
@HISTORY_ID INT    
  

)	

AS
	
SELECT	
	USER_CGPHOME_GENERAL.[CGPHOME_GENERAL_ID], 

  USER_CGPHOME_GENERAL.[HISTORY_ID],
	USER_CGPHOME_GENERAL.[POLICY_DETAILS_ID]
		,
	USER_CGPHOME_GENERAL.[DETAILS],
	USER_CGPHOME_GENERAL.[REQUESTED],
	USER_CGPHOME_GENERAL.[CONVICTED],
	USER_CGPHOME_GENERAL.[REFUSED],
	USER_CGPHOME_GENERAL.USERINSTANCE
FROM		
	USER_CGPHOME_GENERAL
WHERE
  USER_CGPHOME_GENERAL.POLICY_DETAILS_ID = @POLICY_DETAILS_ID 
	AND USER_CGPHOME_GENERAL.HISTORY_ID = @HISTORY_ID      
    
ORDER BY
	USER_CGPHOME_GENERAL.USERINSTANCE ASC
		
GO

SET QUOTED_IDENTIFIER OFF 
GO
SET ANSI_NULLS ON 
GO

GRANT  EXECUTE  ON [DBO].[USER_READ_CGPHOME_GENERAL]  TO [TRANSACTORUSERS]
GO

GRANT  EXECUTE  ON [DBO].[USER_READ_CGPHOME_GENERAL]  TO [TRANSACTORPMUSERS]
GO

    
IF EXISTS (SELECT * FROM DBO.SYSOBJECTS WHERE ID = OBJECT_ID(N'[DBO].[USER_SAVE_CGPHOME_GENERAL]') AND OBJECTPROPERTY(ID, N'ISPROCEDURE') = 1)
DROP PROCEDURE [DBO].[USER_SAVE_CGPHOME_GENERAL]
GO

SET QUOTED_IDENTIFIER OFF 
GO
SET ANSI_NULLS ON 
GO

CREATE PROCEDURE DBO.USER_SAVE_CGPHOME_GENERAL

@CGPHOME_GENERAL_ID [CHAR](32), 

@HISTORY_ID [INT],
@POLICY_DETAILS_ID [CHAR](32),
				
@DETAILS [VARCHAR] (8000),
@REQUESTED [BIT],
@CONVICTED [BIT],
@REFUSED [BIT],
@USERINSTANCE [INT]

AS

INSERT INTO 
USER_CGPHOME_GENERAL
(
	CGPHOME_GENERAL_ID, 

	HISTORY_ID,
	POLICY_DETAILS_ID,
	[DETAILS],
	[REQUESTED],
	[CONVICTED],
	[REFUSED],
	USERINSTANCE
) VALUES (
	@CGPHOME_GENERAL_ID, 

	@HISTORY_ID,
   @POLICY_DETAILS_ID,
	@DETAILS,
	@REQUESTED,
	@CONVICTED,
	@REFUSED,
	@USERINSTANCE
)
GO

SET QUOTED_IDENTIFIER OFF 
GO
SET ANSI_NULLS ON 
GO

GRANT  EXECUTE  ON [DBO].[USER_SAVE_CGPHOME_GENERAL]  TO [TRANSACTORUSERS]
GO

GRANT  EXECUTE  ON [DBO].[USER_SAVE_CGPHOME_GENERAL]  TO [TRANSACTORPMUSERS]
GO    
      
IF EXISTS (SELECT * FROM DBO.SYSOBJECTS WHERE ID = OBJECT_ID(N'[DBO].[USER_UPDATE_CGPHOME_GENERAL]') AND OBJECTPROPERTY(ID, N'ISPROCEDURE') = 1)
DROP PROCEDURE [DBO].[USER_UPDATE_CGPHOME_GENERAL]
GO

SET QUOTED_IDENTIFIER OFF 
GO
SET ANSI_NULLS ON 
GO

CREATE PROCEDURE DBO.USER_UPDATE_CGPHOME_GENERAL

@CGPHOME_GENERAL_ID [CHAR](32), 

@HISTORY_ID [INT],    
@POLICY_DETAILS_ID [CHAR](32),
				
@DETAILS [VARCHAR] (8000),
@REQUESTED [BIT],
@CONVICTED [BIT],
@REFUSED [BIT],
@USERINSTANCE [INT]

AS

SET NOCOUNT ON

UPDATE
  USER_CGPHOME_GENERAL
SET
  [CGPHOME_GENERAL_ID] = @CGPHOME_GENERAL_ID,  
  
  [HISTORY_ID] = @HISTORY_ID,
  [POLICY_DETAILS_ID] = @POLICY_DETAILS_ID,
  [DETAILS] = @DETAILS,
  [REQUESTED] = @REQUESTED,
  [CONVICTED] = @CONVICTED,
  [REFUSED] = @REFUSED,      
  [USERINSTANCE] = @USERINSTANCE
WHERE
  [CGPHOME_GENERAL_ID] = @CGPHOME_GENERAL_ID

  AND [HISTORY_ID] = @HISTORY_ID      


GO

SET QUOTED_IDENTIFIER OFF 
GO
SET ANSI_NULLS ON 
GO

GRANT  EXECUTE  ON [DBO].[USER_UPDATE_CGPHOME_GENERAL]  TO [TRANSACTORUSERS], [TRANSACTORPMUSERS]
GO
  
 
IF EXISTS (SELECT * FROM DBO.SYSOBJECTS WHERE ID = OBJECT_ID(N'[DBO].[USER_DELETE_CGPHOME_GENERAL]') AND OBJECTPROPERTY(ID, N'ISPROCEDURE') = 1)
DROP PROCEDURE [DBO].[USER_DELETE_CGPHOME_GENERAL]
GO
			
SET QUOTED_IDENTIFIER OFF 
GO
SET ANSI_NULLS ON 
GO

CREATE PROCEDURE DBO.USER_DELETE_CGPHOME_GENERAL (

@CGPHOME_GENERAL_ID [CHAR](32), 
@HISTORY_ID INT    
)	

AS

SET NOCOUNT ON

DELETE USER_CGPHOME_GENERAL WHERE [CGPHOME_GENERAL_ID] = @CGPHOME_GENERAL_ID AND [HISTORY_ID] = @HISTORY_ID
  
GO

SET QUOTED_IDENTIFIER OFF 
GO
SET ANSI_NULLS ON 
GO

GRANT  EXECUTE  ON [DBO].[USER_DELETE_CGPHOME_GENERAL]  TO [TRANSACTORUSERS], [TRANSACTORPMUSERS]
GO

CREATE TABLE [dbo].[USER_CGPHOME_CLAIMDET] (	
	[CGPHOME_CLAIMDET_ID] [CHAR] (32) NOT NULL ,
	[HISTORY_ID] [INT] NOT NULL ,
	[CGPHOME_CLAIMSUM_ID] [CHAR] (32) NOT NULL,
    [ATFAULT] [BIT] NULL,
    [INCONTHISPOLICY] [BIT] NULL,
    [NCDPREDJUDICED] [BIT] NULL,
    [LEGALREF] [VARCHAR] (200) NULL,
    [SETTLEDAMOUNT] [MONEY] NULL,
    [SETTLEDDATE] [DATETIME] NULL,
    [AMOUNTCLAIMED] [MONEY] NULL,
    [DESCRIPTION] [VARCHAR] (8000) NULL,
    [CLAIMSTATUS_ID] [VARCHAR] (8) NULL,
    [CLAIMDETAILS_ID] [VARCHAR] (8) NULL,
    [CLAIMTYPE_ID] [VARCHAR] (8) NULL,
    [INCIDTIME] [DATETIME] NULL,
    [INCIDDATE] [DATETIME] NULL,
    [CLAIMREF] [VARCHAR] (200) NULL,
    [NOTESVIEW] [VARCHAR] (8000) NULL,
    [NEWNOTES] [VARCHAR] (8000) NULL,
    
	[USERINSTANCE] [INT] NULL
) ON [PRIMARY]
GO


ALTER TABLE [dbo].[USER_CGPHOME_CLAIMDET] WITH NOCHECK ADD 
	CONSTRAINT [PK_U_CGPHOME_CLAIMDET] PRIMARY KEY  CLUSTERED 
	(
		[CGPHOME_CLAIMDET_ID],
		[HISTORY_ID]
	)  ON [PRIMARY] 
GO


ALTER TABLE [dbo].[USER_CGPHOME_CLAIMDET] WITH NOCHECK ADD 				
	CONSTRAINT [DF_UCGPHOME_CLAIMDET3OFORHJ7] DEFAULT (0) FOR [ATFAULT]
GO
ALTER TABLE [dbo].[USER_CGPHOME_CLAIMDET] WITH NOCHECK ADD 				
	CONSTRAINT [DF_UCGPHOME_CLAIMDET3OFORHK7] DEFAULT (0) FOR [INCONTHISPOLICY]
GO
ALTER TABLE [dbo].[USER_CGPHOME_CLAIMDET] WITH NOCHECK ADD 				
	CONSTRAINT [DF_UCGPHOME_CLAIMDET3OFORHK8] DEFAULT (0) FOR [NCDPREDJUDICED]
GO
ALTER TABLE [dbo].[USER_CGPHOME_CLAIMDET] WITH NOCHECK ADD 					
	CONSTRAINT [DF_UCGPHOME_CLAIMDET3OFORHK9] DEFAULT ('0') FOR [CLAIMSTATUS_ID]
GO
ALTER TABLE [dbo].[USER_CGPHOME_CLAIMDET] WITH NOCHECK ADD 					
	CONSTRAINT [DF_UCGPHOME_CLAIMDET3OFORHK0] DEFAULT ('0') FOR [CLAIMDETAILS_ID]
GO
ALTER TABLE [dbo].[USER_CGPHOME_CLAIMDET] WITH NOCHECK ADD 					
	CONSTRAINT [DF_UCGPHOME_CLAIMDET3OFORHK1] DEFAULT ('0') FOR [CLAIMTYPE_ID]
GO
GO

CREATE  INDEX [IDX_UCGPHOME_CLAIMDET] ON [dbo].[USER_CGPHOME_CLAIMDET]([CGPHOME_CLAIMSUM_ID], [HISTORY_ID]) ON [PRIMARY]				
GO	

GRANT  SELECT  ON [dbo].[USER_CGPHOME_CLAIMDET]  TO [TRANSACTORUSERS]
GO

GRANT  SELECT  ON [dbo].[USER_CGPHOME_CLAIMDET]  TO [TRANSACTORPMUSERS]
GO


ALTER TABLE [dbo].[USER_CGPHOME_CLAIMDET] ADD 

CONSTRAINT [FK_UCGPHOME_CLAIMDET] FOREIGN KEY 
(
	[CGPHOME_CLAIMSUM_ID],
	[HISTORY_ID]
) REFERENCES [dbo].[USER_CGPHOME_CLAIMSUM] (
	[CGPHOME_CLAIMSUM_ID],
	[HISTORY_ID]
) NOT FOR REPLICATION
GO
	
ALTER TABLE [dbo].[USER_CGPHOME_CLAIMDET] ADD 
	CONSTRAINT [FK_UCGPHOME_CLAIMDET3OFORHK2] FOREIGN KEY 
	(
		[CLAIMSTATUS_ID]
    
	) REFERENCES [dbo].[LIST_PARKHOME_CLAIM_STATUS] (
		[PARKHOME_CLAIM_STATUS_ID]
	)	NOT FOR REPLICATION
	
GO
ALTER TABLE [dbo].[USER_CGPHOME_CLAIMDET] ADD 
	CONSTRAINT [FK_UCGPHOME_CLAIMDET3OFORHK3] FOREIGN KEY 
	(
		[CLAIMDETAILS_ID]
    
	) REFERENCES [dbo].[LIST_PARKHOME_CLAIM_DETAILS] (
		[PARKHOME_CLAIM_DETAILS_ID]
	)	NOT FOR REPLICATION
	
GO
ALTER TABLE [dbo].[USER_CGPHOME_CLAIMDET] ADD 
	CONSTRAINT [FK_UCGPHOME_CLAIMDET3OFORHK4] FOREIGN KEY 
	(
		[CLAIMTYPE_ID]
    
	) REFERENCES [dbo].[LIST_PARKHOME_CLAIM_TYPE] (
		[PARKHOME_CLAIM_TYPE_ID]
	)	NOT FOR REPLICATION
	
GO
 
IF EXISTS (SELECT * FROM DBO.SYSOBJECTS WHERE ID = OBJECT_ID(N'[DBO].[USER_READ_CGPHOME_CLAIMDET]') AND OBJECTPROPERTY(ID, N'ISPROCEDURE') = 1)
DROP PROCEDURE [DBO].[USER_READ_CGPHOME_CLAIMDET]
GO
			
SET QUOTED_IDENTIFIER OFF 
GO
SET ANSI_NULLS ON 
GO

CREATE PROCEDURE DBO.USER_READ_CGPHOME_CLAIMDET (

@CGPHOME_CLAIMSUM_ID CHAR(32),
@HISTORY_ID INT    
  

)	

AS
	
SELECT	
	USER_CGPHOME_CLAIMDET.[CGPHOME_CLAIMDET_ID], 

  USER_CGPHOME_CLAIMDET.[HISTORY_ID],
	USER_CGPHOME_CLAIMDET.[CGPHOME_CLAIMSUM_ID]
		,
	USER_CGPHOME_CLAIMDET.[ATFAULT],
	USER_CGPHOME_CLAIMDET.[INCONTHISPOLICY],
	USER_CGPHOME_CLAIMDET.[NCDPREDJUDICED],
	USER_CGPHOME_CLAIMDET.[LEGALREF],
	USER_CGPHOME_CLAIMDET.[SETTLEDAMOUNT],
	USER_CGPHOME_CLAIMDET.[SETTLEDDATE],
	USER_CGPHOME_CLAIMDET.[AMOUNTCLAIMED],
	USER_CGPHOME_CLAIMDET.[DESCRIPTION],CLAIMSTATUS_ALIAS.[PARKHOME_CLAIM_STATUS_ID] as CLAIMSTATUS_ID,
	CLAIMSTATUS_ALIAS.[PARKHOME_CLAIM_STATUS_DEBUG] as CLAIMSTATUS_DEBUG,CLAIMDETAILS_ALIAS.[PARKHOME_CLAIM_DETAILS_ID] as CLAIMDETAILS_ID,
	CLAIMDETAILS_ALIAS.[PARKHOME_CLAIM_DETAILS_DEBUG] as CLAIMDETAILS_DEBUG,CLAIMTYPE_ALIAS.[PARKHOME_CLAIM_TYPE_ID] as CLAIMTYPE_ID,
	CLAIMTYPE_ALIAS.[PARKHOME_CLAIM_TYPE_DEBUG] as CLAIMTYPE_DEBUG,
	USER_CGPHOME_CLAIMDET.[INCIDTIME],
	USER_CGPHOME_CLAIMDET.[INCIDDATE],
	USER_CGPHOME_CLAIMDET.[CLAIMREF],
	USER_CGPHOME_CLAIMDET.[NOTESVIEW],
	USER_CGPHOME_CLAIMDET.[NEWNOTES],
	USER_CGPHOME_CLAIMDET.USERINSTANCE
FROM		
	USER_CGPHOME_CLAIMDET
	INNER JOIN LIST_PARKHOME_CLAIM_STATUS as CLAIMSTATUS_ALIAS ON USER_CGPHOME_CLAIMDET.[CLAIMSTATUS_ID] = CLAIMSTATUS_ALIAS.[PARKHOME_CLAIM_STATUS_ID]
	INNER JOIN LIST_PARKHOME_CLAIM_DETAILS as CLAIMDETAILS_ALIAS ON USER_CGPHOME_CLAIMDET.[CLAIMDETAILS_ID] = CLAIMDETAILS_ALIAS.[PARKHOME_CLAIM_DETAILS_ID]
	INNER JOIN LIST_PARKHOME_CLAIM_TYPE as CLAIMTYPE_ALIAS ON USER_CGPHOME_CLAIMDET.[CLAIMTYPE_ID] = CLAIMTYPE_ALIAS.[PARKHOME_CLAIM_TYPE_ID]
WHERE
  USER_CGPHOME_CLAIMDET.CGPHOME_CLAIMSUM_ID = @CGPHOME_CLAIMSUM_ID
	AND USER_CGPHOME_CLAIMDET.HISTORY_ID = @HISTORY_ID      
    
ORDER BY
	USER_CGPHOME_CLAIMDET.USERINSTANCE ASC
		
GO

SET QUOTED_IDENTIFIER OFF 
GO
SET ANSI_NULLS ON 
GO

GRANT  EXECUTE  ON [DBO].[USER_READ_CGPHOME_CLAIMDET]  TO [TRANSACTORUSERS]
GO

GRANT  EXECUTE  ON [DBO].[USER_READ_CGPHOME_CLAIMDET]  TO [TRANSACTORPMUSERS]
GO

    
IF EXISTS (SELECT * FROM DBO.SYSOBJECTS WHERE ID = OBJECT_ID(N'[DBO].[USER_SAVE_CGPHOME_CLAIMDET]') AND OBJECTPROPERTY(ID, N'ISPROCEDURE') = 1)
DROP PROCEDURE [DBO].[USER_SAVE_CGPHOME_CLAIMDET]
GO

SET QUOTED_IDENTIFIER OFF 
GO
SET ANSI_NULLS ON 
GO

CREATE PROCEDURE DBO.USER_SAVE_CGPHOME_CLAIMDET

@CGPHOME_CLAIMDET_ID [CHAR](32), 

@HISTORY_ID [INT],
@CGPHOME_CLAIMSUM_ID CHAR(32),
@ATFAULT [BIT],
@INCONTHISPOLICY [BIT],
@NCDPREDJUDICED [BIT],
				
@LEGALREF [VARCHAR] (200),
@SETTLEDAMOUNT [MONEY],
@SETTLEDDATE [DATETIME],
@AMOUNTCLAIMED [MONEY],
				
@DESCRIPTION [VARCHAR] (8000),
@CLAIMSTATUS_ID [VARCHAR] (8),
@CLAIMDETAILS_ID [VARCHAR] (8),
@CLAIMTYPE_ID [VARCHAR] (8),
@INCIDTIME [DATETIME],
@INCIDDATE [DATETIME],
				
@CLAIMREF [VARCHAR] (200),
				
@NOTESVIEW [VARCHAR] (8000),
				
@NEWNOTES [VARCHAR] (8000),
@USERINSTANCE [INT]

AS

INSERT INTO 
USER_CGPHOME_CLAIMDET
(
	CGPHOME_CLAIMDET_ID, 

	HISTORY_ID,
	CGPHOME_CLAIMSUM_ID,
	[ATFAULT],
	[INCONTHISPOLICY],
	[NCDPREDJUDICED],
	[LEGALREF],
	[SETTLEDAMOUNT],
	[SETTLEDDATE],
	[AMOUNTCLAIMED],
	[DESCRIPTION],
	[CLAIMSTATUS_ID] ,
	[CLAIMDETAILS_ID] ,
	[CLAIMTYPE_ID] ,
	[INCIDTIME],
	[INCIDDATE],
	[CLAIMREF],
	[NOTESVIEW],
	[NEWNOTES],
	USERINSTANCE
) VALUES (
	@CGPHOME_CLAIMDET_ID, 

	@HISTORY_ID,
   @CGPHOME_CLAIMSUM_ID,
	@ATFAULT,
	@INCONTHISPOLICY,
	@NCDPREDJUDICED,
	@LEGALREF,
	@SETTLEDAMOUNT,
	@SETTLEDDATE,
	@AMOUNTCLAIMED,
	@DESCRIPTION,
	@CLAIMSTATUS_ID,
	@CLAIMDETAILS_ID,
	@CLAIMTYPE_ID,
	@INCIDTIME,
	@INCIDDATE,
	@CLAIMREF,
	@NOTESVIEW,
	@NEWNOTES,
	@USERINSTANCE
)
GO

SET QUOTED_IDENTIFIER OFF 
GO
SET ANSI_NULLS ON 
GO

GRANT  EXECUTE  ON [DBO].[USER_SAVE_CGPHOME_CLAIMDET]  TO [TRANSACTORUSERS]
GO

GRANT  EXECUTE  ON [DBO].[USER_SAVE_CGPHOME_CLAIMDET]  TO [TRANSACTORPMUSERS]
GO    
      
IF EXISTS (SELECT * FROM DBO.SYSOBJECTS WHERE ID = OBJECT_ID(N'[DBO].[USER_UPDATE_CGPHOME_CLAIMDET]') AND OBJECTPROPERTY(ID, N'ISPROCEDURE') = 1)
DROP PROCEDURE [DBO].[USER_UPDATE_CGPHOME_CLAIMDET]
GO

SET QUOTED_IDENTIFIER OFF 
GO
SET ANSI_NULLS ON 
GO

CREATE PROCEDURE DBO.USER_UPDATE_CGPHOME_CLAIMDET

@CGPHOME_CLAIMDET_ID [CHAR](32), 

@HISTORY_ID [INT],    
@CGPHOME_CLAIMSUM_ID CHAR(32),
@ATFAULT [BIT],
@INCONTHISPOLICY [BIT],
@NCDPREDJUDICED [BIT],
				
@LEGALREF [VARCHAR] (200),
@SETTLEDAMOUNT [MONEY],
@SETTLEDDATE [DATETIME],
@AMOUNTCLAIMED [MONEY],
				
@DESCRIPTION [VARCHAR] (8000),
@CLAIMSTATUS_ID [VARCHAR] (8),
@CLAIMDETAILS_ID [VARCHAR] (8),
@CLAIMTYPE_ID [VARCHAR] (8),
@INCIDTIME [DATETIME],
@INCIDDATE [DATETIME],
				
@CLAIMREF [VARCHAR] (200),
				
@NOTESVIEW [VARCHAR] (8000),
				
@NEWNOTES [VARCHAR] (8000),
@USERINSTANCE [INT]

AS

SET NOCOUNT ON

UPDATE
  USER_CGPHOME_CLAIMDET
SET
  [CGPHOME_CLAIMDET_ID] = @CGPHOME_CLAIMDET_ID,  
  
  [HISTORY_ID] = @HISTORY_ID,
  [CGPHOME_CLAIMSUM_ID] = @CGPHOME_CLAIMSUM_ID,
  [ATFAULT] = @ATFAULT,
  [INCONTHISPOLICY] = @INCONTHISPOLICY,
  [NCDPREDJUDICED] = @NCDPREDJUDICED,
  [LEGALREF] = @LEGALREF,
  [SETTLEDAMOUNT] = @SETTLEDAMOUNT,
  [SETTLEDDATE] = @SETTLEDDATE,
  [AMOUNTCLAIMED] = @AMOUNTCLAIMED,
  [DESCRIPTION] = @DESCRIPTION,
  [CLAIMSTATUS_ID] = @CLAIMSTATUS_ID,
  [CLAIMDETAILS_ID] = @CLAIMDETAILS_ID,
  [CLAIMTYPE_ID] = @CLAIMTYPE_ID,
  [INCIDTIME] = @INCIDTIME,
  [INCIDDATE] = @INCIDDATE,
  [CLAIMREF] = @CLAIMREF,
  [NOTESVIEW] = @NOTESVIEW,
  [NEWNOTES] = @NEWNOTES,      
  [USERINSTANCE] = @USERINSTANCE
WHERE
  [CGPHOME_CLAIMDET_ID] = @CGPHOME_CLAIMDET_ID

  AND [HISTORY_ID] = @HISTORY_ID      


GO

SET QUOTED_IDENTIFIER OFF 
GO
SET ANSI_NULLS ON 
GO

GRANT  EXECUTE  ON [DBO].[USER_UPDATE_CGPHOME_CLAIMDET]  TO [TRANSACTORUSERS], [TRANSACTORPMUSERS]
GO
  
 
IF EXISTS (SELECT * FROM DBO.SYSOBJECTS WHERE ID = OBJECT_ID(N'[DBO].[USER_DELETE_CGPHOME_CLAIMDET]') AND OBJECTPROPERTY(ID, N'ISPROCEDURE') = 1)
DROP PROCEDURE [DBO].[USER_DELETE_CGPHOME_CLAIMDET]
GO
			
SET QUOTED_IDENTIFIER OFF 
GO
SET ANSI_NULLS ON 
GO

CREATE PROCEDURE DBO.USER_DELETE_CGPHOME_CLAIMDET (

@CGPHOME_CLAIMDET_ID [CHAR](32), 
@HISTORY_ID INT    
)	

AS

SET NOCOUNT ON

DELETE USER_CGPHOME_CLAIMDET WHERE [CGPHOME_CLAIMDET_ID] = @CGPHOME_CLAIMDET_ID AND [HISTORY_ID] = @HISTORY_ID
  
GO

SET QUOTED_IDENTIFIER OFF 
GO
SET ANSI_NULLS ON 
GO

GRANT  EXECUTE  ON [DBO].[USER_DELETE_CGPHOME_CLAIMDET]  TO [TRANSACTORUSERS], [TRANSACTORPMUSERS]
GO

CREATE TABLE [dbo].[USER_CGPHOME_ITEMSPEC] (	
	[CGPHOME_ITEMSPEC_ID] [CHAR] (32) NOT NULL ,
	[HISTORY_ID] [INT] NOT NULL ,
	[CGPHOME_SPECCONT_ID] [CHAR] (32) NOT NULL,
    [ITEMSERIAL] [VARCHAR] (200) NULL,
    [ITEMMODEL] [VARCHAR] (200) NULL,
    [ITEMMAKE] [VARCHAR] (200) NULL,
    [ITEMVALUE] [MONEY] NULL,
    [ITEMDESC] [VARCHAR] (200) NULL,
    
	[USERINSTANCE] [INT] NULL
) ON [PRIMARY]
GO


ALTER TABLE [dbo].[USER_CGPHOME_ITEMSPEC] WITH NOCHECK ADD 
	CONSTRAINT [PK_U_CGPHOME_ITEMSPEC] PRIMARY KEY  CLUSTERED 
	(
		[CGPHOME_ITEMSPEC_ID],
		[HISTORY_ID]
	)  ON [PRIMARY] 
GO


GO

CREATE  INDEX [IDX_UCGPHOME_ITEMSPEC] ON [dbo].[USER_CGPHOME_ITEMSPEC]([CGPHOME_SPECCONT_ID], [HISTORY_ID]) ON [PRIMARY]				
GO	

GRANT  SELECT  ON [dbo].[USER_CGPHOME_ITEMSPEC]  TO [TRANSACTORUSERS]
GO

GRANT  SELECT  ON [dbo].[USER_CGPHOME_ITEMSPEC]  TO [TRANSACTORPMUSERS]
GO


ALTER TABLE [dbo].[USER_CGPHOME_ITEMSPEC] ADD 

CONSTRAINT [FK_UCGPHOME_ITEMSPEC] FOREIGN KEY 
(
	[CGPHOME_SPECCONT_ID],
	[HISTORY_ID]
) REFERENCES [dbo].[USER_CGPHOME_SPECCONT] (
	[CGPHOME_SPECCONT_ID],
	[HISTORY_ID]
) NOT FOR REPLICATION
GO
	
 
IF EXISTS (SELECT * FROM DBO.SYSOBJECTS WHERE ID = OBJECT_ID(N'[DBO].[USER_READ_CGPHOME_ITEMSPEC]') AND OBJECTPROPERTY(ID, N'ISPROCEDURE') = 1)
DROP PROCEDURE [DBO].[USER_READ_CGPHOME_ITEMSPEC]
GO
			
SET QUOTED_IDENTIFIER OFF 
GO
SET ANSI_NULLS ON 
GO

CREATE PROCEDURE DBO.USER_READ_CGPHOME_ITEMSPEC (

@CGPHOME_SPECCONT_ID CHAR(32),
@HISTORY_ID INT    
  

)	

AS
	
SELECT	
	USER_CGPHOME_ITEMSPEC.[CGPHOME_ITEMSPEC_ID], 

  USER_CGPHOME_ITEMSPEC.[HISTORY_ID],
	USER_CGPHOME_ITEMSPEC.[CGPHOME_SPECCONT_ID]
		,
	USER_CGPHOME_ITEMSPEC.[ITEMSERIAL],
	USER_CGPHOME_ITEMSPEC.[ITEMMODEL],
	USER_CGPHOME_ITEMSPEC.[ITEMMAKE],
	USER_CGPHOME_ITEMSPEC.[ITEMVALUE],
	USER_CGPHOME_ITEMSPEC.[ITEMDESC],
	USER_CGPHOME_ITEMSPEC.USERINSTANCE
FROM		
	USER_CGPHOME_ITEMSPEC
WHERE
  USER_CGPHOME_ITEMSPEC.CGPHOME_SPECCONT_ID = @CGPHOME_SPECCONT_ID
	AND USER_CGPHOME_ITEMSPEC.HISTORY_ID = @HISTORY_ID      
    
ORDER BY
	USER_CGPHOME_ITEMSPEC.USERINSTANCE ASC
		
GO

SET QUOTED_IDENTIFIER OFF 
GO
SET ANSI_NULLS ON 
GO

GRANT  EXECUTE  ON [DBO].[USER_READ_CGPHOME_ITEMSPEC]  TO [TRANSACTORUSERS]
GO

GRANT  EXECUTE  ON [DBO].[USER_READ_CGPHOME_ITEMSPEC]  TO [TRANSACTORPMUSERS]
GO

    
IF EXISTS (SELECT * FROM DBO.SYSOBJECTS WHERE ID = OBJECT_ID(N'[DBO].[USER_SAVE_CGPHOME_ITEMSPEC]') AND OBJECTPROPERTY(ID, N'ISPROCEDURE') = 1)
DROP PROCEDURE [DBO].[USER_SAVE_CGPHOME_ITEMSPEC]
GO

SET QUOTED_IDENTIFIER OFF 
GO
SET ANSI_NULLS ON 
GO

CREATE PROCEDURE DBO.USER_SAVE_CGPHOME_ITEMSPEC

@CGPHOME_ITEMSPEC_ID [CHAR](32), 

@HISTORY_ID [INT],
@CGPHOME_SPECCONT_ID CHAR(32),
				
@ITEMSERIAL [VARCHAR] (200),
				
@ITEMMODEL [VARCHAR] (200),
				
@ITEMMAKE [VARCHAR] (200),
@ITEMVALUE [MONEY],
				
@ITEMDESC [VARCHAR] (200),
@USERINSTANCE [INT]

AS

INSERT INTO 
USER_CGPHOME_ITEMSPEC
(
	CGPHOME_ITEMSPEC_ID, 

	HISTORY_ID,
	CGPHOME_SPECCONT_ID,
	[ITEMSERIAL],
	[ITEMMODEL],
	[ITEMMAKE],
	[ITEMVALUE],
	[ITEMDESC],
	USERINSTANCE
) VALUES (
	@CGPHOME_ITEMSPEC_ID, 

	@HISTORY_ID,
   @CGPHOME_SPECCONT_ID,
	@ITEMSERIAL,
	@ITEMMODEL,
	@ITEMMAKE,
	@ITEMVALUE,
	@ITEMDESC,
	@USERINSTANCE
)
GO

SET QUOTED_IDENTIFIER OFF 
GO
SET ANSI_NULLS ON 
GO

GRANT  EXECUTE  ON [DBO].[USER_SAVE_CGPHOME_ITEMSPEC]  TO [TRANSACTORUSERS]
GO

GRANT  EXECUTE  ON [DBO].[USER_SAVE_CGPHOME_ITEMSPEC]  TO [TRANSACTORPMUSERS]
GO    
      
IF EXISTS (SELECT * FROM DBO.SYSOBJECTS WHERE ID = OBJECT_ID(N'[DBO].[USER_UPDATE_CGPHOME_ITEMSPEC]') AND OBJECTPROPERTY(ID, N'ISPROCEDURE') = 1)
DROP PROCEDURE [DBO].[USER_UPDATE_CGPHOME_ITEMSPEC]
GO

SET QUOTED_IDENTIFIER OFF 
GO
SET ANSI_NULLS ON 
GO

CREATE PROCEDURE DBO.USER_UPDATE_CGPHOME_ITEMSPEC

@CGPHOME_ITEMSPEC_ID [CHAR](32), 

@HISTORY_ID [INT],    
@CGPHOME_SPECCONT_ID CHAR(32),
				
@ITEMSERIAL [VARCHAR] (200),
				
@ITEMMODEL [VARCHAR] (200),
				
@ITEMMAKE [VARCHAR] (200),
@ITEMVALUE [MONEY],
				
@ITEMDESC [VARCHAR] (200),
@USERINSTANCE [INT]

AS

SET NOCOUNT ON

UPDATE
  USER_CGPHOME_ITEMSPEC
SET
  [CGPHOME_ITEMSPEC_ID] = @CGPHOME_ITEMSPEC_ID,  
  
  [HISTORY_ID] = @HISTORY_ID,
  [CGPHOME_SPECCONT_ID] = @CGPHOME_SPECCONT_ID,
  [ITEMSERIAL] = @ITEMSERIAL,
  [ITEMMODEL] = @ITEMMODEL,
  [ITEMMAKE] = @ITEMMAKE,
  [ITEMVALUE] = @ITEMVALUE,
  [ITEMDESC] = @ITEMDESC,      
  [USERINSTANCE] = @USERINSTANCE
WHERE
  [CGPHOME_ITEMSPEC_ID] = @CGPHOME_ITEMSPEC_ID

  AND [HISTORY_ID] = @HISTORY_ID      


GO

SET QUOTED_IDENTIFIER OFF 
GO
SET ANSI_NULLS ON 
GO

GRANT  EXECUTE  ON [DBO].[USER_UPDATE_CGPHOME_ITEMSPEC]  TO [TRANSACTORUSERS], [TRANSACTORPMUSERS]
GO
  
 
IF EXISTS (SELECT * FROM DBO.SYSOBJECTS WHERE ID = OBJECT_ID(N'[DBO].[USER_DELETE_CGPHOME_ITEMSPEC]') AND OBJECTPROPERTY(ID, N'ISPROCEDURE') = 1)
DROP PROCEDURE [DBO].[USER_DELETE_CGPHOME_ITEMSPEC]
GO
			
SET QUOTED_IDENTIFIER OFF 
GO
SET ANSI_NULLS ON 
GO

CREATE PROCEDURE DBO.USER_DELETE_CGPHOME_ITEMSPEC (

@CGPHOME_ITEMSPEC_ID [CHAR](32), 
@HISTORY_ID INT    
)	

AS

SET NOCOUNT ON

DELETE USER_CGPHOME_ITEMSPEC WHERE [CGPHOME_ITEMSPEC_ID] = @CGPHOME_ITEMSPEC_ID AND [HISTORY_ID] = @HISTORY_ID
  
GO

SET QUOTED_IDENTIFIER OFF 
GO
SET ANSI_NULLS ON 
GO

GRANT  EXECUTE  ON [DBO].[USER_DELETE_CGPHOME_ITEMSPEC]  TO [TRANSACTORUSERS], [TRANSACTORPMUSERS]
GO

CREATE TABLE [dbo].[USER_CGPHOME_SPECITEM] (	
	[CGPHOME_SPECITEM_ID] [CHAR] (32) NOT NULL ,
	[HISTORY_ID] [INT] NOT NULL ,
	[CGPHOME_SPECPE_ID] [CHAR] (32) NOT NULL,
    [ITEMSERIAL] [VARCHAR] (200) NULL,
    [ITEMMODEL] [VARCHAR] (200) NULL,
    [ITEMMAKE] [VARCHAR] (200) NULL,
    [ITEMVALUE] [MONEY] NULL,
    [ITEMDESC] [VARCHAR] (200) NULL,
    
	[USERINSTANCE] [INT] NULL
) ON [PRIMARY]
GO


ALTER TABLE [dbo].[USER_CGPHOME_SPECITEM] WITH NOCHECK ADD 
	CONSTRAINT [PK_U_CGPHOME_SPECITEM] PRIMARY KEY  CLUSTERED 
	(
		[CGPHOME_SPECITEM_ID],
		[HISTORY_ID]
	)  ON [PRIMARY] 
GO


GO

CREATE  INDEX [IDX_UCGPHOME_SPECITEM] ON [dbo].[USER_CGPHOME_SPECITEM]([CGPHOME_SPECPE_ID], [HISTORY_ID]) ON [PRIMARY]				
GO	

GRANT  SELECT  ON [dbo].[USER_CGPHOME_SPECITEM]  TO [TRANSACTORUSERS]
GO

GRANT  SELECT  ON [dbo].[USER_CGPHOME_SPECITEM]  TO [TRANSACTORPMUSERS]
GO


ALTER TABLE [dbo].[USER_CGPHOME_SPECITEM] ADD 

CONSTRAINT [FK_UCGPHOME_SPECITEM] FOREIGN KEY 
(
	[CGPHOME_SPECPE_ID],
	[HISTORY_ID]
) REFERENCES [dbo].[USER_CGPHOME_SPECPE] (
	[CGPHOME_SPECPE_ID],
	[HISTORY_ID]
) NOT FOR REPLICATION
GO
	
 
IF EXISTS (SELECT * FROM DBO.SYSOBJECTS WHERE ID = OBJECT_ID(N'[DBO].[USER_READ_CGPHOME_SPECITEM]') AND OBJECTPROPERTY(ID, N'ISPROCEDURE') = 1)
DROP PROCEDURE [DBO].[USER_READ_CGPHOME_SPECITEM]
GO
			
SET QUOTED_IDENTIFIER OFF 
GO
SET ANSI_NULLS ON 
GO

CREATE PROCEDURE DBO.USER_READ_CGPHOME_SPECITEM (

@CGPHOME_SPECPE_ID CHAR(32),
@HISTORY_ID INT    
  

)	

AS
	
SELECT	
	USER_CGPHOME_SPECITEM.[CGPHOME_SPECITEM_ID], 

  USER_CGPHOME_SPECITEM.[HISTORY_ID],
	USER_CGPHOME_SPECITEM.[CGPHOME_SPECPE_ID]
		,
	USER_CGPHOME_SPECITEM.[ITEMSERIAL],
	USER_CGPHOME_SPECITEM.[ITEMMODEL],
	USER_CGPHOME_SPECITEM.[ITEMMAKE],
	USER_CGPHOME_SPECITEM.[ITEMVALUE],
	USER_CGPHOME_SPECITEM.[ITEMDESC],
	USER_CGPHOME_SPECITEM.USERINSTANCE
FROM		
	USER_CGPHOME_SPECITEM
WHERE
  USER_CGPHOME_SPECITEM.CGPHOME_SPECPE_ID = @CGPHOME_SPECPE_ID
	AND USER_CGPHOME_SPECITEM.HISTORY_ID = @HISTORY_ID      
    
ORDER BY
	USER_CGPHOME_SPECITEM.USERINSTANCE ASC
		
GO

SET QUOTED_IDENTIFIER OFF 
GO
SET ANSI_NULLS ON 
GO

GRANT  EXECUTE  ON [DBO].[USER_READ_CGPHOME_SPECITEM]  TO [TRANSACTORUSERS]
GO

GRANT  EXECUTE  ON [DBO].[USER_READ_CGPHOME_SPECITEM]  TO [TRANSACTORPMUSERS]
GO

    
IF EXISTS (SELECT * FROM DBO.SYSOBJECTS WHERE ID = OBJECT_ID(N'[DBO].[USER_SAVE_CGPHOME_SPECITEM]') AND OBJECTPROPERTY(ID, N'ISPROCEDURE') = 1)
DROP PROCEDURE [DBO].[USER_SAVE_CGPHOME_SPECITEM]
GO

SET QUOTED_IDENTIFIER OFF 
GO
SET ANSI_NULLS ON 
GO

CREATE PROCEDURE DBO.USER_SAVE_CGPHOME_SPECITEM

@CGPHOME_SPECITEM_ID [CHAR](32), 

@HISTORY_ID [INT],
@CGPHOME_SPECPE_ID CHAR(32),
				
@ITEMSERIAL [VARCHAR] (200),
				
@ITEMMODEL [VARCHAR] (200),
				
@ITEMMAKE [VARCHAR] (200),
@ITEMVALUE [MONEY],
				
@ITEMDESC [VARCHAR] (200),
@USERINSTANCE [INT]

AS

INSERT INTO 
USER_CGPHOME_SPECITEM
(
	CGPHOME_SPECITEM_ID, 

	HISTORY_ID,
	CGPHOME_SPECPE_ID,
	[ITEMSERIAL],
	[ITEMMODEL],
	[ITEMMAKE],
	[ITEMVALUE],
	[ITEMDESC],
	USERINSTANCE
) VALUES (
	@CGPHOME_SPECITEM_ID, 

	@HISTORY_ID,
   @CGPHOME_SPECPE_ID,
	@ITEMSERIAL,
	@ITEMMODEL,
	@ITEMMAKE,
	@ITEMVALUE,
	@ITEMDESC,
	@USERINSTANCE
)
GO

SET QUOTED_IDENTIFIER OFF 
GO
SET ANSI_NULLS ON 
GO

GRANT  EXECUTE  ON [DBO].[USER_SAVE_CGPHOME_SPECITEM]  TO [TRANSACTORUSERS]
GO

GRANT  EXECUTE  ON [DBO].[USER_SAVE_CGPHOME_SPECITEM]  TO [TRANSACTORPMUSERS]
GO    
      
IF EXISTS (SELECT * FROM DBO.SYSOBJECTS WHERE ID = OBJECT_ID(N'[DBO].[USER_UPDATE_CGPHOME_SPECITEM]') AND OBJECTPROPERTY(ID, N'ISPROCEDURE') = 1)
DROP PROCEDURE [DBO].[USER_UPDATE_CGPHOME_SPECITEM]
GO

SET QUOTED_IDENTIFIER OFF 
GO
SET ANSI_NULLS ON 
GO

CREATE PROCEDURE DBO.USER_UPDATE_CGPHOME_SPECITEM

@CGPHOME_SPECITEM_ID [CHAR](32), 

@HISTORY_ID [INT],    
@CGPHOME_SPECPE_ID CHAR(32),
				
@ITEMSERIAL [VARCHAR] (200),
				
@ITEMMODEL [VARCHAR] (200),
				
@ITEMMAKE [VARCHAR] (200),
@ITEMVALUE [MONEY],
				
@ITEMDESC [VARCHAR] (200),
@USERINSTANCE [INT]

AS

SET NOCOUNT ON

UPDATE
  USER_CGPHOME_SPECITEM
SET
  [CGPHOME_SPECITEM_ID] = @CGPHOME_SPECITEM_ID,  
  
  [HISTORY_ID] = @HISTORY_ID,
  [CGPHOME_SPECPE_ID] = @CGPHOME_SPECPE_ID,
  [ITEMSERIAL] = @ITEMSERIAL,
  [ITEMMODEL] = @ITEMMODEL,
  [ITEMMAKE] = @ITEMMAKE,
  [ITEMVALUE] = @ITEMVALUE,
  [ITEMDESC] = @ITEMDESC,      
  [USERINSTANCE] = @USERINSTANCE
WHERE
  [CGPHOME_SPECITEM_ID] = @CGPHOME_SPECITEM_ID

  AND [HISTORY_ID] = @HISTORY_ID      


GO

SET QUOTED_IDENTIFIER OFF 
GO
SET ANSI_NULLS ON 
GO

GRANT  EXECUTE  ON [DBO].[USER_UPDATE_CGPHOME_SPECITEM]  TO [TRANSACTORUSERS], [TRANSACTORPMUSERS]
GO
  
 
IF EXISTS (SELECT * FROM DBO.SYSOBJECTS WHERE ID = OBJECT_ID(N'[DBO].[USER_DELETE_CGPHOME_SPECITEM]') AND OBJECTPROPERTY(ID, N'ISPROCEDURE') = 1)
DROP PROCEDURE [DBO].[USER_DELETE_CGPHOME_SPECITEM]
GO
			
SET QUOTED_IDENTIFIER OFF 
GO
SET ANSI_NULLS ON 
GO

CREATE PROCEDURE DBO.USER_DELETE_CGPHOME_SPECITEM (

@CGPHOME_SPECITEM_ID [CHAR](32), 
@HISTORY_ID INT    
)	

AS

SET NOCOUNT ON

DELETE USER_CGPHOME_SPECITEM WHERE [CGPHOME_SPECITEM_ID] = @CGPHOME_SPECITEM_ID AND [HISTORY_ID] = @HISTORY_ID
  
GO

SET QUOTED_IDENTIFIER OFF 
GO
SET ANSI_NULLS ON 
GO

GRANT  EXECUTE  ON [DBO].[USER_DELETE_CGPHOME_SPECITEM]  TO [TRANSACTORUSERS], [TRANSACTORPMUSERS]
GO

CREATE TABLE [dbo].[USER_CGPHOME_OCCUPAT] (	
	[CGPHOME_OCCUPAT_ID] [CHAR] (32) NOT NULL ,
	[HISTORY_ID] [INT] NOT NULL ,
	[CGPHOME_PROPOSER_ID] [CHAR] (32) NOT NULL,
    [PARTTIME] [BIT] NULL,
    [TYPE_ID] [VARCHAR] (8) NULL,
    [EMPSBUSINESS_ID] [VARCHAR] (8) NULL,
    [DESCRIPTION_ID] [VARCHAR] (8) NULL,
    
	[USERINSTANCE] [INT] NULL
) ON [PRIMARY]
GO


ALTER TABLE [dbo].[USER_CGPHOME_OCCUPAT] WITH NOCHECK ADD 
	CONSTRAINT [PK_U_CGPHOME_OCCUPAT] PRIMARY KEY  CLUSTERED 
	(
		[CGPHOME_OCCUPAT_ID],
		[HISTORY_ID]
	)  ON [PRIMARY] 
GO


ALTER TABLE [dbo].[USER_CGPHOME_OCCUPAT] WITH NOCHECK ADD 				
	CONSTRAINT [DF_UCGPHOME_OCCUPAT3OFORHK5] DEFAULT (0) FOR [PARTTIME]
GO
ALTER TABLE [dbo].[USER_CGPHOME_OCCUPAT] WITH NOCHECK ADD 					
	CONSTRAINT [DF_UCGPHOME_OCCUPAT3OFORHK6] DEFAULT ('0') FOR [TYPE_ID]
GO
ALTER TABLE [dbo].[USER_CGPHOME_OCCUPAT] WITH NOCHECK ADD 					
	CONSTRAINT [DF_UCGPHOME_OCCUPAT3OFORHL6] DEFAULT ('0') FOR [EMPSBUSINESS_ID]
GO
ALTER TABLE [dbo].[USER_CGPHOME_OCCUPAT] WITH NOCHECK ADD 					
	CONSTRAINT [DF_UCGPHOME_OCCUPAT3OFORHL7] DEFAULT ('0') FOR [DESCRIPTION_ID]
GO
GO

CREATE  INDEX [IDX_UCGPHOME_OCCUPAT] ON [dbo].[USER_CGPHOME_OCCUPAT]([CGPHOME_PROPOSER_ID], [HISTORY_ID]) ON [PRIMARY]				
GO	

GRANT  SELECT  ON [dbo].[USER_CGPHOME_OCCUPAT]  TO [TRANSACTORUSERS]
GO

GRANT  SELECT  ON [dbo].[USER_CGPHOME_OCCUPAT]  TO [TRANSACTORPMUSERS]
GO


ALTER TABLE [dbo].[USER_CGPHOME_OCCUPAT] ADD 

CONSTRAINT [FK_UCGPHOME_OCCUPAT] FOREIGN KEY 
(
	[CGPHOME_PROPOSER_ID],
	[HISTORY_ID]
) REFERENCES [dbo].[USER_CGPHOME_PROPOSER] (
	[CGPHOME_PROPOSER_ID],
	[HISTORY_ID]
) NOT FOR REPLICATION
GO
	
ALTER TABLE [dbo].[USER_CGPHOME_OCCUPAT] ADD 
	CONSTRAINT [FK_UCGPHOME_OCCUPAT3OFORHL8] FOREIGN KEY 
	(
		[TYPE_ID]
    
	) REFERENCES [dbo].[LIST_EMPLOYMENT_STATUS] (
		[EMPLOYMENT_STATUS_ID]
	)	NOT FOR REPLICATION
	
GO
ALTER TABLE [dbo].[USER_CGPHOME_OCCUPAT] ADD 
	CONSTRAINT [FK_UCGPHOME_OCCUPAT3OFORHL9] FOREIGN KEY 
	(
		[EMPSBUSINESS_ID]
    
	) REFERENCES [dbo].[LIST_EMPLOYERS_BUS] (
		[EMPLOYERS_BUS_ID]
	)	NOT FOR REPLICATION
	
GO
ALTER TABLE [dbo].[USER_CGPHOME_OCCUPAT] ADD 
	CONSTRAINT [FK_UCGPHOME_OCCUPAT3OFORHL0] FOREIGN KEY 
	(
		[DESCRIPTION_ID]
    
	) REFERENCES [dbo].[LIST_OCCUPATION] (
		[OCCUPATION_ID]
	)	NOT FOR REPLICATION
	
GO
 
IF EXISTS (SELECT * FROM DBO.SYSOBJECTS WHERE ID = OBJECT_ID(N'[DBO].[USER_READ_CGPHOME_OCCUPAT]') AND OBJECTPROPERTY(ID, N'ISPROCEDURE') = 1)
DROP PROCEDURE [DBO].[USER_READ_CGPHOME_OCCUPAT]
GO
			
SET QUOTED_IDENTIFIER OFF 
GO
SET ANSI_NULLS ON 
GO

CREATE PROCEDURE DBO.USER_READ_CGPHOME_OCCUPAT (

@CGPHOME_PROPOSER_ID CHAR(32),
@HISTORY_ID INT    
  

)	

AS
	
SELECT	
	USER_CGPHOME_OCCUPAT.[CGPHOME_OCCUPAT_ID], 

  USER_CGPHOME_OCCUPAT.[HISTORY_ID],
	USER_CGPHOME_OCCUPAT.[CGPHOME_PROPOSER_ID]
		,
	USER_CGPHOME_OCCUPAT.[PARTTIME],TYPE_ALIAS.[EMPLOYMENT_STATUS_ID] as TYPE_ID,
	TYPE_ALIAS.[EMPLOYMENT_STATUS_DEBUG] as TYPE_DEBUG,EMPSBUSINESS_ALIAS.[EMPLOYERS_BUS_ID] as EMPSBUSINESS_ID,
	EMPSBUSINESS_ALIAS.[EMPLOYERS_BUS_DEBUG] as EMPSBUSINESS_DEBUG,DESCRIPTION_ALIAS.[OCCUPATION_ID] as DESCRIPTION_ID,
	DESCRIPTION_ALIAS.[OCCUPATION_DEBUG] as DESCRIPTION_DEBUG,
	USER_CGPHOME_OCCUPAT.USERINSTANCE
FROM		
	USER_CGPHOME_OCCUPAT
	INNER JOIN LIST_EMPLOYMENT_STATUS as TYPE_ALIAS ON USER_CGPHOME_OCCUPAT.[TYPE_ID] = TYPE_ALIAS.[EMPLOYMENT_STATUS_ID]
	INNER JOIN LIST_EMPLOYERS_BUS as EMPSBUSINESS_ALIAS ON USER_CGPHOME_OCCUPAT.[EMPSBUSINESS_ID] = EMPSBUSINESS_ALIAS.[EMPLOYERS_BUS_ID]
	INNER JOIN LIST_OCCUPATION as DESCRIPTION_ALIAS ON USER_CGPHOME_OCCUPAT.[DESCRIPTION_ID] = DESCRIPTION_ALIAS.[OCCUPATION_ID]
WHERE
  USER_CGPHOME_OCCUPAT.CGPHOME_PROPOSER_ID = @CGPHOME_PROPOSER_ID
	AND USER_CGPHOME_OCCUPAT.HISTORY_ID = @HISTORY_ID      
    
ORDER BY
	USER_CGPHOME_OCCUPAT.USERINSTANCE ASC
		
GO

SET QUOTED_IDENTIFIER OFF 
GO
SET ANSI_NULLS ON 
GO

GRANT  EXECUTE  ON [DBO].[USER_READ_CGPHOME_OCCUPAT]  TO [TRANSACTORUSERS]
GO

GRANT  EXECUTE  ON [DBO].[USER_READ_CGPHOME_OCCUPAT]  TO [TRANSACTORPMUSERS]
GO

    
IF EXISTS (SELECT * FROM DBO.SYSOBJECTS WHERE ID = OBJECT_ID(N'[DBO].[USER_SAVE_CGPHOME_OCCUPAT]') AND OBJECTPROPERTY(ID, N'ISPROCEDURE') = 1)
DROP PROCEDURE [DBO].[USER_SAVE_CGPHOME_OCCUPAT]
GO

SET QUOTED_IDENTIFIER OFF 
GO
SET ANSI_NULLS ON 
GO

CREATE PROCEDURE DBO.USER_SAVE_CGPHOME_OCCUPAT

@CGPHOME_OCCUPAT_ID [CHAR](32), 

@HISTORY_ID [INT],
@CGPHOME_PROPOSER_ID CHAR(32),
@PARTTIME [BIT],
@TYPE_ID [VARCHAR] (8),
@EMPSBUSINESS_ID [VARCHAR] (8),
@DESCRIPTION_ID [VARCHAR] (8),
@USERINSTANCE [INT]

AS

INSERT INTO 
USER_CGPHOME_OCCUPAT
(
	CGPHOME_OCCUPAT_ID, 

	HISTORY_ID,
	CGPHOME_PROPOSER_ID,
	[PARTTIME],
	[TYPE_ID] ,
	[EMPSBUSINESS_ID] ,
	[DESCRIPTION_ID] ,
	USERINSTANCE
) VALUES (
	@CGPHOME_OCCUPAT_ID, 

	@HISTORY_ID,
   @CGPHOME_PROPOSER_ID,
	@PARTTIME,
	@TYPE_ID,
	@EMPSBUSINESS_ID,
	@DESCRIPTION_ID,
	@USERINSTANCE
)
GO

SET QUOTED_IDENTIFIER OFF 
GO
SET ANSI_NULLS ON 
GO

GRANT  EXECUTE  ON [DBO].[USER_SAVE_CGPHOME_OCCUPAT]  TO [TRANSACTORUSERS]
GO

GRANT  EXECUTE  ON [DBO].[USER_SAVE_CGPHOME_OCCUPAT]  TO [TRANSACTORPMUSERS]
GO    
      
IF EXISTS (SELECT * FROM DBO.SYSOBJECTS WHERE ID = OBJECT_ID(N'[DBO].[USER_UPDATE_CGPHOME_OCCUPAT]') AND OBJECTPROPERTY(ID, N'ISPROCEDURE') = 1)
DROP PROCEDURE [DBO].[USER_UPDATE_CGPHOME_OCCUPAT]
GO

SET QUOTED_IDENTIFIER OFF 
GO
SET ANSI_NULLS ON 
GO

CREATE PROCEDURE DBO.USER_UPDATE_CGPHOME_OCCUPAT

@CGPHOME_OCCUPAT_ID [CHAR](32), 

@HISTORY_ID [INT],    
@CGPHOME_PROPOSER_ID CHAR(32),
@PARTTIME [BIT],
@TYPE_ID [VARCHAR] (8),
@EMPSBUSINESS_ID [VARCHAR] (8),
@DESCRIPTION_ID [VARCHAR] (8),
@USERINSTANCE [INT]

AS

SET NOCOUNT ON

UPDATE
  USER_CGPHOME_OCCUPAT
SET
  [CGPHOME_OCCUPAT_ID] = @CGPHOME_OCCUPAT_ID,  
  
  [HISTORY_ID] = @HISTORY_ID,
  [CGPHOME_PROPOSER_ID] = @CGPHOME_PROPOSER_ID,
  [PARTTIME] = @PARTTIME,
  [TYPE_ID] = @TYPE_ID,
  [EMPSBUSINESS_ID] = @EMPSBUSINESS_ID,
  [DESCRIPTION_ID] = @DESCRIPTION_ID,      
  [USERINSTANCE] = @USERINSTANCE
WHERE
  [CGPHOME_OCCUPAT_ID] = @CGPHOME_OCCUPAT_ID

  AND [HISTORY_ID] = @HISTORY_ID      


GO

SET QUOTED_IDENTIFIER OFF 
GO
SET ANSI_NULLS ON 
GO

GRANT  EXECUTE  ON [DBO].[USER_UPDATE_CGPHOME_OCCUPAT]  TO [TRANSACTORUSERS], [TRANSACTORPMUSERS]
GO
  
 
IF EXISTS (SELECT * FROM DBO.SYSOBJECTS WHERE ID = OBJECT_ID(N'[DBO].[USER_DELETE_CGPHOME_OCCUPAT]') AND OBJECTPROPERTY(ID, N'ISPROCEDURE') = 1)
DROP PROCEDURE [DBO].[USER_DELETE_CGPHOME_OCCUPAT]
GO
			
SET QUOTED_IDENTIFIER OFF 
GO
SET ANSI_NULLS ON 
GO

CREATE PROCEDURE DBO.USER_DELETE_CGPHOME_OCCUPAT (

@CGPHOME_OCCUPAT_ID [CHAR](32), 
@HISTORY_ID INT    
)	

AS

SET NOCOUNT ON

DELETE USER_CGPHOME_OCCUPAT WHERE [CGPHOME_OCCUPAT_ID] = @CGPHOME_OCCUPAT_ID AND [HISTORY_ID] = @HISTORY_ID
  
GO

SET QUOTED_IDENTIFIER OFF 
GO
SET ANSI_NULLS ON 
GO

GRANT  EXECUTE  ON [DBO].[USER_DELETE_CGPHOME_OCCUPAT]  TO [TRANSACTORUSERS], [TRANSACTORPMUSERS]
GO

IF EXISTS (SELECT * FROM DBO.SYSOBJECTS WHERE ID = OBJECT_ID(N'[DBO].[USER_DELETE_CGPHOME]') AND OBJECTPROPERTY(ID, N'ISPROCEDURE') = 1)
DROP PROCEDURE [DBO].[USER_DELETE_CGPHOME]
GO

SET QUOTED_IDENTIFIER OFF 
GO
SET ANSI_NULLS ON 
GO

CREATE PROCEDURE DBO.USER_DELETE_CGPHOME

@POLICY_DETAILS_ID CHAR(32),
@HISTORY_ID INT

AS



DELETE USER_CGPHOME_PHDETAIL
WHERE CGPHOME_PHDETAIL_ID IN
(

SELECT CGPHOME_PHDETAIL_ID FROM USER_CGPHOME_PHDETAIL WHERE (POLICY_DETAILS_ID = @POLICY_DETAILS_ID AND HISTORY_ID = @HISTORY_ID)
				
)
AND HISTORY_ID = @HISTORY_ID

		

DELETE USER_CGPHOME_ITEMSPEC
WHERE CGPHOME_ITEMSPEC_ID IN
(
SELECT CGPHOME_ITEMSPEC_ID
FROM USER_CGPHOME_ITEMSPEC
WHERE CGPHOME_SPECCONT_ID
	IN (
					
SELECT CGPHOME_SPECCONT_ID FROM USER_CGPHOME_SPECCONT WHERE (POLICY_DETAILS_ID = @POLICY_DETAILS_ID AND HISTORY_ID = @HISTORY_ID)
				
	)
AND HISTORY_ID = @HISTORY_ID
				
)
AND HISTORY_ID = @HISTORY_ID

		

DELETE USER_CGPHOME_SPECCONT
WHERE CGPHOME_SPECCONT_ID IN
(

SELECT CGPHOME_SPECCONT_ID FROM USER_CGPHOME_SPECCONT WHERE (POLICY_DETAILS_ID = @POLICY_DETAILS_ID AND HISTORY_ID = @HISTORY_ID)
				
)
AND HISTORY_ID = @HISTORY_ID

		

DELETE USER_CGPHOME_SPECITEM
WHERE CGPHOME_SPECITEM_ID IN
(
SELECT CGPHOME_SPECITEM_ID
FROM USER_CGPHOME_SPECITEM
WHERE CGPHOME_SPECPE_ID
	IN (
					
SELECT CGPHOME_SPECPE_ID FROM USER_CGPHOME_SPECPE WHERE (POLICY_DETAILS_ID = @POLICY_DETAILS_ID AND HISTORY_ID = @HISTORY_ID)
				
	)
AND HISTORY_ID = @HISTORY_ID
				
)
AND HISTORY_ID = @HISTORY_ID

		

DELETE USER_CGPHOME_SPECPE
WHERE CGPHOME_SPECPE_ID IN
(

SELECT CGPHOME_SPECPE_ID FROM USER_CGPHOME_SPECPE WHERE (POLICY_DETAILS_ID = @POLICY_DETAILS_ID AND HISTORY_ID = @HISTORY_ID)
				
)
AND HISTORY_ID = @HISTORY_ID

		

DELETE USER_CGPHOME_PARKDETA
WHERE CGPHOME_PARKDETA_ID IN
(

SELECT CGPHOME_PARKDETA_ID FROM USER_CGPHOME_PARKDETA WHERE (POLICY_DETAILS_ID = @POLICY_DETAILS_ID AND HISTORY_ID = @HISTORY_ID)
				
)
AND HISTORY_ID = @HISTORY_ID

		

DELETE USER_CGPHOME_CLAIMDET
WHERE CGPHOME_CLAIMDET_ID IN
(
SELECT CGPHOME_CLAIMDET_ID
FROM USER_CGPHOME_CLAIMDET
WHERE CGPHOME_CLAIMSUM_ID
	IN (
					
SELECT CGPHOME_CLAIMSUM_ID FROM USER_CGPHOME_CLAIMSUM WHERE (POLICY_DETAILS_ID = @POLICY_DETAILS_ID AND HISTORY_ID = @HISTORY_ID)
				
	)
AND HISTORY_ID = @HISTORY_ID
				
)
AND HISTORY_ID = @HISTORY_ID

		

DELETE USER_CGPHOME_CLAIMSUM
WHERE CGPHOME_CLAIMSUM_ID IN
(

SELECT CGPHOME_CLAIMSUM_ID FROM USER_CGPHOME_CLAIMSUM WHERE (POLICY_DETAILS_ID = @POLICY_DETAILS_ID AND HISTORY_ID = @HISTORY_ID)
				
)
AND HISTORY_ID = @HISTORY_ID

		

DELETE USER_CGPHOME_XSANDNCD
WHERE CGPHOME_XSANDNCD_ID IN
(

SELECT CGPHOME_XSANDNCD_ID FROM USER_CGPHOME_XSANDNCD WHERE (POLICY_DETAILS_ID = @POLICY_DETAILS_ID AND HISTORY_ID = @HISTORY_ID)
				
)
AND HISTORY_ID = @HISTORY_ID

		

DELETE USER_CGPHOME_OCCUPAT
WHERE CGPHOME_OCCUPAT_ID IN
(
SELECT CGPHOME_OCCUPAT_ID
FROM USER_CGPHOME_OCCUPAT
WHERE CGPHOME_PROPOSER_ID
	IN (
					
SELECT CGPHOME_PROPOSER_ID FROM USER_CGPHOME_PROPOSER WHERE (POLICY_DETAILS_ID = @POLICY_DETAILS_ID AND HISTORY_ID = @HISTORY_ID)
				
	)
AND HISTORY_ID = @HISTORY_ID
				
)
AND HISTORY_ID = @HISTORY_ID

		

DELETE USER_CGPHOME_PROPOSER
WHERE CGPHOME_PROPOSER_ID IN
(

SELECT CGPHOME_PROPOSER_ID FROM USER_CGPHOME_PROPOSER WHERE (POLICY_DETAILS_ID = @POLICY_DETAILS_ID AND HISTORY_ID = @HISTORY_ID)
				
)
AND HISTORY_ID = @HISTORY_ID

		

DELETE USER_CGPHOME_GENERAL
WHERE CGPHOME_GENERAL_ID IN
(

SELECT CGPHOME_GENERAL_ID FROM USER_CGPHOME_GENERAL WHERE (POLICY_DETAILS_ID = @POLICY_DETAILS_ID AND HISTORY_ID = @HISTORY_ID)
				
)
AND HISTORY_ID = @HISTORY_ID

		

GO
SET QUOTED_IDENTIFIER OFF 
GO
SET ANSI_NULLS ON 
GO

GRANT  EXECUTE  ON [DBO].[USER_DELETE_CGPHOME]  TO [TRANSACTORUSERS]
GO

GRANT  EXECUTE  ON [DBO].[USER_DELETE_CGPHOME]  TO [TRANSACTORPMUSERS]
GO    
  
--User Link Tables
		
DELETE FROM SYSTEM_QUESTIONS WHERE PARENTID = 'UO_CGPHOME_PHDETAIL'
DELETE FROM SYSTEM_OBJECTS WHERE ID = 'UO_CGPHOME_PHDETAIL'
      
IF NOT EXISTS (SELECT ID FROM SYSTEM_OBJECTS WHERE ID = 'UO_CGPHOME_PHDETAIL')
INSERT INTO SYSTEM_OBJECTS (ID,DESCRIPTION,PARENTID,INSTANCE,OBJECT_ID,PRODUCTTYPE) VALUES ('UO_CGPHOME_PHDETAIL', 'Park Home Details (Park Home)','Policy_Details','s',NULL,'193')
        IF NOT EXISTS (SELECT ID FROM SYSTEM_QUESTIONS WHERE ID = 'UQ_CGPHOME_PHDETAIL_WinLocks')
	
INSERT INTO SYSTEM_QUESTIONS (ID,DESCRIPTION,PARENTID,EXCLUSIONS,TYPE,TESTDEFAULT,VARIABLETYPE,TABLENAME) VALUES ('UQ_CGPHOME_PHDETAIL_WinLocks','Window Locks','UO_CGPHOME_PHDETAIL',NULL,'t',NULL,NULL, 'LIST_PARKHOME_WINDOW_LOCKS')
		IF NOT EXISTS (SELECT ID FROM SYSTEM_QUESTIONS WHERE ID = 'UQ_CGPHOME_PHDETAIL_AlarmType')
	
INSERT INTO SYSTEM_QUESTIONS (ID,DESCRIPTION,PARENTID,EXCLUSIONS,TYPE,TESTDEFAULT,VARIABLETYPE,TABLENAME) VALUES ('UQ_CGPHOME_PHDETAIL_AlarmType','Alarm Type','UO_CGPHOME_PHDETAIL',NULL,'t',NULL,NULL, 'LIST_PARKHOME_ALARM')
		IF NOT EXISTS (SELECT ID FROM SYSTEM_QUESTIONS WHERE ID = 'UQ_CGPHOME_PHDETAIL_DoorLock')
	
INSERT INTO SYSTEM_QUESTIONS (ID,DESCRIPTION,PARENTID,EXCLUSIONS,TYPE,TESTDEFAULT,VARIABLETYPE,TABLENAME) VALUES ('UQ_CGPHOME_PHDETAIL_DoorLock','Door Locks','UO_CGPHOME_PHDETAIL',NULL,'t',NULL,NULL, 'LIST_PARKHOME_DOOR_LOCKS')
		
IF NOT EXISTS (SELECT ID FROM SYSTEM_QUESTIONS WHERE ID = 'UQ_CGPHOME_PHDETAIL_PESpecCount')
 
INSERT INTO SYSTEM_QUESTIONS (ID,DESCRIPTION,PARENTID,EXCLUSIONS,TYPE,TESTDEFAULT,VARIABLETYPE,TABLENAME) VALUES ('UQ_CGPHOME_PHDETAIL_PESpecCount','Count of Personal Effects Specified Items','UO_CGPHOME_PHDETAIL',NULL,'t',NULL,NULL,NULL)	

IF NOT EXISTS (SELECT ID FROM SYSTEM_QUESTIONS WHERE ID = 'UQ_CGPHOME_PHDETAIL_ContSpecCount')
 
INSERT INTO SYSTEM_QUESTIONS (ID,DESCRIPTION,PARENTID,EXCLUSIONS,TYPE,TESTDEFAULT,VARIABLETYPE,TABLENAME) VALUES ('UQ_CGPHOME_PHDETAIL_ContSpecCount','Count Of Contents Specified Items','UO_CGPHOME_PHDETAIL',NULL,'t',NULL,NULL,NULL)	
IF NOT EXISTS (SELECT ID FROM SYSTEM_QUESTIONS WHERE ID = 'UQ_CGPHOME_PHDETAIL_TotalSI')
INSERT INTO SYSTEM_QUESTIONS (ID,DESCRIPTION,PARENTID,EXCLUSIONS,TYPE,TESTDEFAULT,VARIABLETYPE,TABLENAME) VALUES ('UQ_CGPHOME_PHDETAIL_TotalSI','TotalSI','UO_CGPHOME_PHDETAIL',NULL,'n',NULL,NULL,NULL)
IF NOT EXISTS (SELECT ID FROM SYSTEM_QUESTIONS WHERE ID = 'UQ_CGPHOME_PHDETAIL_CycleCover')
	
INSERT INTO SYSTEM_QUESTIONS (ID,DESCRIPTION,PARENTID,EXCLUSIONS,TYPE,TESTDEFAULT,VARIABLETYPE,TABLENAME) VALUES ('UQ_CGPHOME_PHDETAIL_CycleCover','Pedal Cycle Cover','UO_CGPHOME_PHDETAIL',NULL,'t',NULL,NULL, 'LIST_PARKHOME_PEDALCOVER')
		IF NOT EXISTS (SELECT ID FROM SYSTEM_QUESTIONS WHERE ID = 'UQ_CGPHOME_PHDETAIL_PECover')
	
INSERT INTO SYSTEM_QUESTIONS (ID,DESCRIPTION,PARENTID,EXCLUSIONS,TYPE,TESTDEFAULT,VARIABLETYPE,TABLENAME) VALUES ('UQ_CGPHOME_PHDETAIL_PECover','Personal Effects and Money','UO_CGPHOME_PHDETAIL',NULL,'t',NULL,NULL, 'LIST_PARKHOME_PECOVER')
		IF NOT EXISTS (SELECT ID FROM SYSTEM_QUESTIONS WHERE ID = 'UQ_CGPHOME_PHDETAIL_ADCover')
INSERT INTO SYSTEM_QUESTIONS (ID,DESCRIPTION,PARENTID,EXCLUSIONS,TYPE,TESTDEFAULT,VARIABLETYPE,TABLENAME) VALUES ('UQ_CGPHOME_PHDETAIL_ADCover','Accidental Damage Cover','UO_CGPHOME_PHDETAIL',NULL,'b',NULL,NULL,NULL)
IF NOT EXISTS (SELECT ID FROM SYSTEM_QUESTIONS WHERE ID = 'UQ_CGPHOME_PHDETAIL_ContentSI')
INSERT INTO SYSTEM_QUESTIONS (ID,DESCRIPTION,PARENTID,EXCLUSIONS,TYPE,TESTDEFAULT,VARIABLETYPE,TABLENAME) VALUES ('UQ_CGPHOME_PHDETAIL_ContentSI','Contents SI','UO_CGPHOME_PHDETAIL',NULL,'n',NULL,NULL,NULL)
IF NOT EXISTS (SELECT ID FROM SYSTEM_QUESTIONS WHERE ID = 'UQ_CGPHOME_PHDETAIL_PHSI')
INSERT INTO SYSTEM_QUESTIONS (ID,DESCRIPTION,PARENTID,EXCLUSIONS,TYPE,TESTDEFAULT,VARIABLETYPE,TABLENAME) VALUES ('UQ_CGPHOME_PHDETAIL_PHSI','Park Home SI','UO_CGPHOME_PHDETAIL',NULL,'n',NULL,NULL,NULL)
IF NOT EXISTS (SELECT ID FROM SYSTEM_QUESTIONS WHERE ID = 'UQ_CGPHOME_PHDETAIL_GSORepair')
INSERT INTO SYSTEM_QUESTIONS (ID,DESCRIPTION,PARENTID,EXCLUSIONS,TYPE,TESTDEFAULT,VARIABLETYPE,TABLENAME) VALUES ('UQ_CGPHOME_PHDETAIL_GSORepair','Good State of Repair','UO_CGPHOME_PHDETAIL',NULL,'b',NULL,NULL,NULL)
IF NOT EXISTS (SELECT ID FROM SYSTEM_QUESTIONS WHERE ID = 'UQ_CGPHOME_PHDETAIL_Smoke')
INSERT INTO SYSTEM_QUESTIONS (ID,DESCRIPTION,PARENTID,EXCLUSIONS,TYPE,TESTDEFAULT,VARIABLETYPE,TABLENAME) VALUES ('UQ_CGPHOME_PHDETAIL_Smoke','Smoke Detectors?','UO_CGPHOME_PHDETAIL',NULL,'b',NULL,NULL,NULL)
IF NOT EXISTS (SELECT ID FROM SYSTEM_QUESTIONS WHERE ID = 'UQ_CGPHOME_PHDETAIL_Financed')
INSERT INTO SYSTEM_QUESTIONS (ID,DESCRIPTION,PARENTID,EXCLUSIONS,TYPE,TESTDEFAULT,VARIABLETYPE,TABLENAME) VALUES ('UQ_CGPHOME_PHDETAIL_Financed','Financed','UO_CGPHOME_PHDETAIL',NULL,'b',NULL,NULL,NULL)
IF NOT EXISTS (SELECT ID FROM SYSTEM_QUESTIONS WHERE ID = 'UQ_CGPHOME_PHDETAIL_FlatorFelt')
	
INSERT INTO SYSTEM_QUESTIONS (ID,DESCRIPTION,PARENTID,EXCLUSIONS,TYPE,TESTDEFAULT,VARIABLETYPE,TABLENAME) VALUES ('UQ_CGPHOME_PHDETAIL_FlatorFelt','Flat or Felt Roof','UO_CGPHOME_PHDETAIL',NULL,'t',NULL,NULL, 'LIST_PARKHOME_ROOFTYPE')
		IF NOT EXISTS (SELECT ID FROM SYSTEM_QUESTIONS WHERE ID = 'UQ_CGPHOME_PHDETAIL_YOManufacture')
	
INSERT INTO SYSTEM_QUESTIONS (ID,DESCRIPTION,PARENTID,EXCLUSIONS,TYPE,TESTDEFAULT,VARIABLETYPE,TABLENAME) VALUES ('UQ_CGPHOME_PHDETAIL_YOManufacture','Year Of Manufacture','UO_CGPHOME_PHDETAIL',NULL,'t',NULL,NULL, 'LIST_YEAR')
		
IF NOT EXISTS (SELECT ID FROM SYSTEM_QUESTIONS WHERE ID = 'UQ_CGPHOME_PHDETAIL_Type')
 
INSERT INTO SYSTEM_QUESTIONS (ID,DESCRIPTION,PARENTID,EXCLUSIONS,TYPE,TESTDEFAULT,VARIABLETYPE,TABLENAME) VALUES ('UQ_CGPHOME_PHDETAIL_Type','Type','UO_CGPHOME_PHDETAIL',NULL,'t',NULL,NULL,NULL)	
IF NOT EXISTS (SELECT ID FROM SYSTEM_QUESTIONS WHERE ID = 'UQ_CGPHOME_PHDETAIL_Model')
	
INSERT INTO SYSTEM_QUESTIONS (ID,DESCRIPTION,PARENTID,EXCLUSIONS,TYPE,TESTDEFAULT,VARIABLETYPE,TABLENAME) VALUES ('UQ_CGPHOME_PHDETAIL_Model','Model','UO_CGPHOME_PHDETAIL',NULL,'t',NULL,NULL, 'LIST_PARKHOME_MODEL')
		IF NOT EXISTS (SELECT ID FROM SYSTEM_QUESTIONS WHERE ID = 'UQ_CGPHOME_PHDETAIL_Make')
	
INSERT INTO SYSTEM_QUESTIONS (ID,DESCRIPTION,PARENTID,EXCLUSIONS,TYPE,TESTDEFAULT,VARIABLETYPE,TABLENAME) VALUES ('UQ_CGPHOME_PHDETAIL_Make','Make','UO_CGPHOME_PHDETAIL',NULL,'t',NULL,NULL, 'LIST_PARKHOME_MAKE')
		
IF NOT EXISTS (SELECT ID FROM SYSTEM_QUESTIONS WHERE ID = 'UQ_CGPHOME_PHDETAIL_IntParty')
 
INSERT INTO SYSTEM_QUESTIONS (ID,DESCRIPTION,PARENTID,EXCLUSIONS,TYPE,TESTDEFAULT,VARIABLETYPE,TABLENAME) VALUES ('UQ_CGPHOME_PHDETAIL_IntParty','Interested Party Details','UO_CGPHOME_PHDETAIL',NULL,'t',NULL,NULL,NULL)	

DELETE FROM SYSTEM_QUESTIONS WHERE PARENTID = 'UO_CGPHOME_SPECCONT'
DELETE FROM SYSTEM_OBJECTS WHERE ID = 'UO_CGPHOME_SPECCONT'
      
IF NOT EXISTS (SELECT ID FROM SYSTEM_OBJECTS WHERE ID = 'UO_CGPHOME_SPECCONT')
INSERT INTO SYSTEM_OBJECTS (ID,DESCRIPTION,PARENTID,INSTANCE,OBJECT_ID,PRODUCTTYPE) VALUES ('UO_CGPHOME_SPECCONT', 'Contents Specified Items (Park Home)','Policy_Details','s',NULL,'193')
        
IF NOT EXISTS (SELECT ID FROM SYSTEM_QUESTIONS WHERE ID = 'UQ_CGPHOME_SPECCONT_dummy')
 
INSERT INTO SYSTEM_QUESTIONS (ID,DESCRIPTION,PARENTID,EXCLUSIONS,TYPE,TESTDEFAULT,VARIABLETYPE,TABLENAME) VALUES ('UQ_CGPHOME_SPECCONT_dummy','Dummy','UO_CGPHOME_SPECCONT',NULL,'t',NULL,NULL,NULL)	

DELETE FROM SYSTEM_QUESTIONS WHERE PARENTID = 'UO_CGPHOME_SPECPE'
DELETE FROM SYSTEM_OBJECTS WHERE ID = 'UO_CGPHOME_SPECPE'
      
IF NOT EXISTS (SELECT ID FROM SYSTEM_OBJECTS WHERE ID = 'UO_CGPHOME_SPECPE')
INSERT INTO SYSTEM_OBJECTS (ID,DESCRIPTION,PARENTID,INSTANCE,OBJECT_ID,PRODUCTTYPE) VALUES ('UO_CGPHOME_SPECPE', 'Personal Effects Specified Items (Park Home)','Policy_Details','s',NULL,'193')
        
IF NOT EXISTS (SELECT ID FROM SYSTEM_QUESTIONS WHERE ID = 'UQ_CGPHOME_SPECPE_Dummy')
 
INSERT INTO SYSTEM_QUESTIONS (ID,DESCRIPTION,PARENTID,EXCLUSIONS,TYPE,TESTDEFAULT,VARIABLETYPE,TABLENAME) VALUES ('UQ_CGPHOME_SPECPE_Dummy','Dummy','UO_CGPHOME_SPECPE',NULL,'t',NULL,NULL,NULL)	

DELETE FROM SYSTEM_QUESTIONS WHERE PARENTID = 'UO_CGPHOME_PARKDETA'
DELETE FROM SYSTEM_OBJECTS WHERE ID = 'UO_CGPHOME_PARKDETA'
      
IF NOT EXISTS (SELECT ID FROM SYSTEM_OBJECTS WHERE ID = 'UO_CGPHOME_PARKDETA')
INSERT INTO SYSTEM_OBJECTS (ID,DESCRIPTION,PARENTID,INSTANCE,OBJECT_ID,PRODUCTTYPE) VALUES ('UO_CGPHOME_PARKDETA', 'Park Home Estate Details (Park Home)','Policy_Details','s',NULL,'193')
        IF NOT EXISTS (SELECT ID FROM SYSTEM_QUESTIONS WHERE ID = 'UQ_CGPHOME_PARKDETA_Unoccupied')
	
INSERT INTO SYSTEM_QUESTIONS (ID,DESCRIPTION,PARENTID,EXCLUSIONS,TYPE,TESTDEFAULT,VARIABLETYPE,TABLENAME) VALUES ('UQ_CGPHOME_PARKDETA_Unoccupied','Unoccupancy Duration','UO_CGPHOME_PARKDETA',NULL,'t',NULL,NULL, 'LIST_PARKHOME_OCCUPANCY')
		IF NOT EXISTS (SELECT ID FROM SYSTEM_QUESTIONS WHERE ID = 'UQ_CGPHOME_PARKDETA_RegSite')
INSERT INTO SYSTEM_QUESTIONS (ID,DESCRIPTION,PARENTID,EXCLUSIONS,TYPE,TESTDEFAULT,VARIABLETYPE,TABLENAME) VALUES ('UQ_CGPHOME_PARKDETA_RegSite','Registered Site','UO_CGPHOME_PARKDETA',NULL,'b',NULL,NULL,NULL)
IF NOT EXISTS (SELECT ID FROM SYSTEM_QUESTIONS WHERE ID = 'UQ_CGPHOME_PARKDETA_BusinessUse')
	
INSERT INTO SYSTEM_QUESTIONS (ID,DESCRIPTION,PARENTID,EXCLUSIONS,TYPE,TESTDEFAULT,VARIABLETYPE,TABLENAME) VALUES ('UQ_CGPHOME_PARKDETA_BusinessUse','Used For Business?','UO_CGPHOME_PARKDETA',NULL,'t',NULL,NULL, 'LIST_PARKHOME_BUSINESS_USE')
		
IF NOT EXISTS (SELECT ID FROM SYSTEM_QUESTIONS WHERE ID = 'UQ_CGPHOME_PARKDETA_NumOnSite')
 
INSERT INTO SYSTEM_QUESTIONS (ID,DESCRIPTION,PARENTID,EXCLUSIONS,TYPE,TESTDEFAULT,VARIABLETYPE,TABLENAME) VALUES ('UQ_CGPHOME_PARKDETA_NumOnSite','Number of Park Homes on Site','UO_CGPHOME_PARKDETA',NULL,'t',NULL,NULL,NULL)	

DELETE FROM SYSTEM_QUESTIONS WHERE PARENTID = 'UO_CGPHOME_CLAIMSUM'
DELETE FROM SYSTEM_OBJECTS WHERE ID = 'UO_CGPHOME_CLAIMSUM'
      
IF NOT EXISTS (SELECT ID FROM SYSTEM_OBJECTS WHERE ID = 'UO_CGPHOME_CLAIMSUM')
INSERT INTO SYSTEM_OBJECTS (ID,DESCRIPTION,PARENTID,INSTANCE,OBJECT_ID,PRODUCTTYPE) VALUES ('UO_CGPHOME_CLAIMSUM', 'Claims Summary (Park Home)','Policy_Details','s',NULL,'193')
        
DELETE FROM SYSTEM_QUESTIONS WHERE PARENTID = 'UO_CGPHOME_CLAIMDET'
DELETE FROM SYSTEM_OBJECTS WHERE ID = 'UO_CGPHOME_CLAIMDET'
      
IF NOT EXISTS (SELECT ID FROM SYSTEM_OBJECTS WHERE ID = 'UO_CGPHOME_CLAIMDET')
INSERT INTO SYSTEM_OBJECTS (ID,DESCRIPTION,PARENTID,INSTANCE,OBJECT_ID,PRODUCTTYPE) VALUES ('UO_CGPHOME_CLAIMDET', 'Claim Details (Park Home)','UO_CGPHOME_CLAIMSUM','m',NULL,'193')
        IF NOT EXISTS (SELECT ID FROM SYSTEM_QUESTIONS WHERE ID = 'UQ_CGPHOME_CLAIMDET_AtFault')
INSERT INTO SYSTEM_QUESTIONS (ID,DESCRIPTION,PARENTID,EXCLUSIONS,TYPE,TESTDEFAULT,VARIABLETYPE,TABLENAME) VALUES ('UQ_CGPHOME_CLAIMDET_AtFault','At Fault','UO_CGPHOME_CLAIMDET',NULL,'b',NULL,NULL,NULL)
IF NOT EXISTS (SELECT ID FROM SYSTEM_QUESTIONS WHERE ID = 'UQ_CGPHOME_CLAIMDET_IncOnThisPolicy')
INSERT INTO SYSTEM_QUESTIONS (ID,DESCRIPTION,PARENTID,EXCLUSIONS,TYPE,TESTDEFAULT,VARIABLETYPE,TABLENAME) VALUES ('UQ_CGPHOME_CLAIMDET_IncOnThisPolicy','Incurred On This Policy','UO_CGPHOME_CLAIMDET',NULL,'b',NULL,NULL,NULL)
IF NOT EXISTS (SELECT ID FROM SYSTEM_QUESTIONS WHERE ID = 'UQ_CGPHOME_CLAIMDET_NCDPredjudiced')
INSERT INTO SYSTEM_QUESTIONS (ID,DESCRIPTION,PARENTID,EXCLUSIONS,TYPE,TESTDEFAULT,VARIABLETYPE,TABLENAME) VALUES ('UQ_CGPHOME_CLAIMDET_NCDPredjudiced','NCD Predjudiced','UO_CGPHOME_CLAIMDET',NULL,'b',NULL,NULL,NULL)

IF NOT EXISTS (SELECT ID FROM SYSTEM_QUESTIONS WHERE ID = 'UQ_CGPHOME_CLAIMDET_LegalRef')
 
INSERT INTO SYSTEM_QUESTIONS (ID,DESCRIPTION,PARENTID,EXCLUSIONS,TYPE,TESTDEFAULT,VARIABLETYPE,TABLENAME) VALUES ('UQ_CGPHOME_CLAIMDET_LegalRef','Legal Reference Number','UO_CGPHOME_CLAIMDET',NULL,'t',NULL,NULL,NULL)	
IF NOT EXISTS (SELECT ID FROM SYSTEM_QUESTIONS WHERE ID = 'UQ_CGPHOME_CLAIMDET_SettledAmount')
INSERT INTO SYSTEM_QUESTIONS (ID,DESCRIPTION,PARENTID,EXCLUSIONS,TYPE,TESTDEFAULT,VARIABLETYPE,TABLENAME) VALUES ('UQ_CGPHOME_CLAIMDET_SettledAmount','Settled Amount','UO_CGPHOME_CLAIMDET',NULL,'n',NULL,NULL,NULL)
IF NOT EXISTS (SELECT ID FROM SYSTEM_QUESTIONS WHERE ID = 'UQ_CGPHOME_CLAIMDET_SettledDate')
INSERT INTO SYSTEM_QUESTIONS (ID,DESCRIPTION,PARENTID,EXCLUSIONS,TYPE,TESTDEFAULT,VARIABLETYPE,TABLENAME) VALUES ('UQ_CGPHOME_CLAIMDET_SettledDate','Settlement Date','UO_CGPHOME_CLAIMDET',NULL,'d',NULL,NULL,NULL)
IF NOT EXISTS (SELECT ID FROM SYSTEM_QUESTIONS WHERE ID = 'UQ_CGPHOME_CLAIMDET_AmountClaimed')
INSERT INTO SYSTEM_QUESTIONS (ID,DESCRIPTION,PARENTID,EXCLUSIONS,TYPE,TESTDEFAULT,VARIABLETYPE,TABLENAME) VALUES ('UQ_CGPHOME_CLAIMDET_AmountClaimed','Amount Claimed','UO_CGPHOME_CLAIMDET',NULL,'n',NULL,NULL,NULL)

IF NOT EXISTS (SELECT ID FROM SYSTEM_QUESTIONS WHERE ID = 'UQ_CGPHOME_CLAIMDET_Description')
 
INSERT INTO SYSTEM_QUESTIONS (ID,DESCRIPTION,PARENTID,EXCLUSIONS,TYPE,TESTDEFAULT,VARIABLETYPE,TABLENAME) VALUES ('UQ_CGPHOME_CLAIMDET_Description','Claim Description','UO_CGPHOME_CLAIMDET',NULL,'t',NULL,NULL,NULL)	
IF NOT EXISTS (SELECT ID FROM SYSTEM_QUESTIONS WHERE ID = 'UQ_CGPHOME_CLAIMDET_ClaimStatus')
	
INSERT INTO SYSTEM_QUESTIONS (ID,DESCRIPTION,PARENTID,EXCLUSIONS,TYPE,TESTDEFAULT,VARIABLETYPE,TABLENAME) VALUES ('UQ_CGPHOME_CLAIMDET_ClaimStatus','Claim Status','UO_CGPHOME_CLAIMDET',NULL,'t',NULL,NULL, 'LIST_PARKHOME_CLAIM_STATUS')
		IF NOT EXISTS (SELECT ID FROM SYSTEM_QUESTIONS WHERE ID = 'UQ_CGPHOME_CLAIMDET_ClaimDetails')
	
INSERT INTO SYSTEM_QUESTIONS (ID,DESCRIPTION,PARENTID,EXCLUSIONS,TYPE,TESTDEFAULT,VARIABLETYPE,TABLENAME) VALUES ('UQ_CGPHOME_CLAIMDET_ClaimDetails','Claim Details','UO_CGPHOME_CLAIMDET',NULL,'t',NULL,NULL, 'LIST_PARKHOME_CLAIM_DETAILS')
		IF NOT EXISTS (SELECT ID FROM SYSTEM_QUESTIONS WHERE ID = 'UQ_CGPHOME_CLAIMDET_ClaimType')
	
INSERT INTO SYSTEM_QUESTIONS (ID,DESCRIPTION,PARENTID,EXCLUSIONS,TYPE,TESTDEFAULT,VARIABLETYPE,TABLENAME) VALUES ('UQ_CGPHOME_CLAIMDET_ClaimType','Claim Type','UO_CGPHOME_CLAIMDET',NULL,'t',NULL,NULL, 'LIST_PARKHOME_CLAIM_TYPE')
		IF NOT EXISTS (SELECT ID FROM SYSTEM_QUESTIONS WHERE ID = 'UQ_CGPHOME_CLAIMDET_IncidTime')
INSERT INTO SYSTEM_QUESTIONS (ID,DESCRIPTION,PARENTID,EXCLUSIONS,TYPE,TESTDEFAULT,VARIABLETYPE,TABLENAME) VALUES ('UQ_CGPHOME_CLAIMDET_IncidTime','Incident Time','UO_CGPHOME_CLAIMDET',NULL,'d',NULL,NULL,NULL)
IF NOT EXISTS (SELECT ID FROM SYSTEM_QUESTIONS WHERE ID = 'UQ_CGPHOME_CLAIMDET_IncidDate')
INSERT INTO SYSTEM_QUESTIONS (ID,DESCRIPTION,PARENTID,EXCLUSIONS,TYPE,TESTDEFAULT,VARIABLETYPE,TABLENAME) VALUES ('UQ_CGPHOME_CLAIMDET_IncidDate','Incident Date','UO_CGPHOME_CLAIMDET',NULL,'d',NULL,NULL,NULL)

IF NOT EXISTS (SELECT ID FROM SYSTEM_QUESTIONS WHERE ID = 'UQ_CGPHOME_CLAIMDET_ClaimRef')
 
INSERT INTO SYSTEM_QUESTIONS (ID,DESCRIPTION,PARENTID,EXCLUSIONS,TYPE,TESTDEFAULT,VARIABLETYPE,TABLENAME) VALUES ('UQ_CGPHOME_CLAIMDET_ClaimRef','Claim Reference','UO_CGPHOME_CLAIMDET',NULL,'t',NULL,NULL,NULL)	

IF NOT EXISTS (SELECT ID FROM SYSTEM_QUESTIONS WHERE ID = 'UQ_CGPHOME_CLAIMDET_NotesView')
 
INSERT INTO SYSTEM_QUESTIONS (ID,DESCRIPTION,PARENTID,EXCLUSIONS,TYPE,TESTDEFAULT,VARIABLETYPE,TABLENAME) VALUES ('UQ_CGPHOME_CLAIMDET_NotesView','Notes View','UO_CGPHOME_CLAIMDET',NULL,'t',NULL,NULL,NULL)	

IF NOT EXISTS (SELECT ID FROM SYSTEM_QUESTIONS WHERE ID = 'UQ_CGPHOME_CLAIMDET_NewNotes')
 
INSERT INTO SYSTEM_QUESTIONS (ID,DESCRIPTION,PARENTID,EXCLUSIONS,TYPE,TESTDEFAULT,VARIABLETYPE,TABLENAME) VALUES ('UQ_CGPHOME_CLAIMDET_NewNotes','New Notes','UO_CGPHOME_CLAIMDET',NULL,'t',NULL,NULL,NULL)	

DELETE FROM SYSTEM_QUESTIONS WHERE PARENTID = 'UO_CGPHOME_ITEMSPEC'
DELETE FROM SYSTEM_OBJECTS WHERE ID = 'UO_CGPHOME_ITEMSPEC'
      
IF NOT EXISTS (SELECT ID FROM SYSTEM_OBJECTS WHERE ID = 'UO_CGPHOME_ITEMSPEC')
INSERT INTO SYSTEM_OBJECTS (ID,DESCRIPTION,PARENTID,INSTANCE,OBJECT_ID,PRODUCTTYPE) VALUES ('UO_CGPHOME_ITEMSPEC', 'Specified Items (Park Home)','UO_CGPHOME_SPECCONT','m',NULL,'193')
        
IF NOT EXISTS (SELECT ID FROM SYSTEM_QUESTIONS WHERE ID = 'UQ_CGPHOME_ITEMSPEC_ItemSerial')
 
INSERT INTO SYSTEM_QUESTIONS (ID,DESCRIPTION,PARENTID,EXCLUSIONS,TYPE,TESTDEFAULT,VARIABLETYPE,TABLENAME) VALUES ('UQ_CGPHOME_ITEMSPEC_ItemSerial','Serial Number','UO_CGPHOME_ITEMSPEC',NULL,'t',NULL,NULL,NULL)	

IF NOT EXISTS (SELECT ID FROM SYSTEM_QUESTIONS WHERE ID = 'UQ_CGPHOME_ITEMSPEC_ItemModel')
 
INSERT INTO SYSTEM_QUESTIONS (ID,DESCRIPTION,PARENTID,EXCLUSIONS,TYPE,TESTDEFAULT,VARIABLETYPE,TABLENAME) VALUES ('UQ_CGPHOME_ITEMSPEC_ItemModel','Item Model','UO_CGPHOME_ITEMSPEC',NULL,'t',NULL,NULL,NULL)	

IF NOT EXISTS (SELECT ID FROM SYSTEM_QUESTIONS WHERE ID = 'UQ_CGPHOME_ITEMSPEC_ItemMake')
 
INSERT INTO SYSTEM_QUESTIONS (ID,DESCRIPTION,PARENTID,EXCLUSIONS,TYPE,TESTDEFAULT,VARIABLETYPE,TABLENAME) VALUES ('UQ_CGPHOME_ITEMSPEC_ItemMake','Item Make','UO_CGPHOME_ITEMSPEC',NULL,'t',NULL,NULL,NULL)	
IF NOT EXISTS (SELECT ID FROM SYSTEM_QUESTIONS WHERE ID = 'UQ_CGPHOME_ITEMSPEC_ItemValue')
INSERT INTO SYSTEM_QUESTIONS (ID,DESCRIPTION,PARENTID,EXCLUSIONS,TYPE,TESTDEFAULT,VARIABLETYPE,TABLENAME) VALUES ('UQ_CGPHOME_ITEMSPEC_ItemValue','Item Value','UO_CGPHOME_ITEMSPEC',NULL,'n',NULL,NULL,NULL)

IF NOT EXISTS (SELECT ID FROM SYSTEM_QUESTIONS WHERE ID = 'UQ_CGPHOME_ITEMSPEC_ItemDesc')
 
INSERT INTO SYSTEM_QUESTIONS (ID,DESCRIPTION,PARENTID,EXCLUSIONS,TYPE,TESTDEFAULT,VARIABLETYPE,TABLENAME) VALUES ('UQ_CGPHOME_ITEMSPEC_ItemDesc','Item Description','UO_CGPHOME_ITEMSPEC',NULL,'t',NULL,NULL,NULL)	

DELETE FROM SYSTEM_QUESTIONS WHERE PARENTID = 'UO_CGPHOME_SPECITEM'
DELETE FROM SYSTEM_OBJECTS WHERE ID = 'UO_CGPHOME_SPECITEM'
      
IF NOT EXISTS (SELECT ID FROM SYSTEM_OBJECTS WHERE ID = 'UO_CGPHOME_SPECITEM')
INSERT INTO SYSTEM_OBJECTS (ID,DESCRIPTION,PARENTID,INSTANCE,OBJECT_ID,PRODUCTTYPE) VALUES ('UO_CGPHOME_SPECITEM', 'Specified Items (Park Home)','UO_CGPHOME_SPECPE','m',NULL,'193')
        
IF NOT EXISTS (SELECT ID FROM SYSTEM_QUESTIONS WHERE ID = 'UQ_CGPHOME_SPECITEM_ITEMSERIAL')
 
INSERT INTO SYSTEM_QUESTIONS (ID,DESCRIPTION,PARENTID,EXCLUSIONS,TYPE,TESTDEFAULT,VARIABLETYPE,TABLENAME) VALUES ('UQ_CGPHOME_SPECITEM_ITEMSERIAL','Item Serial Number','UO_CGPHOME_SPECITEM',NULL,'t',NULL,NULL,NULL)	

IF NOT EXISTS (SELECT ID FROM SYSTEM_QUESTIONS WHERE ID = 'UQ_CGPHOME_SPECITEM_ITEMMODEL')
 
INSERT INTO SYSTEM_QUESTIONS (ID,DESCRIPTION,PARENTID,EXCLUSIONS,TYPE,TESTDEFAULT,VARIABLETYPE,TABLENAME) VALUES ('UQ_CGPHOME_SPECITEM_ITEMMODEL','Item Model','UO_CGPHOME_SPECITEM',NULL,'t',NULL,NULL,NULL)	

IF NOT EXISTS (SELECT ID FROM SYSTEM_QUESTIONS WHERE ID = 'UQ_CGPHOME_SPECITEM_ITEMMAKE')
 
INSERT INTO SYSTEM_QUESTIONS (ID,DESCRIPTION,PARENTID,EXCLUSIONS,TYPE,TESTDEFAULT,VARIABLETYPE,TABLENAME) VALUES ('UQ_CGPHOME_SPECITEM_ITEMMAKE','Item Make','UO_CGPHOME_SPECITEM',NULL,'t',NULL,NULL,NULL)	
IF NOT EXISTS (SELECT ID FROM SYSTEM_QUESTIONS WHERE ID = 'UQ_CGPHOME_SPECITEM_ITEMVALUE')
INSERT INTO SYSTEM_QUESTIONS (ID,DESCRIPTION,PARENTID,EXCLUSIONS,TYPE,TESTDEFAULT,VARIABLETYPE,TABLENAME) VALUES ('UQ_CGPHOME_SPECITEM_ITEMVALUE','Item Value','UO_CGPHOME_SPECITEM',NULL,'n',NULL,NULL,NULL)

IF NOT EXISTS (SELECT ID FROM SYSTEM_QUESTIONS WHERE ID = 'UQ_CGPHOME_SPECITEM_ITEMDESC')
 
INSERT INTO SYSTEM_QUESTIONS (ID,DESCRIPTION,PARENTID,EXCLUSIONS,TYPE,TESTDEFAULT,VARIABLETYPE,TABLENAME) VALUES ('UQ_CGPHOME_SPECITEM_ITEMDESC','Specified Item Description','UO_CGPHOME_SPECITEM',NULL,'t',NULL,NULL,NULL)	

DELETE FROM SYSTEM_QUESTIONS WHERE PARENTID = 'UO_CGPHOME_XSANDNCD'
DELETE FROM SYSTEM_OBJECTS WHERE ID = 'UO_CGPHOME_XSANDNCD'
      
IF NOT EXISTS (SELECT ID FROM SYSTEM_OBJECTS WHERE ID = 'UO_CGPHOME_XSANDNCD')
INSERT INTO SYSTEM_OBJECTS (ID,DESCRIPTION,PARENTID,INSTANCE,OBJECT_ID,PRODUCTTYPE) VALUES ('UO_CGPHOME_XSANDNCD', 'Excess And NCD (Park Home)','Policy_Details','s',NULL,'193')
        IF NOT EXISTS (SELECT ID FROM SYSTEM_QUESTIONS WHERE ID = 'UQ_CGPHOME_XSANDNCD_NCD')
	
INSERT INTO SYSTEM_QUESTIONS (ID,DESCRIPTION,PARENTID,EXCLUSIONS,TYPE,TESTDEFAULT,VARIABLETYPE,TABLENAME) VALUES ('UQ_CGPHOME_XSANDNCD_NCD','No Claims Discount','UO_CGPHOME_XSANDNCD',NULL,'t',NULL,NULL, 'LIST_PARKHOME_NCD')
		IF NOT EXISTS (SELECT ID FROM SYSTEM_QUESTIONS WHERE ID = 'UQ_CGPHOME_XSANDNCD_Excess')
	
INSERT INTO SYSTEM_QUESTIONS (ID,DESCRIPTION,PARENTID,EXCLUSIONS,TYPE,TESTDEFAULT,VARIABLETYPE,TABLENAME) VALUES ('UQ_CGPHOME_XSANDNCD_Excess','Excess','UO_CGPHOME_XSANDNCD',NULL,'t',NULL,NULL, 'LIST_PARKHOME_EXCESS')
		
DELETE FROM SYSTEM_QUESTIONS WHERE PARENTID = 'UO_CGPHOME_Proposer'
DELETE FROM SYSTEM_OBJECTS WHERE ID = 'UO_CGPHOME_Proposer'
      
IF NOT EXISTS (SELECT ID FROM SYSTEM_OBJECTS WHERE ID = 'UO_CGPHOME_Proposer')
INSERT INTO SYSTEM_OBJECTS (ID,DESCRIPTION,PARENTID,INSTANCE,OBJECT_ID,PRODUCTTYPE) VALUES ('UO_CGPHOME_Proposer', ' (Park Home)','Policy_Details','m',NULL,'193')
        IF NOT EXISTS (SELECT ID FROM SYSTEM_QUESTIONS WHERE ID = 'UQ_CGPHOME_Proposer_Relationship')
	
INSERT INTO SYSTEM_QUESTIONS (ID,DESCRIPTION,PARENTID,EXCLUSIONS,TYPE,TESTDEFAULT,VARIABLETYPE,TABLENAME) VALUES ('UQ_CGPHOME_Proposer_Relationship','Relationship','UO_CGPHOME_Proposer',NULL,'t',NULL,NULL, 'LIST_RELATIONSHIP')
		IF NOT EXISTS (SELECT ID FROM SYSTEM_QUESTIONS WHERE ID = 'UQ_CGPHOME_Proposer_MaritalStatus')
	
INSERT INTO SYSTEM_QUESTIONS (ID,DESCRIPTION,PARENTID,EXCLUSIONS,TYPE,TESTDEFAULT,VARIABLETYPE,TABLENAME) VALUES ('UQ_CGPHOME_Proposer_MaritalStatus','Marital Status','UO_CGPHOME_Proposer',NULL,'t',NULL,NULL, 'LIST_MARITAL_STATUS')
		
IF NOT EXISTS (SELECT ID FROM SYSTEM_QUESTIONS WHERE ID = 'UQ_CGPHOME_Proposer_Age')
 
INSERT INTO SYSTEM_QUESTIONS (ID,DESCRIPTION,PARENTID,EXCLUSIONS,TYPE,TESTDEFAULT,VARIABLETYPE,TABLENAME) VALUES ('UQ_CGPHOME_Proposer_Age','Age','UO_CGPHOME_Proposer',NULL,'n',NULL,NULL,NULL)	
	IF NOT EXISTS (SELECT ID FROM SYSTEM_QUESTIONS WHERE ID = 'UQ_CGPHOME_Proposer_DOB')
INSERT INTO SYSTEM_QUESTIONS (ID,DESCRIPTION,PARENTID,EXCLUSIONS,TYPE,TESTDEFAULT,VARIABLETYPE,TABLENAME) VALUES ('UQ_CGPHOME_Proposer_DOB','DOB','UO_CGPHOME_Proposer',NULL,'d',NULL,NULL,NULL)

IF NOT EXISTS (SELECT ID FROM SYSTEM_QUESTIONS WHERE ID = 'UQ_CGPHOME_Proposer_Surname')
 
INSERT INTO SYSTEM_QUESTIONS (ID,DESCRIPTION,PARENTID,EXCLUSIONS,TYPE,TESTDEFAULT,VARIABLETYPE,TABLENAME) VALUES ('UQ_CGPHOME_Proposer_Surname','Surname','UO_CGPHOME_Proposer',NULL,'t',NULL,NULL,NULL)	

IF NOT EXISTS (SELECT ID FROM SYSTEM_QUESTIONS WHERE ID = 'UQ_CGPHOME_Proposer_Initials')
 
INSERT INTO SYSTEM_QUESTIONS (ID,DESCRIPTION,PARENTID,EXCLUSIONS,TYPE,TESTDEFAULT,VARIABLETYPE,TABLENAME) VALUES ('UQ_CGPHOME_Proposer_Initials','Other Initials','UO_CGPHOME_Proposer',NULL,'t',NULL,NULL,NULL)	

IF NOT EXISTS (SELECT ID FROM SYSTEM_QUESTIONS WHERE ID = 'UQ_CGPHOME_Proposer_Forename')
 
INSERT INTO SYSTEM_QUESTIONS (ID,DESCRIPTION,PARENTID,EXCLUSIONS,TYPE,TESTDEFAULT,VARIABLETYPE,TABLENAME) VALUES ('UQ_CGPHOME_Proposer_Forename','Forename','UO_CGPHOME_Proposer',NULL,'t',NULL,NULL,NULL)	
IF NOT EXISTS (SELECT ID FROM SYSTEM_QUESTIONS WHERE ID = 'UQ_CGPHOME_Proposer_Company')
INSERT INTO SYSTEM_QUESTIONS (ID,DESCRIPTION,PARENTID,EXCLUSIONS,TYPE,TESTDEFAULT,VARIABLETYPE,TABLENAME) VALUES ('UQ_CGPHOME_Proposer_Company','Company','UO_CGPHOME_Proposer',NULL,'b',NULL,NULL,NULL)
IF NOT EXISTS (SELECT ID FROM SYSTEM_QUESTIONS WHERE ID = 'UQ_CGPHOME_Proposer_NA')
INSERT INTO SYSTEM_QUESTIONS (ID,DESCRIPTION,PARENTID,EXCLUSIONS,TYPE,TESTDEFAULT,VARIABLETYPE,TABLENAME) VALUES ('UQ_CGPHOME_Proposer_NA','N/A','UO_CGPHOME_Proposer',NULL,'b',NULL,NULL,NULL)
IF NOT EXISTS (SELECT ID FROM SYSTEM_QUESTIONS WHERE ID = 'UQ_CGPHOME_Proposer_Female')
INSERT INTO SYSTEM_QUESTIONS (ID,DESCRIPTION,PARENTID,EXCLUSIONS,TYPE,TESTDEFAULT,VARIABLETYPE,TABLENAME) VALUES ('UQ_CGPHOME_Proposer_Female','Female','UO_CGPHOME_Proposer',NULL,'b',NULL,NULL,NULL)
IF NOT EXISTS (SELECT ID FROM SYSTEM_QUESTIONS WHERE ID = 'UQ_CGPHOME_Proposer_Male')
INSERT INTO SYSTEM_QUESTIONS (ID,DESCRIPTION,PARENTID,EXCLUSIONS,TYPE,TESTDEFAULT,VARIABLETYPE,TABLENAME) VALUES ('UQ_CGPHOME_Proposer_Male','Male','UO_CGPHOME_Proposer',NULL,'b',NULL,NULL,NULL)
IF NOT EXISTS (SELECT ID FROM SYSTEM_QUESTIONS WHERE ID = 'UQ_CGPHOME_Proposer_Title')
	
INSERT INTO SYSTEM_QUESTIONS (ID,DESCRIPTION,PARENTID,EXCLUSIONS,TYPE,TESTDEFAULT,VARIABLETYPE,TABLENAME) VALUES ('UQ_CGPHOME_Proposer_Title','Title','UO_CGPHOME_Proposer',NULL,'t',NULL,NULL, 'LIST_TITLE')
		
DELETE FROM SYSTEM_QUESTIONS WHERE PARENTID = 'UO_CGPHOME_Occupat'
DELETE FROM SYSTEM_OBJECTS WHERE ID = 'UO_CGPHOME_Occupat'
      
IF NOT EXISTS (SELECT ID FROM SYSTEM_OBJECTS WHERE ID = 'UO_CGPHOME_Occupat')
INSERT INTO SYSTEM_OBJECTS (ID,DESCRIPTION,PARENTID,INSTANCE,OBJECT_ID,PRODUCTTYPE) VALUES ('UO_CGPHOME_Occupat', 'Occupation (Park Home)','UO_CGPHOME_PROPOSER','m',NULL,'193')
        IF NOT EXISTS (SELECT ID FROM SYSTEM_QUESTIONS WHERE ID = 'UQ_CGPHOME_Occupat_PartTime')
INSERT INTO SYSTEM_QUESTIONS (ID,DESCRIPTION,PARENTID,EXCLUSIONS,TYPE,TESTDEFAULT,VARIABLETYPE,TABLENAME) VALUES ('UQ_CGPHOME_Occupat_PartTime','Part Time','UO_CGPHOME_Occupat',NULL,'b',NULL,NULL,NULL)
IF NOT EXISTS (SELECT ID FROM SYSTEM_QUESTIONS WHERE ID = 'UQ_CGPHOME_Occupat_Type')
	
INSERT INTO SYSTEM_QUESTIONS (ID,DESCRIPTION,PARENTID,EXCLUSIONS,TYPE,TESTDEFAULT,VARIABLETYPE,TABLENAME) VALUES ('UQ_CGPHOME_Occupat_Type','Type','UO_CGPHOME_Occupat',NULL,'t',NULL,NULL, 'LIST_EMPLOYMENT_STATUS')
		IF NOT EXISTS (SELECT ID FROM SYSTEM_QUESTIONS WHERE ID = 'UQ_CGPHOME_Occupat_EmpsBusiness')
	
INSERT INTO SYSTEM_QUESTIONS (ID,DESCRIPTION,PARENTID,EXCLUSIONS,TYPE,TESTDEFAULT,VARIABLETYPE,TABLENAME) VALUES ('UQ_CGPHOME_Occupat_EmpsBusiness','Employers Business','UO_CGPHOME_Occupat',NULL,'t',NULL,NULL, 'LIST_EMPLOYERS_BUS')
		IF NOT EXISTS (SELECT ID FROM SYSTEM_QUESTIONS WHERE ID = 'UQ_CGPHOME_Occupat_Description')
	
INSERT INTO SYSTEM_QUESTIONS (ID,DESCRIPTION,PARENTID,EXCLUSIONS,TYPE,TESTDEFAULT,VARIABLETYPE,TABLENAME) VALUES ('UQ_CGPHOME_Occupat_Description','Description','UO_CGPHOME_Occupat',NULL,'t',NULL,NULL, 'LIST_OCCUPATION')
		
DELETE FROM SYSTEM_QUESTIONS WHERE PARENTID = 'UO_CGPHOME_General'
DELETE FROM SYSTEM_OBJECTS WHERE ID = 'UO_CGPHOME_General'
      
IF NOT EXISTS (SELECT ID FROM SYSTEM_OBJECTS WHERE ID = 'UO_CGPHOME_General')
INSERT INTO SYSTEM_OBJECTS (ID,DESCRIPTION,PARENTID,INSTANCE,OBJECT_ID,PRODUCTTYPE) VALUES ('UO_CGPHOME_General', 'General Questions (Park Home)','Policy_Details','s',NULL,'193')
        
IF NOT EXISTS (SELECT ID FROM SYSTEM_QUESTIONS WHERE ID = 'UQ_CGPHOME_General_Details')
 
INSERT INTO SYSTEM_QUESTIONS (ID,DESCRIPTION,PARENTID,EXCLUSIONS,TYPE,TESTDEFAULT,VARIABLETYPE,TABLENAME) VALUES ('UQ_CGPHOME_General_Details','Details','UO_CGPHOME_General',NULL,'t',NULL,NULL,NULL)	
IF NOT EXISTS (SELECT ID FROM SYSTEM_QUESTIONS WHERE ID = 'UQ_CGPHOME_General_Requested')
INSERT INTO SYSTEM_QUESTIONS (ID,DESCRIPTION,PARENTID,EXCLUSIONS,TYPE,TESTDEFAULT,VARIABLETYPE,TABLENAME) VALUES ('UQ_CGPHOME_General_Requested','Requested','UO_CGPHOME_General',NULL,'b',NULL,NULL,NULL)
IF NOT EXISTS (SELECT ID FROM SYSTEM_QUESTIONS WHERE ID = 'UQ_CGPHOME_General_Convicted')
INSERT INTO SYSTEM_QUESTIONS (ID,DESCRIPTION,PARENTID,EXCLUSIONS,TYPE,TESTDEFAULT,VARIABLETYPE,TABLENAME) VALUES ('UQ_CGPHOME_General_Convicted','Convicted','UO_CGPHOME_General',NULL,'b',NULL,NULL,NULL)
IF NOT EXISTS (SELECT ID FROM SYSTEM_QUESTIONS WHERE ID = 'UQ_CGPHOME_General_Refused')
INSERT INTO SYSTEM_QUESTIONS (ID,DESCRIPTION,PARENTID,EXCLUSIONS,TYPE,TESTDEFAULT,VARIABLETYPE,TABLENAME) VALUES ('UQ_CGPHOME_General_Refused','Refused','UO_CGPHOME_General',NULL,'b',NULL,NULL,NULL)

--User Clone/Copy
					
	
IF EXISTS (SELECT * FROM DBO.SYSOBJECTS WHERE ID = OBJECT_ID(N'[DBO].[USER_CLONE_CGPHOME]') AND OBJECTPROPERTY(ID, N'ISPROCEDURE') = 1)
DROP PROCEDURE [DBO].[USER_CLONE_CGPHOME]
GO

SET QUOTED_IDENTIFIER OFF 
GO
SET ANSI_NULLS ON 
GO

CREATE PROCEDURE DBO.USER_CLONE_CGPHOME

@POLICY_DETAILS_ID CHAR(32),
@HISTORY_ID INT,
@NEWHISTORY_ID INT

AS


INSERT USER_CGPHOME_PHDETAIL         
(
	CGPHOME_PHDETAIL_ID,     
	HISTORY_ID,
	POLICY_DETAILS_ID,
	[WINLOCKS_ID],
	[ALARMTYPE_ID],
	[DOORLOCK_ID],
				
	[PESPECCOUNT],
				
	[CONTSPECCOUNT],
	[TOTALSI],
	[CYCLECOVER_ID],
	[PECOVER_ID],
	[ADCOVER],
	[CONTENTSI],
	[PHSI],
	[GSOREPAIR],
	[SMOKE],
	[FINANCED],
	[FLATORFELT_ID],
	[YOMANUFACTURE_ID],
				
	[TYPE],
	[MODEL_ID],
	[MAKE_ID],
				
	[INTPARTY],
	[USERINSTANCE]
)
SELECT	[CGPHOME_PHDETAIL_ID],
	@NEWHISTORY_ID,
	[POLICY_DETAILS_ID],
	[WINLOCKS_ID],
	[ALARMTYPE_ID],
	[DOORLOCK_ID],
				
	[PESPECCOUNT],
				
	[CONTSPECCOUNT],
	[TOTALSI],
	[CYCLECOVER_ID],
	[PECOVER_ID],
	[ADCOVER],
	[CONTENTSI],
	[PHSI],
	[GSOREPAIR],
	[SMOKE],
	[FINANCED],
	[FLATORFELT_ID],
	[YOMANUFACTURE_ID],
				
	[TYPE],
	[MODEL_ID],
	[MAKE_ID],
				
	[INTPARTY],
	[USERINSTANCE]
FROM USER_CGPHOME_PHDETAIL WHERE (POLICY_DETAILS_ID = @POLICY_DETAILS_ID AND HISTORY_ID = @HISTORY_ID)
			
INSERT USER_CGPHOME_SPECCONT         
(
	CGPHOME_SPECCONT_ID,     
	HISTORY_ID,
	POLICY_DETAILS_ID,
				
	[DUMMY],
	[USERINSTANCE]
)
SELECT	[CGPHOME_SPECCONT_ID],
	@NEWHISTORY_ID,
	[POLICY_DETAILS_ID],
				
	[DUMMY],
	[USERINSTANCE]
FROM USER_CGPHOME_SPECCONT WHERE (POLICY_DETAILS_ID = @POLICY_DETAILS_ID AND HISTORY_ID = @HISTORY_ID)
			
INSERT USER_CGPHOME_SPECPE         
(
	CGPHOME_SPECPE_ID,     
	HISTORY_ID,
	POLICY_DETAILS_ID,
				
	[DUMMY],
	[USERINSTANCE]
)
SELECT	[CGPHOME_SPECPE_ID],
	@NEWHISTORY_ID,
	[POLICY_DETAILS_ID],
				
	[DUMMY],
	[USERINSTANCE]
FROM USER_CGPHOME_SPECPE WHERE (POLICY_DETAILS_ID = @POLICY_DETAILS_ID AND HISTORY_ID = @HISTORY_ID)
			
INSERT USER_CGPHOME_PARKDETA         
(
	CGPHOME_PARKDETA_ID,     
	HISTORY_ID,
	POLICY_DETAILS_ID,
	[UNOCCUPIED_ID],
	[REGSITE],
	[BUSINESSUSE_ID],
				
	[NUMONSITE],
	[USERINSTANCE]
)
SELECT	[CGPHOME_PARKDETA_ID],
	@NEWHISTORY_ID,
	[POLICY_DETAILS_ID],
	[UNOCCUPIED_ID],
	[REGSITE],
	[BUSINESSUSE_ID],
				
	[NUMONSITE],
	[USERINSTANCE]
FROM USER_CGPHOME_PARKDETA WHERE (POLICY_DETAILS_ID = @POLICY_DETAILS_ID AND HISTORY_ID = @HISTORY_ID)
			
INSERT USER_CGPHOME_CLAIMSUM         
(
	CGPHOME_CLAIMSUM_ID,     
	HISTORY_ID,
	POLICY_DETAILS_ID,
	[USERINSTANCE]
)
SELECT	[CGPHOME_CLAIMSUM_ID],
	@NEWHISTORY_ID,
	[POLICY_DETAILS_ID],
	[USERINSTANCE]
FROM USER_CGPHOME_CLAIMSUM WHERE (POLICY_DETAILS_ID = @POLICY_DETAILS_ID AND HISTORY_ID = @HISTORY_ID)
			
INSERT USER_CGPHOME_XSANDNCD         
(
	CGPHOME_XSANDNCD_ID,     
	HISTORY_ID,
	POLICY_DETAILS_ID,
	[NCD_ID],
	[EXCESS_ID],
	[USERINSTANCE]
)
SELECT	[CGPHOME_XSANDNCD_ID],
	@NEWHISTORY_ID,
	[POLICY_DETAILS_ID],
	[NCD_ID],
	[EXCESS_ID],
	[USERINSTANCE]
FROM USER_CGPHOME_XSANDNCD WHERE (POLICY_DETAILS_ID = @POLICY_DETAILS_ID AND HISTORY_ID = @HISTORY_ID)
			
INSERT USER_CGPHOME_Proposer         
(
	CGPHOME_Proposer_ID,     
	HISTORY_ID,
	POLICY_DETAILS_ID,
	[RELATIONSHIP_ID],
	[MARITALSTATUS_ID],
				
	[AGE],
	[DOB],
				
	[SURNAME],
				
	[INITIALS],
				
	[FORENAME],
	[COMPANY],
	[NA],
	[FEMALE],
	[MALE],
	[TITLE_ID],
	[USERINSTANCE]
)
SELECT	[CGPHOME_Proposer_ID],
	@NEWHISTORY_ID,
	[POLICY_DETAILS_ID],
	[RELATIONSHIP_ID],
	[MARITALSTATUS_ID],
				
	[AGE],
	[DOB],
				
	[SURNAME],
				
	[INITIALS],
				
	[FORENAME],
	[COMPANY],
	[NA],
	[FEMALE],
	[MALE],
	[TITLE_ID],
	[USERINSTANCE]
FROM USER_CGPHOME_Proposer WHERE (POLICY_DETAILS_ID = @POLICY_DETAILS_ID AND HISTORY_ID = @HISTORY_ID)
			
INSERT USER_CGPHOME_General         
(
	CGPHOME_General_ID,     
	HISTORY_ID,
	POLICY_DETAILS_ID,
				
	[DETAILS],
	[REQUESTED],
	[CONVICTED],
	[REFUSED],
	[USERINSTANCE]
)
SELECT	[CGPHOME_General_ID],
	@NEWHISTORY_ID,
	[POLICY_DETAILS_ID],
				
	[DETAILS],
	[REQUESTED],
	[CONVICTED],
	[REFUSED],
	[USERINSTANCE]
FROM USER_CGPHOME_General WHERE (POLICY_DETAILS_ID = @POLICY_DETAILS_ID AND HISTORY_ID = @HISTORY_ID)
					
INSERT USER_CGPHOME_CLAIMDET         
(
	CGPHOME_CLAIMDET_ID,     
	HISTORY_ID,	
	CGPHOME_CLAIMSUM_ID
	,
	[ATFAULT],
	[INCONTHISPOLICY],
	[NCDPREDJUDICED],
				
	[LEGALREF],
	[SETTLEDAMOUNT],
	[SETTLEDDATE],
	[AMOUNTCLAIMED],
				
	[DESCRIPTION],
	[CLAIMSTATUS_ID],
	[CLAIMDETAILS_ID],
	[CLAIMTYPE_ID],
	[INCIDTIME],
	[INCIDDATE],
				
	[CLAIMREF],
				
	[NOTESVIEW],
				
	[NEWNOTES],
	[USERINSTANCE]
)                  
SELECT	[CGPHOME_CLAIMDET_ID],
	@NEWHISTORY_ID,
	[CGPHOME_CLAIMSUM_ID],
	[ATFAULT],
	[INCONTHISPOLICY],
	[NCDPREDJUDICED],
				
	[LEGALREF],
	[SETTLEDAMOUNT],
	[SETTLEDDATE],
	[AMOUNTCLAIMED],
				
	[DESCRIPTION],
	[CLAIMSTATUS_ID],
	[CLAIMDETAILS_ID],
	[CLAIMTYPE_ID],
	[INCIDTIME],
	[INCIDDATE],
				
	[CLAIMREF],
				
	[NOTESVIEW],
				
	[NEWNOTES],
	[USERINSTANCE]
			
FROM USER_CGPHOME_CLAIMDET
WHERE CGPHOME_CLAIMSUM_ID
	IN (
					
SELECT CGPHOME_CLAIMSUM_ID FROM USER_CGPHOME_CLAIMSUM WHERE (POLICY_DETAILS_ID = @POLICY_DETAILS_ID AND HISTORY_ID = @HISTORY_ID)
				
	)
AND HISTORY_ID = @HISTORY_ID
						
INSERT USER_CGPHOME_ITEMSPEC         
(
	CGPHOME_ITEMSPEC_ID,     
	HISTORY_ID,	
	CGPHOME_SPECCONT_ID
	,
				
	[ITEMSERIAL],
				
	[ITEMMODEL],
				
	[ITEMMAKE],
	[ITEMVALUE],
				
	[ITEMDESC],
	[USERINSTANCE]
)                  
SELECT	[CGPHOME_ITEMSPEC_ID],
	@NEWHISTORY_ID,
	[CGPHOME_SPECCONT_ID],
				
	[ITEMSERIAL],
				
	[ITEMMODEL],
				
	[ITEMMAKE],
	[ITEMVALUE],
				
	[ITEMDESC],
	[USERINSTANCE]
			
FROM USER_CGPHOME_ITEMSPEC
WHERE CGPHOME_SPECCONT_ID
	IN (
					
SELECT CGPHOME_SPECCONT_ID FROM USER_CGPHOME_SPECCONT WHERE (POLICY_DETAILS_ID = @POLICY_DETAILS_ID AND HISTORY_ID = @HISTORY_ID)
				
	)
AND HISTORY_ID = @HISTORY_ID
						
INSERT USER_CGPHOME_SPECITEM         
(
	CGPHOME_SPECITEM_ID,     
	HISTORY_ID,	
	CGPHOME_SPECPE_ID
	,
				
	[ITEMSERIAL],
				
	[ITEMMODEL],
				
	[ITEMMAKE],
	[ITEMVALUE],
				
	[ITEMDESC],
	[USERINSTANCE]
)                  
SELECT	[CGPHOME_SPECITEM_ID],
	@NEWHISTORY_ID,
	[CGPHOME_SPECPE_ID],
				
	[ITEMSERIAL],
				
	[ITEMMODEL],
				
	[ITEMMAKE],
	[ITEMVALUE],
				
	[ITEMDESC],
	[USERINSTANCE]
			
FROM USER_CGPHOME_SPECITEM
WHERE CGPHOME_SPECPE_ID
	IN (
					
SELECT CGPHOME_SPECPE_ID FROM USER_CGPHOME_SPECPE WHERE (POLICY_DETAILS_ID = @POLICY_DETAILS_ID AND HISTORY_ID = @HISTORY_ID)
				
	)
AND HISTORY_ID = @HISTORY_ID
						
INSERT USER_CGPHOME_Occupat         
(
	CGPHOME_Occupat_ID,     
	HISTORY_ID,	
	CGPHOME_PROPOSER_ID
	,
	[PARTTIME],
	[TYPE_ID],
	[EMPSBUSINESS_ID],
	[DESCRIPTION_ID],
	[USERINSTANCE]
)                  
SELECT	[CGPHOME_Occupat_ID],
	@NEWHISTORY_ID,
	[CGPHOME_PROPOSER_ID],
	[PARTTIME],
	[TYPE_ID],
	[EMPSBUSINESS_ID],
	[DESCRIPTION_ID],
	[USERINSTANCE]
			
FROM USER_CGPHOME_OCCUPAT
WHERE CGPHOME_PROPOSER_ID
	IN (
					
SELECT CGPHOME_PROPOSER_ID FROM USER_CGPHOME_PROPOSER WHERE (POLICY_DETAILS_ID = @POLICY_DETAILS_ID AND HISTORY_ID = @HISTORY_ID)
				
	)
AND HISTORY_ID = @HISTORY_ID
				

GO
SET QUOTED_IDENTIFIER OFF 
GO
SET ANSI_NULLS ON 
GO

GRANT  EXECUTE  ON [DBO].[USER_CLONE_CGPHOME]  TO [TRANSACTORUSERS]
GO

GRANT  EXECUTE  ON [DBO].[USER_CLONE_CGPHOME]  TO [TRANSACTORPMUSERS]
GO  

		
IF EXISTS (SELECT * FROM DBO.SYSOBJECTS WHERE ID = OBJECT_ID(N'[DBO].[USER_COPY_CGPHOME]') AND OBJECTPROPERTY(ID, N'ISPROCEDURE') = 1)
DROP PROCEDURE [DBO].[USER_COPY_CGPHOME]
GO

SET QUOTED_IDENTIFIER OFF 
GO
SET ANSI_NULLS ON 
GO

CREATE PROCEDURE DBO.USER_COPY_CGPHOME

@POLICY_DETAILS_ID CHAR(32),
@HISTORY_ID INT,
@NEW_POLICY_DETAILS_ID CHAR(32),
@NEW_HISTORY_ID INT

AS

DECLARE @NEW_ID char(32)

--No parent, no child.				
INSERT USER_CGPHOME_PHDETAIL                 
(
	CGPHOME_PHDETAIL_ID,     
	HISTORY_ID,
	POLICY_DETAILS_ID,
	[WINLOCKS_ID],
	[ALARMTYPE_ID],
	[DOORLOCK_ID],
				
	[PESPECCOUNT],
				
	[CONTSPECCOUNT],
	[TOTALSI],
	[CYCLECOVER_ID],
	[PECOVER_ID],
	[ADCOVER],
	[CONTENTSI],
	[PHSI],
	[GSOREPAIR],
	[SMOKE],
	[FINANCED],
	[FLATORFELT_ID],
	[YOMANUFACTURE_ID],
				
	[TYPE],
	[MODEL_ID],
	[MAKE_ID],
				
	[INTPARTY],
	[USERINSTANCE]
)                                
SELECT	Replace(NewID(), '-', ''),
	@NEW_HISTORY_ID,
	@NEW_POLICY_DETAILS_ID,
	[WINLOCKS_ID],
	[ALARMTYPE_ID],
	[DOORLOCK_ID],
				
	[PESPECCOUNT],
				
	[CONTSPECCOUNT],
	[TOTALSI],
	[CYCLECOVER_ID],
	[PECOVER_ID],
	[ADCOVER],
	[CONTENTSI],
	[PHSI],
	[GSOREPAIR],
	[SMOKE],
	[FINANCED],
	[FLATORFELT_ID],
	[YOMANUFACTURE_ID],
				
	[TYPE],
	[MODEL_ID],
	[MAKE_ID],
				
	[INTPARTY],
	[USERINSTANCE]
FROM USER_CGPHOME_PHDETAIL WHERE (POLICY_DETAILS_ID = @POLICY_DETAILS_ID AND HISTORY_ID = @HISTORY_ID)						
									
--Parent.
DECLARE @CGPHOME_SPECCONT_ID char(32)
DECLARE CGPHOME_SPECCONT_CURSOR CURSOR FAST_FORWARD FOR 
	SELECT [CGPHOME_SPECCONT_ID] FROM USER_CGPHOME_SPECCONT WHERE (POLICY_DETAILS_ID = @POLICY_DETAILS_ID AND HISTORY_ID = @HISTORY_ID)
 
OPEN CGPHOME_SPECCONT_CURSOR
 
FETCH NEXT FROM CGPHOME_SPECCONT_CURSOR INTO @CGPHOME_SPECCONT_ID
 
WHILE @@FETCH_STATUS = 0
BEGIN 
	DECLARE @NEW_CGPHOME_SPECCONT_ID char(32)
	SELECT @NEW_CGPHOME_SPECCONT_ID = Replace(NewID(), '-', '')         
		
	INSERT USER_CGPHOME_SPECCONT 
	(
	  CGPHOME_SPECCONT_ID,     
	  HISTORY_ID,
	  POLICY_DETAILS_ID,
				
	[DUMMY],
	  [USERINSTANCE]
	)       
	SELECT	@NEW_CGPHOME_SPECCONT_ID,
		@NEW_HISTORY_ID,
		@NEW_POLICY_DETAILS_ID,
				
	[DUMMY],
		[USERINSTANCE]
	FROM USER_CGPHOME_SPECCONT WHERE (CGPHOME_SPECCONT_ID = @CGPHOME_SPECCONT_ID AND HISTORY_ID = @HISTORY_ID)
						
	--Child.
	INSERT USER_CGPHOME_ITEMSPEC 
  (
	  CGPHOME_ITEMSPEC_ID,     
	  HISTORY_ID,
	  CGPHOME_SPECCONT_ID,
				
	[ITEMSERIAL],
				
	[ITEMMODEL],
				
	[ITEMMAKE],
	[ITEMVALUE],
				
	[ITEMDESC],
	  [USERINSTANCE]
  )          
	SELECT	Replace(NewID(), '-', ''),
		@NEW_HISTORY_ID,
		@NEW_CGPHOME_SPECCONT_ID,
				
	[ITEMSERIAL],
				
	[ITEMMODEL],
				
	[ITEMMAKE],
	[ITEMVALUE],
				
	[ITEMDESC],
		[USERINSTANCE]
	FROM USER_CGPHOME_ITEMSPEC WHERE (CGPHOME_SPECCONT_ID = @CGPHOME_SPECCONT_ID AND HISTORY_ID = @HISTORY_ID)	
								
	FETCH NEXT FROM CGPHOME_SPECCONT_CURSOR INTO @CGPHOME_SPECCONT_ID

END

CLOSE CGPHOME_SPECCONT_CURSOR
DEALLOCATE CGPHOME_SPECCONT_CURSOR		
							
--Parent.
DECLARE @CGPHOME_SPECPE_ID char(32)
DECLARE CGPHOME_SPECPE_CURSOR CURSOR FAST_FORWARD FOR 
	SELECT [CGPHOME_SPECPE_ID] FROM USER_CGPHOME_SPECPE WHERE (POLICY_DETAILS_ID = @POLICY_DETAILS_ID AND HISTORY_ID = @HISTORY_ID)
 
OPEN CGPHOME_SPECPE_CURSOR
 
FETCH NEXT FROM CGPHOME_SPECPE_CURSOR INTO @CGPHOME_SPECPE_ID
 
WHILE @@FETCH_STATUS = 0
BEGIN 
	DECLARE @NEW_CGPHOME_SPECPE_ID char(32)
	SELECT @NEW_CGPHOME_SPECPE_ID = Replace(NewID(), '-', '')         
		
	INSERT USER_CGPHOME_SPECPE 
	(
	  CGPHOME_SPECPE_ID,     
	  HISTORY_ID,
	  POLICY_DETAILS_ID,
				
	[DUMMY],
	  [USERINSTANCE]
	)       
	SELECT	@NEW_CGPHOME_SPECPE_ID,
		@NEW_HISTORY_ID,
		@NEW_POLICY_DETAILS_ID,
				
	[DUMMY],
		[USERINSTANCE]
	FROM USER_CGPHOME_SPECPE WHERE (CGPHOME_SPECPE_ID = @CGPHOME_SPECPE_ID AND HISTORY_ID = @HISTORY_ID)
						
	--Child.
	INSERT USER_CGPHOME_SPECITEM 
  (
	  CGPHOME_SPECITEM_ID,     
	  HISTORY_ID,
	  CGPHOME_SPECPE_ID,
				
	[ITEMSERIAL],
				
	[ITEMMODEL],
				
	[ITEMMAKE],
	[ITEMVALUE],
				
	[ITEMDESC],
	  [USERINSTANCE]
  )          
	SELECT	Replace(NewID(), '-', ''),
		@NEW_HISTORY_ID,
		@NEW_CGPHOME_SPECPE_ID,
				
	[ITEMSERIAL],
				
	[ITEMMODEL],
				
	[ITEMMAKE],
	[ITEMVALUE],
				
	[ITEMDESC],
		[USERINSTANCE]
	FROM USER_CGPHOME_SPECITEM WHERE (CGPHOME_SPECPE_ID = @CGPHOME_SPECPE_ID AND HISTORY_ID = @HISTORY_ID)	
								
	FETCH NEXT FROM CGPHOME_SPECPE_CURSOR INTO @CGPHOME_SPECPE_ID

END

CLOSE CGPHOME_SPECPE_CURSOR
DEALLOCATE CGPHOME_SPECPE_CURSOR		
					
--No parent, no child.				
INSERT USER_CGPHOME_PARKDETA                 
(
	CGPHOME_PARKDETA_ID,     
	HISTORY_ID,
	POLICY_DETAILS_ID,
	[UNOCCUPIED_ID],
	[REGSITE],
	[BUSINESSUSE_ID],
				
	[NUMONSITE],
	[USERINSTANCE]
)                                
SELECT	Replace(NewID(), '-', ''),
	@NEW_HISTORY_ID,
	@NEW_POLICY_DETAILS_ID,
	[UNOCCUPIED_ID],
	[REGSITE],
	[BUSINESSUSE_ID],
				
	[NUMONSITE],
	[USERINSTANCE]
FROM USER_CGPHOME_PARKDETA WHERE (POLICY_DETAILS_ID = @POLICY_DETAILS_ID AND HISTORY_ID = @HISTORY_ID)						
									
--Parent.
DECLARE @CGPHOME_CLAIMSUM_ID char(32)
DECLARE CGPHOME_CLAIMSUM_CURSOR CURSOR FAST_FORWARD FOR 
	SELECT [CGPHOME_CLAIMSUM_ID] FROM USER_CGPHOME_CLAIMSUM WHERE (POLICY_DETAILS_ID = @POLICY_DETAILS_ID AND HISTORY_ID = @HISTORY_ID)
 
OPEN CGPHOME_CLAIMSUM_CURSOR
 
FETCH NEXT FROM CGPHOME_CLAIMSUM_CURSOR INTO @CGPHOME_CLAIMSUM_ID
 
WHILE @@FETCH_STATUS = 0
BEGIN 
	DECLARE @NEW_CGPHOME_CLAIMSUM_ID char(32)
	SELECT @NEW_CGPHOME_CLAIMSUM_ID = Replace(NewID(), '-', '')         
		
	INSERT USER_CGPHOME_CLAIMSUM 
	(
	  CGPHOME_CLAIMSUM_ID,     
	  HISTORY_ID,
	  POLICY_DETAILS_ID,
	  [USERINSTANCE]
	)       
	SELECT	@NEW_CGPHOME_CLAIMSUM_ID,
		@NEW_HISTORY_ID,
		@NEW_POLICY_DETAILS_ID,
		[USERINSTANCE]
	FROM USER_CGPHOME_CLAIMSUM WHERE (CGPHOME_CLAIMSUM_ID = @CGPHOME_CLAIMSUM_ID AND HISTORY_ID = @HISTORY_ID)
						
	--Child.
	INSERT USER_CGPHOME_CLAIMDET 
  (
	  CGPHOME_CLAIMDET_ID,     
	  HISTORY_ID,
	  CGPHOME_CLAIMSUM_ID,
	[ATFAULT],
	[INCONTHISPOLICY],
	[NCDPREDJUDICED],
				
	[LEGALREF],
	[SETTLEDAMOUNT],
	[SETTLEDDATE],
	[AMOUNTCLAIMED],
				
	[DESCRIPTION],
	[CLAIMSTATUS_ID],
	[CLAIMDETAILS_ID],
	[CLAIMTYPE_ID],
	[INCIDTIME],
	[INCIDDATE],
				
	[CLAIMREF],
				
	[NOTESVIEW],
				
	[NEWNOTES],
	  [USERINSTANCE]
  )          
	SELECT	Replace(NewID(), '-', ''),
		@NEW_HISTORY_ID,
		@NEW_CGPHOME_CLAIMSUM_ID,
	[ATFAULT],
	[INCONTHISPOLICY],
	[NCDPREDJUDICED],
				
	[LEGALREF],
	[SETTLEDAMOUNT],
	[SETTLEDDATE],
	[AMOUNTCLAIMED],
				
	[DESCRIPTION],
	[CLAIMSTATUS_ID],
	[CLAIMDETAILS_ID],
	[CLAIMTYPE_ID],
	[INCIDTIME],
	[INCIDDATE],
				
	[CLAIMREF],
				
	[NOTESVIEW],
				
	[NEWNOTES],
		[USERINSTANCE]
	FROM USER_CGPHOME_CLAIMDET WHERE (CGPHOME_CLAIMSUM_ID = @CGPHOME_CLAIMSUM_ID AND HISTORY_ID = @HISTORY_ID)	
								
	FETCH NEXT FROM CGPHOME_CLAIMSUM_CURSOR INTO @CGPHOME_CLAIMSUM_ID

END

CLOSE CGPHOME_CLAIMSUM_CURSOR
DEALLOCATE CGPHOME_CLAIMSUM_CURSOR		
					
--No parent, no child.				
INSERT USER_CGPHOME_XSANDNCD                 
(
	CGPHOME_XSANDNCD_ID,     
	HISTORY_ID,
	POLICY_DETAILS_ID,
	[NCD_ID],
	[EXCESS_ID],
	[USERINSTANCE]
)                                
SELECT	Replace(NewID(), '-', ''),
	@NEW_HISTORY_ID,
	@NEW_POLICY_DETAILS_ID,
	[NCD_ID],
	[EXCESS_ID],
	[USERINSTANCE]
FROM USER_CGPHOME_XSANDNCD WHERE (POLICY_DETAILS_ID = @POLICY_DETAILS_ID AND HISTORY_ID = @HISTORY_ID)						
									
--Parent.
DECLARE @CGPHOME_Proposer_ID char(32)
DECLARE CGPHOME_Proposer_CURSOR CURSOR FAST_FORWARD FOR 
	SELECT [CGPHOME_Proposer_ID] FROM USER_CGPHOME_Proposer WHERE (POLICY_DETAILS_ID = @POLICY_DETAILS_ID AND HISTORY_ID = @HISTORY_ID)
 
OPEN CGPHOME_Proposer_CURSOR
 
FETCH NEXT FROM CGPHOME_Proposer_CURSOR INTO @CGPHOME_Proposer_ID
 
WHILE @@FETCH_STATUS = 0
BEGIN 
	DECLARE @NEW_CGPHOME_Proposer_ID char(32)
	SELECT @NEW_CGPHOME_Proposer_ID = Replace(NewID(), '-', '')         
		
	INSERT USER_CGPHOME_Proposer 
	(
	  CGPHOME_Proposer_ID,     
	  HISTORY_ID,
	  POLICY_DETAILS_ID,
	[RELATIONSHIP_ID],
	[MARITALSTATUS_ID],
				
	[AGE],
	[DOB],
				
	[SURNAME],
				
	[INITIALS],
				
	[FORENAME],
	[COMPANY],
	[NA],
	[FEMALE],
	[MALE],
	[TITLE_ID],
	  [USERINSTANCE]
	)       
	SELECT	@NEW_CGPHOME_Proposer_ID,
		@NEW_HISTORY_ID,
		@NEW_POLICY_DETAILS_ID,
	[RELATIONSHIP_ID],
	[MARITALSTATUS_ID],
				
	[AGE],
	[DOB],
				
	[SURNAME],
				
	[INITIALS],
				
	[FORENAME],
	[COMPANY],
	[NA],
	[FEMALE],
	[MALE],
	[TITLE_ID],
		[USERINSTANCE]
	FROM USER_CGPHOME_Proposer WHERE (CGPHOME_Proposer_ID = @CGPHOME_Proposer_ID AND HISTORY_ID = @HISTORY_ID)
						
	--Child.
	INSERT USER_CGPHOME_Occupat 
  (
	  CGPHOME_Occupat_ID,     
	  HISTORY_ID,
	  CGPHOME_Proposer_ID,
	[PARTTIME],
	[TYPE_ID],
	[EMPSBUSINESS_ID],
	[DESCRIPTION_ID],
	  [USERINSTANCE]
  )          
	SELECT	Replace(NewID(), '-', ''),
		@NEW_HISTORY_ID,
		@NEW_CGPHOME_Proposer_ID,
	[PARTTIME],
	[TYPE_ID],
	[EMPSBUSINESS_ID],
	[DESCRIPTION_ID],
		[USERINSTANCE]
	FROM USER_CGPHOME_Occupat WHERE (CGPHOME_Proposer_ID = @CGPHOME_Proposer_ID AND HISTORY_ID = @HISTORY_ID)	
								
	FETCH NEXT FROM CGPHOME_Proposer_CURSOR INTO @CGPHOME_Proposer_ID

END

CLOSE CGPHOME_Proposer_CURSOR
DEALLOCATE CGPHOME_Proposer_CURSOR		
					
--No parent, no child.				
INSERT USER_CGPHOME_General                 
(
	CGPHOME_General_ID,     
	HISTORY_ID,
	POLICY_DETAILS_ID,
				
	[DETAILS],
	[REQUESTED],
	[CONVICTED],
	[REFUSED],
	[USERINSTANCE]
)                                
SELECT	Replace(NewID(), '-', ''),
	@NEW_HISTORY_ID,
	@NEW_POLICY_DETAILS_ID,
				
	[DETAILS],
	[REQUESTED],
	[CONVICTED],
	[REFUSED],
	[USERINSTANCE]
FROM USER_CGPHOME_General WHERE (POLICY_DETAILS_ID = @POLICY_DETAILS_ID AND HISTORY_ID = @HISTORY_ID)						
							


GO
SET QUOTED_IDENTIFIER OFF 
GO
SET ANSI_NULLS ON 
GO

GRANT  EXECUTE  ON [DBO].[USER_COPY_CGPHOME]  TO [TRANSACTORUSERS]
GO

GRANT  EXECUTE  ON [DBO].[USER_COPY_CGPHOME]  TO [TRANSACTORPMUSERS]
GO  
					
--SumInsured
		
DELETE System_Claim_Liability_Fields WHERE ProductType_ID = '193'
		
--Historical Claims
		