	
--CREATE RM Fields

--Get next available ProductTypeID
if not exists(select PRODUCTTYPE_ID from SYSTEM_LIST_PRODUCTTYPE where PRODUCTTYPE_ID = '210')
Insert Into SYSTEM_LIST_PRODUCTTYPE (PRODUCTTYPE_ID,PRODUCTTYPE_DEBUG,DELETED) Values ('210','Home Emergency Cover',0)

IF NOT EXISTS (SELECT PRODUCTTYPE_ID FROM SYSTEM_LIST_PRODUCTTYPE_ALIAS WHERE PRODUCTTYPE_ID = '210')
INSERT SYSTEM_LIST_PRODUCTTYPE_ALIAS VALUES ('210', 'CGHOM', '0')   
    
IF NOT EXISTS (SELECT PRODUCTTYPE_ID FROM SYSTEM_LIST_PRODUCTTYPE_VERSION WHERE PRODUCTTYPE_ID = '210' AND TYPE = '1' AND VERSION = 1)
BEGIN
  INSERT SYSTEM_LIST_PRODUCTTYPE_VERSION VALUES ('210', '1', getdate(), '1', '1')
  UPDATE SYSTEM_LIST_PRODUCTTYPE_VERSION SET LIVE = 0 WHERE PRODUCTTYPE_ID = '210' AND TYPE = '1' AND VERSION < 1
END
GO    
      

--Create Navigation Tables
    	

if exists (select * from dbo.sysobjects where id = object_id(N'[dbo].[NAV_PERM_CGHOM_NEW]') and OBJECTPROPERTY(id, N'IsUserTable') = 1)
	drop table [dbo].[NAV_PERM_CGHOM_NEW]
GO
if exists (select * from dbo.sysobjects where id = object_id(N'[dbo].[NAV_FIELDS_CGHOM_NEW]') and OBJECTPROPERTY(id, N'IsUserTable') = 1)
	drop table [dbo].[NAV_FIELDS_CGHOM_NEW]
GO
if exists (select * from dbo.sysobjects where id = object_id(N'[dbo].[NAV_FORMS_CGHOM_NEW]') and OBJECTPROPERTY(id, N'IsUserTable') = 1)
	drop table [dbo].[NAV_FORMS_CGHOM_NEW]
GO

CREATE TABLE [DBO].[NAV_FIELDS_CGHOM_NEW] (
	[NAV_CGHOM_NEW_ID] [CHAR] (8) NOT NULL ,
	[PARENTID] [CHAR] (8) NOT NULL ,
	[FIELDNAME] [VARCHAR] (40) NULL ,
	[ENABLED_044] [BIT] NOT NULL ,
	[NAV_CGHOM_NEW_044] [VARCHAR] (50) NULL ,
	[SCRIPT_044] [VARCHAR] (255) NULL ,
	[MANDATORY_044] [BIT] NULL ,
	[MANDATORY_MESSAGE_044] [VARCHAR] (255) NULL ,
	[DEFAULT_VALUE_044] [VARCHAR] (100) NULL ,
	[DEFAULT_DATATYPE_044] [VARCHAR] (1) NULL ,
	[TAB_INDEX_044] [INT] NULL 
) ON [PRIMARY]
GO

ALTER TABLE [DBO].[NAV_FIELDS_CGHOM_NEW] WITH NOCHECK ADD 
	CONSTRAINT [PK_NAV_FIELDS_CGHOM_NEW] PRIMARY KEY  CLUSTERED 
	(
		[NAV_CGHOM_NEW_ID]
	)  ON [PRIMARY] 
GO

GRANT  SELECT , UPDATE ON [DBO].[NAV_FIELDS_CGHOM_NEW]  TO [TRANSACTORPMUSERS]
GO

GRANT  SELECT ON [DBO].[NAV_FIELDS_CGHOM_NEW]  TO [TRANSACTORUSERS]
GO	

CREATE TABLE [DBO].[NAV_FORMS_CGHOM_NEW] (
	[NAV_CGHOM_NEW_ID] [CHAR] (8) NOT NULL ,
	[NAV_CGHOM_NEW] [VARCHAR] (50) NULL ,
	[MOVEABLE] [BIT] NOT NULL ,
	[ENABLED_044] [BIT] NOT NULL ,
	[SEQUENCE_044] [INT] NOT NULL ,
	[NAV_CGHOM_NEW_044] [VARCHAR] (50) NULL ,
	[NAV_TBL_TAG_044] [VARCHAR] (255) NULL 
) ON [PRIMARY]
GO

ALTER TABLE [DBO].[NAV_FORMS_CGHOM_NEW] WITH NOCHECK ADD 
	CONSTRAINT [PK_NAV_FORMS_CGHOM_NEW] PRIMARY KEY  CLUSTERED 
	(
		[NAV_CGHOM_NEW_ID]
	)  ON [PRIMARY] 
GO

GRANT SELECT, UPDATE ON [DBO].[NAV_FORMS_CGHOM_NEW] TO [TRANSACTORPMUSERS]
GO

GRANT SELECT ON [DBO].[NAV_FORMS_CGHOM_NEW] TO [TRANSACTORUSERS]
GO

CREATE TABLE [DBO].[NAV_PERM_CGHOM_NEW] (
	[PERM_CGHOM_NEW_ID] [CHAR] (36) NOT NULL ,
	[NAV_CGHOM_NEW_ID] [CHAR] (8) NOT NULL ,
	[ROLE_ID] [INT] NOT NULL 
) ON [PRIMARY]
GO

ALTER TABLE [DBO].[NAV_PERM_CGHOM_NEW] WITH NOCHECK ADD 
	CONSTRAINT [PK_NAV_PERM_CGHOM_NEW] PRIMARY KEY  CLUSTERED 
	(
		[PERM_CGHOM_NEW_ID]
	)  ON [PRIMARY] 
GO

CREATE  UNIQUE  INDEX [IDX_NAV_PERM_CGHOM_NEW] ON [DBO].[NAV_PERM_CGHOM_NEW]([NAV_CGHOM_NEW_ID], [ROLE_ID]) ON [PRIMARY]
GO

GRANT SELECT, UPDATE, INSERT, DELETE ON [DBO].[NAV_PERM_CGHOM_NEW]  TO [TRANSACTORUSERS]
GO

ALTER TABLE [DBO].[NAV_FIELDS_CGHOM_NEW] ADD 
	CONSTRAINT [FK_PNFNFICGHOM_NEW] FOREIGN KEY 
	(
		[PARENTID]
	) REFERENCES [DBO].[NAV_FORMS_CGHOM_NEW] (
		[NAV_CGHOM_NEW_ID]
	) NOT FOR REPLICATION
GO

ALTER TABLE [DBO].[NAV_PERM_CGHOM_NEW] ADD 
	CONSTRAINT [FK_NFINPCGHOM_NEW] FOREIGN KEY 
	(
		[NAV_CGHOM_NEW_ID]
	) REFERENCES [DBO].[NAV_FIELDS_CGHOM_NEW] (
		[NAV_CGHOM_NEW_ID]
	) NOT FOR REPLICATION,
	CONSTRAINT [FK_SR_NPCGHOM_NEW] FOREIGN KEY 
	(
		[ROLE_ID]
	) REFERENCES [DBO].[SYSTEM_ROLE] (
		[ROLE_ID]
	) NOT FOR REPLICATION
GO		

	
if exists (select * from dbo.sysobjects where id = object_id(N'[dbo].[NAV_PERM_CGHOM_PROPDET_NEW]') and OBJECTPROPERTY(id, N'IsUserTable') = 1)
	drop table [dbo].[NAV_PERM_CGHOM_PROPDET_NEW]
GO
if exists (select * from dbo.sysobjects where id = object_id(N'[dbo].[NAV_FIELDS_CGHOM_PROPDET_NEW]') and OBJECTPROPERTY(id, N'IsUserTable') = 1)
	drop table [dbo].[NAV_FIELDS_CGHOM_PROPDET_NEW]
GO
if exists (select * from dbo.sysobjects where id = object_id(N'[dbo].[NAV_FORMS_CGHOM_PROPDET_NEW]') and OBJECTPROPERTY(id, N'IsUserTable') = 1)
	drop table [dbo].[NAV_FORMS_CGHOM_PROPDET_NEW]
GO
              
IF NOT EXISTS (SELECT * FROM DBO.SYSOBJECTS WHERE ID = OBJECT_ID(N'[DBO].[NAV_FIELDS_CGHOM_PROPDET_NEW]') AND OBJECTPROPERTY(ID, N'ISUSERTABLE') = 1)
BEGIN
  CREATE TABLE [DBO].[NAV_FIELDS_CGHOM_PROPDET_NEW] (
	  [NAV_CGHOM_PROPDET_NEW_ID] [CHAR] (8) NOT NULL ,
	  [PARENTID] [CHAR] (8) NOT NULL ,
	  [FIELDNAME] [VARCHAR] (40) NULL ,
	  [ENABLED_044] [BIT] NOT NULL ,
	  [NAV_CGHOM_PROPDET_NEW_044] [VARCHAR] (50) NULL ,
	  [SCRIPT_044] [VARCHAR] (255) NULL ,
	  [MANDATORY_044] [BIT] NULL ,
	  [MANDATORY_MESSAGE_044] [VARCHAR] (255) NULL ,
	  [DEFAULT_VALUE_044] [VARCHAR] (100) NULL ,
	  [DEFAULT_DATATYPE_044] [VARCHAR] (1) NULL ,
	  [TAB_INDEX_044] [INT] NULL 
  ) ON [PRIMARY]

  ALTER TABLE [DBO].[NAV_FIELDS_CGHOM_PROPDET_NEW] WITH NOCHECK ADD 
	  CONSTRAINT [PK_NAV_FIELDS_CGHOM_PROPDET_NEW] PRIMARY KEY  CLUSTERED 
	  (
		  [NAV_CGHOM_PROPDET_NEW_ID]
	  )  ON [PRIMARY] 

  GRANT  SELECT , UPDATE ON [DBO].[NAV_FIELDS_CGHOM_PROPDET_NEW]  TO [TRANSACTORPMUSERS]
  GRANT  SELECT ON [DBO].[NAV_FIELDS_CGHOM_PROPDET_NEW]  TO [TRANSACTORUSERS]
END
GO    
  
IF NOT EXISTS (SELECT * FROM DBO.SYSOBJECTS WHERE ID = OBJECT_ID(N'[DBO].[NAV_FORMS_CGHOM_PROPDET_NEW]') AND OBJECTPROPERTY(ID, N'ISUSERTABLE') = 1)
BEGIN
  CREATE TABLE [DBO].[NAV_FORMS_CGHOM_PROPDET_NEW] (
	  [NAV_CGHOM_PROPDET_NEW_ID] [CHAR] (8) NOT NULL ,
	  [NAV_CGHOM_PROPDET_NEW] [VARCHAR] (50) NULL ,
	  [MOVEABLE] [BIT] NOT NULL ,
	  [ENABLED_044] [BIT] NOT NULL ,
	  [SEQUENCE_044] [INT] NOT NULL ,
	  [NAV_CGHOM_PROPDET_NEW_044] [VARCHAR] (50) NULL ,
	  [NAV_TBL_TAG_044] [VARCHAR] (255) NULL 
  ) ON [PRIMARY]

  ALTER TABLE [DBO].[NAV_FORMS_CGHOM_PROPDET_NEW] WITH NOCHECK ADD 
	  CONSTRAINT [PK_NAV_FORMS_CGHOM_PROPDET_NEW] PRIMARY KEY  CLUSTERED 
	  (
		  [NAV_CGHOM_PROPDET_NEW_ID]
	  )  ON [PRIMARY] 

  GRANT SELECT, UPDATE ON [DBO].[NAV_FORMS_CGHOM_PROPDET_NEW] TO [TRANSACTORPMUSERS]
  GRANT SELECT ON [DBO].[NAV_FORMS_CGHOM_PROPDET_NEW] TO [TRANSACTORUSERS]
END
GO	      
    
IF NOT EXISTS (SELECT * FROM DBO.SYSOBJECTS WHERE ID = OBJECT_ID(N'[DBO].[NAV_PERM_CGHOM_PROPDET_NEW]') AND OBJECTPROPERTY(ID, N'ISUSERTABLE') = 1)
BEGIN
  CREATE TABLE [DBO].[NAV_PERM_CGHOM_PROPDET_NEW] (
	  [PERM_CGHOM_PROPDET_NEW_ID] [CHAR] (36) NOT NULL ,
	  [NAV_CGHOM_PROPDET_NEW_ID] [CHAR] (8) NOT NULL ,
	  [ROLE_ID] [INT] NOT NULL 
  ) ON [PRIMARY]

  ALTER TABLE [DBO].[NAV_PERM_CGHOM_PROPDET_NEW] WITH NOCHECK ADD 
	  CONSTRAINT [PK_NAV_PERM_CGHOM_PROPDET_NEW] PRIMARY KEY  CLUSTERED 
	  (
		  [PERM_CGHOM_PROPDET_NEW_ID]
	  )  ON [PRIMARY] 

  CREATE  UNIQUE  INDEX [IDX_NAV_PERM_CGHOM_PROPDET_NEW] ON [DBO].[NAV_PERM_CGHOM_PROPDET_NEW]([NAV_CGHOM_PROPDET_NEW_ID], [ROLE_ID]) ON [PRIMARY]

  GRANT SELECT, UPDATE, INSERT, DELETE ON [DBO].[NAV_PERM_CGHOM_PROPDET_NEW]  TO [TRANSACTORUSERS]
END
GO
  
IF NOT EXISTS (SELECT * FROM DBO.SYSOBJECTS WHERE ID = OBJECT_ID(N'[DBO].[FK_NFNFICGHOM_PROPDET_NEW]') AND OBJECTPROPERTY(ID, N'ISCONSTRAINT') = 1)
ALTER TABLE [DBO].[NAV_FIELDS_CGHOM_PROPDET_NEW] ADD 
	CONSTRAINT [FK_NFNFICGHOM_PROPDET_NEW] FOREIGN KEY 
	(
		[PARENTID]
	) REFERENCES [DBO].[NAV_FORMS_CGHOM_PROPDET_NEW] (
		[NAV_CGHOM_PROPDET_NEW_ID]
	) NOT FOR REPLICATION
GO

IF NOT EXISTS (SELECT * FROM DBO.SYSOBJECTS WHERE ID = OBJECT_ID(N'[DBO].[FK_NFINPCGHOM_PROPDET_NEW]') AND OBJECTPROPERTY(ID, N'ISCONSTRAINT') = 1)
ALTER TABLE [DBO].[NAV_PERM_CGHOM_PROPDET_NEW] ADD 
	CONSTRAINT [FK_NFINPCGHOM_PROPDET_NEW] FOREIGN KEY 
	(
		[NAV_CGHOM_PROPDET_NEW_ID]
	) REFERENCES [DBO].[NAV_FIELDS_CGHOM_PROPDET_NEW] (
		[NAV_CGHOM_PROPDET_NEW_ID]
	) NOT FOR REPLICATION

IF NOT EXISTS (SELECT * FROM DBO.SYSOBJECTS WHERE ID = OBJECT_ID(N'[DBO].[FK_SR_NPCGHOM_PROPDET_NEW]') AND OBJECTPROPERTY(ID, N'ISCONSTRAINT') = 1)
ALTER TABLE [DBO].[NAV_PERM_CGHOM_PROPDET_NEW] ADD 
	CONSTRAINT [FK_SR_NPCGHOM_PROPDET_NEW] FOREIGN KEY 
	(
		[ROLE_ID]
	) REFERENCES [DBO].[SYSTEM_ROLE] (
		[ROLE_ID]
	) NOT FOR REPLICATION
GO    
  	

if exists (select * from dbo.sysobjects where id = object_id(N'[dbo].[NAV_PERM_CGHOM_ADD]') and OBJECTPROPERTY(id, N'IsUserTable') = 1)
	drop table [dbo].[NAV_PERM_CGHOM_ADD]
GO
if exists (select * from dbo.sysobjects where id = object_id(N'[dbo].[NAV_FIELDS_CGHOM_ADD]') and OBJECTPROPERTY(id, N'IsUserTable') = 1)
	drop table [dbo].[NAV_FIELDS_CGHOM_ADD]
GO
if exists (select * from dbo.sysobjects where id = object_id(N'[dbo].[NAV_FORMS_CGHOM_ADD]') and OBJECTPROPERTY(id, N'IsUserTable') = 1)
	drop table [dbo].[NAV_FORMS_CGHOM_ADD]
GO

CREATE TABLE [DBO].[NAV_FIELDS_CGHOM_ADD] (
	[NAV_CGHOM_ADD_ID] [CHAR] (8) NOT NULL ,
	[PARENTID] [CHAR] (8) NOT NULL ,
	[FIELDNAME] [VARCHAR] (40) NULL ,
	[ENABLED_044] [BIT] NOT NULL ,
	[NAV_CGHOM_ADD_044] [VARCHAR] (50) NULL ,
	[SCRIPT_044] [VARCHAR] (255) NULL ,
	[MANDATORY_044] [BIT] NULL ,
	[MANDATORY_MESSAGE_044] [VARCHAR] (255) NULL ,
	[DEFAULT_VALUE_044] [VARCHAR] (100) NULL ,
	[DEFAULT_DATATYPE_044] [VARCHAR] (1) NULL ,
	[TAB_INDEX_044] [INT] NULL 
) ON [PRIMARY]
GO

ALTER TABLE [DBO].[NAV_FIELDS_CGHOM_ADD] WITH NOCHECK ADD 
	CONSTRAINT [PK_NAV_FIELDS_CGHOM_ADD] PRIMARY KEY  CLUSTERED 
	(
		[NAV_CGHOM_ADD_ID]
	)  ON [PRIMARY] 
GO

GRANT  SELECT , UPDATE ON [DBO].[NAV_FIELDS_CGHOM_ADD]  TO [TRANSACTORPMUSERS]
GO

GRANT  SELECT ON [DBO].[NAV_FIELDS_CGHOM_ADD]  TO [TRANSACTORUSERS]
GO	

CREATE TABLE [DBO].[NAV_FORMS_CGHOM_ADD] (
	[NAV_CGHOM_ADD_ID] [CHAR] (8) NOT NULL ,
	[NAV_CGHOM_ADD] [VARCHAR] (50) NULL ,
	[MOVEABLE] [BIT] NOT NULL ,
	[ENABLED_044] [BIT] NOT NULL ,
	[SEQUENCE_044] [INT] NOT NULL ,
	[NAV_CGHOM_ADD_044] [VARCHAR] (50) NULL ,
	[NAV_TBL_TAG_044] [VARCHAR] (255) NULL 
) ON [PRIMARY]
GO

ALTER TABLE [DBO].[NAV_FORMS_CGHOM_ADD] WITH NOCHECK ADD 
	CONSTRAINT [PK_NAV_FORMS_CGHOM_ADD] PRIMARY KEY  CLUSTERED 
	(
		[NAV_CGHOM_ADD_ID]
	)  ON [PRIMARY] 
GO

GRANT SELECT, UPDATE ON [DBO].[NAV_FORMS_CGHOM_ADD] TO [TRANSACTORPMUSERS]
GO

GRANT SELECT ON [DBO].[NAV_FORMS_CGHOM_ADD] TO [TRANSACTORUSERS]
GO

CREATE TABLE [DBO].[NAV_PERM_CGHOM_ADD] (
	[PERM_CGHOM_ADD_ID] [CHAR] (36) NOT NULL ,
	[NAV_CGHOM_ADD_ID] [CHAR] (8) NOT NULL ,
	[ROLE_ID] [INT] NOT NULL 
) ON [PRIMARY]
GO

ALTER TABLE [DBO].[NAV_PERM_CGHOM_ADD] WITH NOCHECK ADD 
	CONSTRAINT [PK_NAV_PERM_CGHOM_ADD] PRIMARY KEY  CLUSTERED 
	(
		[PERM_CGHOM_ADD_ID]
	)  ON [PRIMARY] 
GO

CREATE  UNIQUE  INDEX [IDX_NAV_PERM_CGHOM_ADD] ON [DBO].[NAV_PERM_CGHOM_ADD]([NAV_CGHOM_ADD_ID], [ROLE_ID]) ON [PRIMARY]
GO

GRANT SELECT, UPDATE, INSERT, DELETE ON [DBO].[NAV_PERM_CGHOM_ADD]  TO [TRANSACTORUSERS]
GO

ALTER TABLE [DBO].[NAV_FIELDS_CGHOM_ADD] ADD 
	CONSTRAINT [FK_PNFNFICGHOM_ADD] FOREIGN KEY 
	(
		[PARENTID]
	) REFERENCES [DBO].[NAV_FORMS_CGHOM_ADD] (
		[NAV_CGHOM_ADD_ID]
	) NOT FOR REPLICATION
GO

ALTER TABLE [DBO].[NAV_PERM_CGHOM_ADD] ADD 
	CONSTRAINT [FK_NFINPCGHOM_ADD] FOREIGN KEY 
	(
		[NAV_CGHOM_ADD_ID]
	) REFERENCES [DBO].[NAV_FIELDS_CGHOM_ADD] (
		[NAV_CGHOM_ADD_ID]
	) NOT FOR REPLICATION,
	CONSTRAINT [FK_SR_NPCGHOM_ADD] FOREIGN KEY 
	(
		[ROLE_ID]
	) REFERENCES [DBO].[SYSTEM_ROLE] (
		[ROLE_ID]
	) NOT FOR REPLICATION
GO		

	
if exists (select * from dbo.sysobjects where id = object_id(N'[dbo].[NAV_PERM_CGHOM_PROPDET_ADD]') and OBJECTPROPERTY(id, N'IsUserTable') = 1)
	drop table [dbo].[NAV_PERM_CGHOM_PROPDET_ADD]
GO
if exists (select * from dbo.sysobjects where id = object_id(N'[dbo].[NAV_FIELDS_CGHOM_PROPDET_ADD]') and OBJECTPROPERTY(id, N'IsUserTable') = 1)
	drop table [dbo].[NAV_FIELDS_CGHOM_PROPDET_ADD]
GO
if exists (select * from dbo.sysobjects where id = object_id(N'[dbo].[NAV_FORMS_CGHOM_PROPDET_ADD]') and OBJECTPROPERTY(id, N'IsUserTable') = 1)
	drop table [dbo].[NAV_FORMS_CGHOM_PROPDET_ADD]
GO
              
IF NOT EXISTS (SELECT * FROM DBO.SYSOBJECTS WHERE ID = OBJECT_ID(N'[DBO].[NAV_FIELDS_CGHOM_PROPDET_ADD]') AND OBJECTPROPERTY(ID, N'ISUSERTABLE') = 1)
BEGIN
  CREATE TABLE [DBO].[NAV_FIELDS_CGHOM_PROPDET_ADD] (
	  [NAV_CGHOM_PROPDET_ADD_ID] [CHAR] (8) NOT NULL ,
	  [PARENTID] [CHAR] (8) NOT NULL ,
	  [FIELDNAME] [VARCHAR] (40) NULL ,
	  [ENABLED_044] [BIT] NOT NULL ,
	  [NAV_CGHOM_PROPDET_ADD_044] [VARCHAR] (50) NULL ,
	  [SCRIPT_044] [VARCHAR] (255) NULL ,
	  [MANDATORY_044] [BIT] NULL ,
	  [MANDATORY_MESSAGE_044] [VARCHAR] (255) NULL ,
	  [DEFAULT_VALUE_044] [VARCHAR] (100) NULL ,
	  [DEFAULT_DATATYPE_044] [VARCHAR] (1) NULL ,
	  [TAB_INDEX_044] [INT] NULL 
  ) ON [PRIMARY]

  ALTER TABLE [DBO].[NAV_FIELDS_CGHOM_PROPDET_ADD] WITH NOCHECK ADD 
	  CONSTRAINT [PK_NAV_FIELDS_CGHOM_PROPDET_ADD] PRIMARY KEY  CLUSTERED 
	  (
		  [NAV_CGHOM_PROPDET_ADD_ID]
	  )  ON [PRIMARY] 

  GRANT  SELECT , UPDATE ON [DBO].[NAV_FIELDS_CGHOM_PROPDET_ADD]  TO [TRANSACTORPMUSERS]
  GRANT  SELECT ON [DBO].[NAV_FIELDS_CGHOM_PROPDET_ADD]  TO [TRANSACTORUSERS]
END
GO    
  
IF NOT EXISTS (SELECT * FROM DBO.SYSOBJECTS WHERE ID = OBJECT_ID(N'[DBO].[NAV_FORMS_CGHOM_PROPDET_ADD]') AND OBJECTPROPERTY(ID, N'ISUSERTABLE') = 1)
BEGIN
  CREATE TABLE [DBO].[NAV_FORMS_CGHOM_PROPDET_ADD] (
	  [NAV_CGHOM_PROPDET_ADD_ID] [CHAR] (8) NOT NULL ,
	  [NAV_CGHOM_PROPDET_ADD] [VARCHAR] (50) NULL ,
	  [MOVEABLE] [BIT] NOT NULL ,
	  [ENABLED_044] [BIT] NOT NULL ,
	  [SEQUENCE_044] [INT] NOT NULL ,
	  [NAV_CGHOM_PROPDET_ADD_044] [VARCHAR] (50) NULL ,
	  [NAV_TBL_TAG_044] [VARCHAR] (255) NULL 
  ) ON [PRIMARY]

  ALTER TABLE [DBO].[NAV_FORMS_CGHOM_PROPDET_ADD] WITH NOCHECK ADD 
	  CONSTRAINT [PK_NAV_FORMS_CGHOM_PROPDET_ADD] PRIMARY KEY  CLUSTERED 
	  (
		  [NAV_CGHOM_PROPDET_ADD_ID]
	  )  ON [PRIMARY] 

  GRANT SELECT, UPDATE ON [DBO].[NAV_FORMS_CGHOM_PROPDET_ADD] TO [TRANSACTORPMUSERS]
  GRANT SELECT ON [DBO].[NAV_FORMS_CGHOM_PROPDET_ADD] TO [TRANSACTORUSERS]
END
GO	      
    
IF NOT EXISTS (SELECT * FROM DBO.SYSOBJECTS WHERE ID = OBJECT_ID(N'[DBO].[NAV_PERM_CGHOM_PROPDET_ADD]') AND OBJECTPROPERTY(ID, N'ISUSERTABLE') = 1)
BEGIN
  CREATE TABLE [DBO].[NAV_PERM_CGHOM_PROPDET_ADD] (
	  [PERM_CGHOM_PROPDET_ADD_ID] [CHAR] (36) NOT NULL ,
	  [NAV_CGHOM_PROPDET_ADD_ID] [CHAR] (8) NOT NULL ,
	  [ROLE_ID] [INT] NOT NULL 
  ) ON [PRIMARY]

  ALTER TABLE [DBO].[NAV_PERM_CGHOM_PROPDET_ADD] WITH NOCHECK ADD 
	  CONSTRAINT [PK_NAV_PERM_CGHOM_PROPDET_ADD] PRIMARY KEY  CLUSTERED 
	  (
		  [PERM_CGHOM_PROPDET_ADD_ID]
	  )  ON [PRIMARY] 

  CREATE  UNIQUE  INDEX [IDX_NAV_PERM_CGHOM_PROPDET_ADD] ON [DBO].[NAV_PERM_CGHOM_PROPDET_ADD]([NAV_CGHOM_PROPDET_ADD_ID], [ROLE_ID]) ON [PRIMARY]

  GRANT SELECT, UPDATE, INSERT, DELETE ON [DBO].[NAV_PERM_CGHOM_PROPDET_ADD]  TO [TRANSACTORUSERS]
END
GO
  
IF NOT EXISTS (SELECT * FROM DBO.SYSOBJECTS WHERE ID = OBJECT_ID(N'[DBO].[FK_NFNFICGHOM_PROPDET_ADD]') AND OBJECTPROPERTY(ID, N'ISCONSTRAINT') = 1)
ALTER TABLE [DBO].[NAV_FIELDS_CGHOM_PROPDET_ADD] ADD 
	CONSTRAINT [FK_NFNFICGHOM_PROPDET_ADD] FOREIGN KEY 
	(
		[PARENTID]
	) REFERENCES [DBO].[NAV_FORMS_CGHOM_PROPDET_ADD] (
		[NAV_CGHOM_PROPDET_ADD_ID]
	) NOT FOR REPLICATION
GO

IF NOT EXISTS (SELECT * FROM DBO.SYSOBJECTS WHERE ID = OBJECT_ID(N'[DBO].[FK_NFINPCGHOM_PROPDET_ADD]') AND OBJECTPROPERTY(ID, N'ISCONSTRAINT') = 1)
ALTER TABLE [DBO].[NAV_PERM_CGHOM_PROPDET_ADD] ADD 
	CONSTRAINT [FK_NFINPCGHOM_PROPDET_ADD] FOREIGN KEY 
	(
		[NAV_CGHOM_PROPDET_ADD_ID]
	) REFERENCES [DBO].[NAV_FIELDS_CGHOM_PROPDET_ADD] (
		[NAV_CGHOM_PROPDET_ADD_ID]
	) NOT FOR REPLICATION

IF NOT EXISTS (SELECT * FROM DBO.SYSOBJECTS WHERE ID = OBJECT_ID(N'[DBO].[FK_SR_NPCGHOM_PROPDET_ADD]') AND OBJECTPROPERTY(ID, N'ISCONSTRAINT') = 1)
ALTER TABLE [DBO].[NAV_PERM_CGHOM_PROPDET_ADD] ADD 
	CONSTRAINT [FK_SR_NPCGHOM_PROPDET_ADD] FOREIGN KEY 
	(
		[ROLE_ID]
	) REFERENCES [DBO].[SYSTEM_ROLE] (
		[ROLE_ID]
	) NOT FOR REPLICATION
GO    
  	

if exists (select * from dbo.sysobjects where id = object_id(N'[dbo].[NAV_PERM_CGHOM_IND]') and OBJECTPROPERTY(id, N'IsUserTable') = 1)
	drop table [dbo].[NAV_PERM_CGHOM_IND]
GO
if exists (select * from dbo.sysobjects where id = object_id(N'[dbo].[NAV_FIELDS_CGHOM_IND]') and OBJECTPROPERTY(id, N'IsUserTable') = 1)
	drop table [dbo].[NAV_FIELDS_CGHOM_IND]
GO
if exists (select * from dbo.sysobjects where id = object_id(N'[dbo].[NAV_FORMS_CGHOM_IND]') and OBJECTPROPERTY(id, N'IsUserTable') = 1)
	drop table [dbo].[NAV_FORMS_CGHOM_IND]
GO

CREATE TABLE [DBO].[NAV_FIELDS_CGHOM_IND] (
	[NAV_CGHOM_IND_ID] [CHAR] (8) NOT NULL ,
	[PARENTID] [CHAR] (8) NOT NULL ,
	[FIELDNAME] [VARCHAR] (40) NULL ,
	[ENABLED_044] [BIT] NOT NULL ,
	[NAV_CGHOM_IND_044] [VARCHAR] (50) NULL ,
	[SCRIPT_044] [VARCHAR] (255) NULL ,
	[MANDATORY_044] [BIT] NULL ,
	[MANDATORY_MESSAGE_044] [VARCHAR] (255) NULL ,
	[DEFAULT_VALUE_044] [VARCHAR] (100) NULL ,
	[DEFAULT_DATATYPE_044] [VARCHAR] (1) NULL ,
	[TAB_INDEX_044] [INT] NULL 
) ON [PRIMARY]
GO

ALTER TABLE [DBO].[NAV_FIELDS_CGHOM_IND] WITH NOCHECK ADD 
	CONSTRAINT [PK_NAV_FIELDS_CGHOM_IND] PRIMARY KEY  CLUSTERED 
	(
		[NAV_CGHOM_IND_ID]
	)  ON [PRIMARY] 
GO

GRANT  SELECT , UPDATE ON [DBO].[NAV_FIELDS_CGHOM_IND]  TO [TRANSACTORPMUSERS]
GO

GRANT  SELECT ON [DBO].[NAV_FIELDS_CGHOM_IND]  TO [TRANSACTORUSERS]
GO	

CREATE TABLE [DBO].[NAV_FORMS_CGHOM_IND] (
	[NAV_CGHOM_IND_ID] [CHAR] (8) NOT NULL ,
	[NAV_CGHOM_IND] [VARCHAR] (50) NULL ,
	[MOVEABLE] [BIT] NOT NULL ,
	[ENABLED_044] [BIT] NOT NULL ,
	[SEQUENCE_044] [INT] NOT NULL ,
	[NAV_CGHOM_IND_044] [VARCHAR] (50) NULL ,
	[NAV_TBL_TAG_044] [VARCHAR] (255) NULL 
) ON [PRIMARY]
GO

ALTER TABLE [DBO].[NAV_FORMS_CGHOM_IND] WITH NOCHECK ADD 
	CONSTRAINT [PK_NAV_FORMS_CGHOM_IND] PRIMARY KEY  CLUSTERED 
	(
		[NAV_CGHOM_IND_ID]
	)  ON [PRIMARY] 
GO

GRANT SELECT, UPDATE ON [DBO].[NAV_FORMS_CGHOM_IND] TO [TRANSACTORPMUSERS]
GO

GRANT SELECT ON [DBO].[NAV_FORMS_CGHOM_IND] TO [TRANSACTORUSERS]
GO

CREATE TABLE [DBO].[NAV_PERM_CGHOM_IND] (
	[PERM_CGHOM_IND_ID] [CHAR] (36) NOT NULL ,
	[NAV_CGHOM_IND_ID] [CHAR] (8) NOT NULL ,
	[ROLE_ID] [INT] NOT NULL 
) ON [PRIMARY]
GO

ALTER TABLE [DBO].[NAV_PERM_CGHOM_IND] WITH NOCHECK ADD 
	CONSTRAINT [PK_NAV_PERM_CGHOM_IND] PRIMARY KEY  CLUSTERED 
	(
		[PERM_CGHOM_IND_ID]
	)  ON [PRIMARY] 
GO

CREATE  UNIQUE  INDEX [IDX_NAV_PERM_CGHOM_IND] ON [DBO].[NAV_PERM_CGHOM_IND]([NAV_CGHOM_IND_ID], [ROLE_ID]) ON [PRIMARY]
GO

GRANT SELECT, UPDATE, INSERT, DELETE ON [DBO].[NAV_PERM_CGHOM_IND]  TO [TRANSACTORUSERS]
GO

ALTER TABLE [DBO].[NAV_FIELDS_CGHOM_IND] ADD 
	CONSTRAINT [FK_PNFNFICGHOM_IND] FOREIGN KEY 
	(
		[PARENTID]
	) REFERENCES [DBO].[NAV_FORMS_CGHOM_IND] (
		[NAV_CGHOM_IND_ID]
	) NOT FOR REPLICATION
GO

ALTER TABLE [DBO].[NAV_PERM_CGHOM_IND] ADD 
	CONSTRAINT [FK_NFINPCGHOM_IND] FOREIGN KEY 
	(
		[NAV_CGHOM_IND_ID]
	) REFERENCES [DBO].[NAV_FIELDS_CGHOM_IND] (
		[NAV_CGHOM_IND_ID]
	) NOT FOR REPLICATION,
	CONSTRAINT [FK_SR_NPCGHOM_IND] FOREIGN KEY 
	(
		[ROLE_ID]
	) REFERENCES [DBO].[SYSTEM_ROLE] (
		[ROLE_ID]
	) NOT FOR REPLICATION
GO		

		

if exists (select * from dbo.sysobjects where id = object_id(N'[dbo].[NAV_PERM_CGHOM_QUICK]') and OBJECTPROPERTY(id, N'IsUserTable') = 1)
	drop table [dbo].[NAV_PERM_CGHOM_QUICK]
GO
if exists (select * from dbo.sysobjects where id = object_id(N'[dbo].[NAV_FIELDS_CGHOM_QUICK]') and OBJECTPROPERTY(id, N'IsUserTable') = 1)
	drop table [dbo].[NAV_FIELDS_CGHOM_QUICK]
GO
if exists (select * from dbo.sysobjects where id = object_id(N'[dbo].[NAV_FORMS_CGHOM_QUICK]') and OBJECTPROPERTY(id, N'IsUserTable') = 1)
	drop table [dbo].[NAV_FORMS_CGHOM_QUICK]
GO

CREATE TABLE [DBO].[NAV_FIELDS_CGHOM_QUICK] (
	[NAV_CGHOM_QUICK_ID] [CHAR] (8) NOT NULL ,
	[PARENTID] [CHAR] (8) NOT NULL ,
	[FIELDNAME] [VARCHAR] (40) NULL ,
	[ENABLED_044] [BIT] NOT NULL ,
	[NAV_CGHOM_QUICK_044] [VARCHAR] (50) NULL ,
	[SCRIPT_044] [VARCHAR] (255) NULL ,
	[MANDATORY_044] [BIT] NULL ,
	[MANDATORY_MESSAGE_044] [VARCHAR] (255) NULL ,
	[DEFAULT_VALUE_044] [VARCHAR] (100) NULL ,
	[DEFAULT_DATATYPE_044] [VARCHAR] (1) NULL ,
	[TAB_INDEX_044] [INT] NULL 
) ON [PRIMARY]
GO

ALTER TABLE [DBO].[NAV_FIELDS_CGHOM_QUICK] WITH NOCHECK ADD 
	CONSTRAINT [PK_NAV_FIELDS_CGHOM_QUICK] PRIMARY KEY  CLUSTERED 
	(
		[NAV_CGHOM_QUICK_ID]
	)  ON [PRIMARY] 
GO

GRANT  SELECT , UPDATE ON [DBO].[NAV_FIELDS_CGHOM_QUICK]  TO [TRANSACTORPMUSERS]
GO

GRANT  SELECT ON [DBO].[NAV_FIELDS_CGHOM_QUICK]  TO [TRANSACTORUSERS]
GO	

CREATE TABLE [DBO].[NAV_FORMS_CGHOM_QUICK] (
	[NAV_CGHOM_QUICK_ID] [CHAR] (8) NOT NULL ,
	[NAV_CGHOM_QUICK] [VARCHAR] (50) NULL ,
	[MOVEABLE] [BIT] NOT NULL ,
	[ENABLED_044] [BIT] NOT NULL ,
	[SEQUENCE_044] [INT] NOT NULL ,
	[NAV_CGHOM_QUICK_044] [VARCHAR] (50) NULL ,
	[NAV_TBL_TAG_044] [VARCHAR] (255) NULL 
) ON [PRIMARY]
GO

ALTER TABLE [DBO].[NAV_FORMS_CGHOM_QUICK] WITH NOCHECK ADD 
	CONSTRAINT [PK_NAV_FORMS_CGHOM_QUICK] PRIMARY KEY  CLUSTERED 
	(
		[NAV_CGHOM_QUICK_ID]
	)  ON [PRIMARY] 
GO

GRANT SELECT, UPDATE ON [DBO].[NAV_FORMS_CGHOM_QUICK] TO [TRANSACTORPMUSERS]
GO

GRANT SELECT ON [DBO].[NAV_FORMS_CGHOM_QUICK] TO [TRANSACTORUSERS]
GO

CREATE TABLE [DBO].[NAV_PERM_CGHOM_QUICK] (
	[PERM_CGHOM_QUICK_ID] [CHAR] (36) NOT NULL ,
	[NAV_CGHOM_QUICK_ID] [CHAR] (8) NOT NULL ,
	[ROLE_ID] [INT] NOT NULL 
) ON [PRIMARY]
GO

ALTER TABLE [DBO].[NAV_PERM_CGHOM_QUICK] WITH NOCHECK ADD 
	CONSTRAINT [PK_NAV_PERM_CGHOM_QUICK] PRIMARY KEY  CLUSTERED 
	(
		[PERM_CGHOM_QUICK_ID]
	)  ON [PRIMARY] 
GO

CREATE  UNIQUE  INDEX [IDX_NAV_PERM_CGHOM_QUICK] ON [DBO].[NAV_PERM_CGHOM_QUICK]([NAV_CGHOM_QUICK_ID], [ROLE_ID]) ON [PRIMARY]
GO

GRANT SELECT, UPDATE, INSERT, DELETE ON [DBO].[NAV_PERM_CGHOM_QUICK]  TO [TRANSACTORUSERS]
GO

ALTER TABLE [DBO].[NAV_FIELDS_CGHOM_QUICK] ADD 
	CONSTRAINT [FK_PNFNFICGHOM_QUICK] FOREIGN KEY 
	(
		[PARENTID]
	) REFERENCES [DBO].[NAV_FORMS_CGHOM_QUICK] (
		[NAV_CGHOM_QUICK_ID]
	) NOT FOR REPLICATION
GO

ALTER TABLE [DBO].[NAV_PERM_CGHOM_QUICK] ADD 
	CONSTRAINT [FK_NFINPCGHOM_QUICK] FOREIGN KEY 
	(
		[NAV_CGHOM_QUICK_ID]
	) REFERENCES [DBO].[NAV_FIELDS_CGHOM_QUICK] (
		[NAV_CGHOM_QUICK_ID]
	) NOT FOR REPLICATION,
	CONSTRAINT [FK_SR_NPCGHOM_QUICK] FOREIGN KEY 
	(
		[ROLE_ID]
	) REFERENCES [DBO].[SYSTEM_ROLE] (
		[ROLE_ID]
	) NOT FOR REPLICATION
GO		

		

if exists (select * from dbo.sysobjects where id = object_id(N'[dbo].[NAV_PERM_CGHOM_PST]') and OBJECTPROPERTY(id, N'IsUserTable') = 1)
	drop table [dbo].[NAV_PERM_CGHOM_PST]
GO
if exists (select * from dbo.sysobjects where id = object_id(N'[dbo].[NAV_FIELDS_CGHOM_PST]') and OBJECTPROPERTY(id, N'IsUserTable') = 1)
	drop table [dbo].[NAV_FIELDS_CGHOM_PST]
GO
if exists (select * from dbo.sysobjects where id = object_id(N'[dbo].[NAV_FORMS_CGHOM_PST]') and OBJECTPROPERTY(id, N'IsUserTable') = 1)
	drop table [dbo].[NAV_FORMS_CGHOM_PST]
GO

CREATE TABLE [DBO].[NAV_FIELDS_CGHOM_PST] (
	[NAV_CGHOM_PST_ID] [CHAR] (8) NOT NULL ,
	[PARENTID] [CHAR] (8) NOT NULL ,
	[FIELDNAME] [VARCHAR] (40) NULL ,
	[ENABLED_044] [BIT] NOT NULL ,
	[NAV_CGHOM_PST_044] [VARCHAR] (50) NULL ,
	[SCRIPT_044] [VARCHAR] (255) NULL ,
	[MANDATORY_044] [BIT] NULL ,
	[MANDATORY_MESSAGE_044] [VARCHAR] (255) NULL ,
	[DEFAULT_VALUE_044] [VARCHAR] (100) NULL ,
	[DEFAULT_DATATYPE_044] [VARCHAR] (1) NULL ,
	[TAB_INDEX_044] [INT] NULL 
) ON [PRIMARY]
GO

ALTER TABLE [DBO].[NAV_FIELDS_CGHOM_PST] WITH NOCHECK ADD 
	CONSTRAINT [PK_NAV_FIELDS_CGHOM_PST] PRIMARY KEY  CLUSTERED 
	(
		[NAV_CGHOM_PST_ID]
	)  ON [PRIMARY] 
GO

GRANT  SELECT , UPDATE ON [DBO].[NAV_FIELDS_CGHOM_PST]  TO [TRANSACTORPMUSERS]
GO

GRANT  SELECT ON [DBO].[NAV_FIELDS_CGHOM_PST]  TO [TRANSACTORUSERS]
GO	

CREATE TABLE [DBO].[NAV_FORMS_CGHOM_PST] (
	[NAV_CGHOM_PST_ID] [CHAR] (8) NOT NULL ,
	[NAV_CGHOM_PST] [VARCHAR] (50) NULL ,
	[MOVEABLE] [BIT] NOT NULL ,
	[ENABLED_044] [BIT] NOT NULL ,
	[SEQUENCE_044] [INT] NOT NULL ,
	[NAV_CGHOM_PST_044] [VARCHAR] (50) NULL ,
	[NAV_TBL_TAG_044] [VARCHAR] (255) NULL 
) ON [PRIMARY]
GO

ALTER TABLE [DBO].[NAV_FORMS_CGHOM_PST] WITH NOCHECK ADD 
	CONSTRAINT [PK_NAV_FORMS_CGHOM_PST] PRIMARY KEY  CLUSTERED 
	(
		[NAV_CGHOM_PST_ID]
	)  ON [PRIMARY] 
GO

GRANT SELECT, UPDATE ON [DBO].[NAV_FORMS_CGHOM_PST] TO [TRANSACTORPMUSERS]
GO

GRANT SELECT ON [DBO].[NAV_FORMS_CGHOM_PST] TO [TRANSACTORUSERS]
GO

CREATE TABLE [DBO].[NAV_PERM_CGHOM_PST] (
	[PERM_CGHOM_PST_ID] [CHAR] (36) NOT NULL ,
	[NAV_CGHOM_PST_ID] [CHAR] (8) NOT NULL ,
	[ROLE_ID] [INT] NOT NULL 
) ON [PRIMARY]
GO

ALTER TABLE [DBO].[NAV_PERM_CGHOM_PST] WITH NOCHECK ADD 
	CONSTRAINT [PK_NAV_PERM_CGHOM_PST] PRIMARY KEY  CLUSTERED 
	(
		[PERM_CGHOM_PST_ID]
	)  ON [PRIMARY] 
GO

CREATE  UNIQUE  INDEX [IDX_NAV_PERM_CGHOM_PST] ON [DBO].[NAV_PERM_CGHOM_PST]([NAV_CGHOM_PST_ID], [ROLE_ID]) ON [PRIMARY]
GO

GRANT SELECT, UPDATE, INSERT, DELETE ON [DBO].[NAV_PERM_CGHOM_PST]  TO [TRANSACTORUSERS]
GO

ALTER TABLE [DBO].[NAV_FIELDS_CGHOM_PST] ADD 
	CONSTRAINT [FK_PNFNFICGHOM_PST] FOREIGN KEY 
	(
		[PARENTID]
	) REFERENCES [DBO].[NAV_FORMS_CGHOM_PST] (
		[NAV_CGHOM_PST_ID]
	) NOT FOR REPLICATION
GO

ALTER TABLE [DBO].[NAV_PERM_CGHOM_PST] ADD 
	CONSTRAINT [FK_NFINPCGHOM_PST] FOREIGN KEY 
	(
		[NAV_CGHOM_PST_ID]
	) REFERENCES [DBO].[NAV_FIELDS_CGHOM_PST] (
		[NAV_CGHOM_PST_ID]
	) NOT FOR REPLICATION,
	CONSTRAINT [FK_SR_NPCGHOM_PST] FOREIGN KEY 
	(
		[ROLE_ID]
	) REFERENCES [DBO].[SYSTEM_ROLE] (
		[ROLE_ID]
	) NOT FOR REPLICATION
GO		

		
   		
--Insert into Navigation Tables		
		    
--Client Details
INSERT INTO Nav_Forms_CGHOM_NEW( Nav_CGHOM_NEW_ID, Nav_CGHOM_NEW, MoveAble, Enabled_044, Sequence_044, Nav_CGHOM_NEW_044, Nav_Tbl_Tag_044) VALUES ( '3RVQ3PN8', 'QE139', 0, 1, 1, 'Client Details', NULL)
INSERT INTO Nav_Fields_CGHOM_NEW( Nav_CGHOM_NEW_ID, ParentID, FieldName, Enabled_044, Nav_CGHOM_NEW_044, Script_044, Mandatory_044, Mandatory_Message_044, Default_Value_044, Default_Datatype_044, Tab_Index_044) VALUES ( '3RVQ3PN9', '3RVQ3PN8', 'QE139_Opt_Company', 1, 'Company', NULL, 1, 'Please select Company', NULL, 'b', NULL)
INSERT INTO Nav_Fields_CGHOM_NEW( Nav_CGHOM_NEW_ID, ParentID, FieldName, Enabled_044, Nav_CGHOM_NEW_044, Script_044, Mandatory_044, Mandatory_Message_044, Default_Value_044, Default_Datatype_044, Tab_Index_044) VALUES ( '3RVQ3PN0', '3RVQ3PN8', 'QE139_Opt_Individual', 1, 'Private individual', NULL, 1, 'Please select Individual', NULL, 'b', NULL)
INSERT INTO Nav_Fields_CGHOM_NEW( Nav_CGHOM_NEW_ID, ParentID, FieldName, Enabled_044, Nav_CGHOM_NEW_044, Script_044, Mandatory_044, Mandatory_Message_044, Default_Value_044, Default_Datatype_044, Tab_Index_044) VALUES ( '3RVQ3PN1', '3RVQ3PN8', 'QE139_Cbo_Title', 1, 'Title', NULL, 1, 'Please select a title', NULL, 't', NULL)
INSERT INTO Nav_Fields_CGHOM_NEW( Nav_CGHOM_NEW_ID, ParentID, FieldName, Enabled_044, Nav_CGHOM_NEW_044, Script_044, Mandatory_044, Mandatory_Message_044, Default_Value_044, Default_Datatype_044, Tab_Index_044) VALUES ( '3RVQ3PN2', '3RVQ3PN8', 'QE139_Txt_Surname', 1, 'Surname', NULL, 1, 'Please enter a surname', NULL, 't', NULL)
INSERT INTO Nav_Fields_CGHOM_NEW( Nav_CGHOM_NEW_ID, ParentID, FieldName, Enabled_044, Nav_CGHOM_NEW_044, Script_044, Mandatory_044, Mandatory_Message_044, Default_Value_044, Default_Datatype_044, Tab_Index_044) VALUES ( '3RVQ3PO2', '3RVQ3PN8', 'QE139_Txt_Initials', 1, 'Initials', NULL, 0, NULL, NULL, 't', NULL)
INSERT INTO Nav_Fields_CGHOM_NEW( Nav_CGHOM_NEW_ID, ParentID, FieldName, Enabled_044, Nav_CGHOM_NEW_044, Script_044, Mandatory_044, Mandatory_Message_044, Default_Value_044, Default_Datatype_044, Tab_Index_044) VALUES ( '3RVQ3PO3', '3RVQ3PN8', 'QE139_Txt_Forename', 1, 'Forename', NULL, 1, 'Please enter a forename', NULL, 't', NULL)
INSERT INTO Nav_Fields_CGHOM_NEW( Nav_CGHOM_NEW_ID, ParentID, FieldName, Enabled_044, Nav_CGHOM_NEW_044, Script_044, Mandatory_044, Mandatory_Message_044, Default_Value_044, Default_Datatype_044, Tab_Index_044) VALUES ( '3RVQ3PO4', '3RVQ3PN8', 'QE139_Txt_Honours', 1, 'Honours', NULL, 0, NULL, NULL, 't', NULL)
INSERT INTO Nav_Fields_CGHOM_NEW( Nav_CGHOM_NEW_ID, ParentID, FieldName, Enabled_044, Nav_CGHOM_NEW_044, Script_044, Mandatory_044, Mandatory_Message_044, Default_Value_044, Default_Datatype_044, Tab_Index_044) VALUES ( '3RVQ3PO5', '3RVQ3PN8', 'QE139_Chk_Proposer', 1, 'Proposer', NULL, 1, 'Please select proposer', NULL, 'b', NULL)
INSERT INTO Nav_Fields_CGHOM_NEW( Nav_CGHOM_NEW_ID, ParentID, FieldName, Enabled_044, Nav_CGHOM_NEW_044, Script_044, Mandatory_044, Mandatory_Message_044, Default_Value_044, Default_Datatype_044, Tab_Index_044) VALUES ( '3RVQ3PO6', '3RVQ3PN8', 'QE139_Chk_Deceased', 1, 'Deceased', NULL, 1, 'Please select deceased', NULL, 'b', NULL)
INSERT INTO Nav_Fields_CGHOM_NEW( Nav_CGHOM_NEW_ID, ParentID, FieldName, Enabled_044, Nav_CGHOM_NEW_044, Script_044, Mandatory_044, Mandatory_Message_044, Default_Value_044, Default_Datatype_044, Tab_Index_044) VALUES ( '3RVQ3PO7', '3RVQ3PN8', 'QE139_Cbo_DwellingType', 1, 'Dwelling type', NULL, 1, 'Please select dwelling type', NULL, 't', NULL)
INSERT INTO Nav_Fields_CGHOM_NEW( Nav_CGHOM_NEW_ID, ParentID, FieldName, Enabled_044, Nav_CGHOM_NEW_044, Script_044, Mandatory_044, Mandatory_Message_044, Default_Value_044, Default_Datatype_044, Tab_Index_044) VALUES ( '3RVQ3PO8', '3RVQ3PN8', 'QE139_Cbo_Dwelling', 1, 'Dwelling', NULL, 1, 'Please select dwelling', NULL, 't', NULL)
INSERT INTO Nav_Fields_CGHOM_NEW( Nav_CGHOM_NEW_ID, ParentID, FieldName, Enabled_044, Nav_CGHOM_NEW_044, Script_044, Mandatory_044, Mandatory_Message_044, Default_Value_044, Default_Datatype_044, Tab_Index_044) VALUES ( '3RVQ3PO9', '3RVQ3PN8', 'QE139_Txt_Country', 1, 'Country', NULL, 0, NULL, NULL, 't', NULL)
INSERT INTO Nav_Fields_CGHOM_NEW( Nav_CGHOM_NEW_ID, ParentID, FieldName, Enabled_044, Nav_CGHOM_NEW_044, Script_044, Mandatory_044, Mandatory_Message_044, Default_Value_044, Default_Datatype_044, Tab_Index_044) VALUES ( '3RVQ3PO0', '3RVQ3PN8', 'QE139_Txt_County', 1, 'County', NULL, 0, NULL, NULL, 't', NULL)
INSERT INTO Nav_Fields_CGHOM_NEW( Nav_CGHOM_NEW_ID, ParentID, FieldName, Enabled_044, Nav_CGHOM_NEW_044, Script_044, Mandatory_044, Mandatory_Message_044, Default_Value_044, Default_Datatype_044, Tab_Index_044) VALUES ( '3RVQ3PO1', '3RVQ3PN8', 'QE139_Txt_City', 1, 'City', NULL, 1, 'Please enter a city', NULL, 't', NULL)
INSERT INTO Nav_Fields_CGHOM_NEW( Nav_CGHOM_NEW_ID, ParentID, FieldName, Enabled_044, Nav_CGHOM_NEW_044, Script_044, Mandatory_044, Mandatory_Message_044, Default_Value_044, Default_Datatype_044, Tab_Index_044) VALUES ( '3RVQ3PP1', '3RVQ3PN8', 'QE139_Txt_Locality', 1, 'Locality', NULL, 0, NULL, NULL, 't', NULL)
INSERT INTO Nav_Fields_CGHOM_NEW( Nav_CGHOM_NEW_ID, ParentID, FieldName, Enabled_044, Nav_CGHOM_NEW_044, Script_044, Mandatory_044, Mandatory_Message_044, Default_Value_044, Default_Datatype_044, Tab_Index_044) VALUES ( '3RVQ3PP2', '3RVQ3PN8', 'QE139_Txt_Street', 1, 'Street', NULL, 1, 'Please enter a street', NULL, 't', NULL)
INSERT INTO Nav_Fields_CGHOM_NEW( Nav_CGHOM_NEW_ID, ParentID, FieldName, Enabled_044, Nav_CGHOM_NEW_044, Script_044, Mandatory_044, Mandatory_Message_044, Default_Value_044, Default_Datatype_044, Tab_Index_044) VALUES ( '3RVQ3PP3', '3RVQ3PN8', 'QE139_Txt_House', 1, 'House', NULL, 1, 'Please enter a house', NULL, 't', NULL)
INSERT INTO Nav_Fields_CGHOM_NEW( Nav_CGHOM_NEW_ID, ParentID, FieldName, Enabled_044, Nav_CGHOM_NEW_044, Script_044, Mandatory_044, Mandatory_Message_044, Default_Value_044, Default_Datatype_044, Tab_Index_044) VALUES ( '3RVQ3PP4', '3RVQ3PN8', 'QE139_Txt_Postcode', 1, 'Postcode', NULL, 1, 'Please enter a postcode', NULL, 't', NULL)
INSERT INTO Nav_Fields_CGHOM_NEW( Nav_CGHOM_NEW_ID, ParentID, FieldName, Enabled_044, Nav_CGHOM_NEW_044, Script_044, Mandatory_044, Mandatory_Message_044, Default_Value_044, Default_Datatype_044, Tab_Index_044) VALUES ( '3RVQ3PP5', '3RVQ3PN8', 'QE139_Opt_Sex', 1, 'Sex', NULL, 1, 'Please enter a sex', NULL, 'b', NULL)
INSERT INTO Nav_Fields_CGHOM_NEW( Nav_CGHOM_NEW_ID, ParentID, FieldName, Enabled_044, Nav_CGHOM_NEW_044, Script_044, Mandatory_044, Mandatory_Message_044, Default_Value_044, Default_Datatype_044, Tab_Index_044) VALUES ( '3RVQ3PP6', '3RVQ3PN8', 'QE139_Cbo_TelephoneType', 1, 'Telephone type', NULL, 0, NULL, NULL, 't', NULL)
INSERT INTO Nav_Fields_CGHOM_NEW( Nav_CGHOM_NEW_ID, ParentID, FieldName, Enabled_044, Nav_CGHOM_NEW_044, Script_044, Mandatory_044, Mandatory_Message_044, Default_Value_044, Default_Datatype_044, Tab_Index_044) VALUES ( '3RVQ3PP7', '3RVQ3PN8', 'QE139_Chk_ExDirectory', 1, 'Ex directory', NULL, 0, NULL, NULL, 'b', NULL)
INSERT INTO Nav_Fields_CGHOM_NEW( Nav_CGHOM_NEW_ID, ParentID, FieldName, Enabled_044, Nav_CGHOM_NEW_044, Script_044, Mandatory_044, Mandatory_Message_044, Default_Value_044, Default_Datatype_044, Tab_Index_044) VALUES ( '3RVQ3PP8', '3RVQ3PN8', 'QE139_Txt_Extension', 1, 'Telephone extension', NULL, 0, NULL, NULL, 't', NULL)
INSERT INTO Nav_Fields_CGHOM_NEW( Nav_CGHOM_NEW_ID, ParentID, FieldName, Enabled_044, Nav_CGHOM_NEW_044, Script_044, Mandatory_044, Mandatory_Message_044, Default_Value_044, Default_Datatype_044, Tab_Index_044) VALUES ( '3RVQ3PP9', '3RVQ3PN8', 'QE139_Txt_Number', 1, 'Telephone number', NULL, 0, NULL, NULL, 't', NULL)
INSERT INTO Nav_Fields_CGHOM_NEW( Nav_CGHOM_NEW_ID, ParentID, FieldName, Enabled_044, Nav_CGHOM_NEW_044, Script_044, Mandatory_044, Mandatory_Message_044, Default_Value_044, Default_Datatype_044, Tab_Index_044) VALUES ( '3RVQ3PQ9', '3RVQ3PN8', 'QE139_Lvw_Telephone', 1, 'Telephone list', NULL, 0, NULL, NULL, 'n', NULL)
INSERT INTO Nav_Fields_CGHOM_NEW( Nav_CGHOM_NEW_ID, ParentID, FieldName, Enabled_044, Nav_CGHOM_NEW_044, Script_044, Mandatory_044, Mandatory_Message_044, Default_Value_044, Default_Datatype_044, Tab_Index_044) VALUES ( '3RVQ3PQ0', '3RVQ3PN8', 'QE139_Txt_SecurityAnswer', 1, 'Security Answer', NULL, 0, NULL, NULL, 't', NULL)
INSERT INTO Nav_Fields_CGHOM_NEW( Nav_CGHOM_NEW_ID, ParentID, FieldName, Enabled_044, Nav_CGHOM_NEW_044, Script_044, Mandatory_044, Mandatory_Message_044, Default_Value_044, Default_Datatype_044, Tab_Index_044) VALUES ( '3RVQ3PQ1', '3RVQ3PN8', 'QE139_Cbo_Security_Question', 1, 'Security Question', NULL, 0, NULL, NULL, 't', NULL)
INSERT INTO Nav_Fields_CGHOM_NEW( Nav_CGHOM_NEW_ID, ParentID, FieldName, Enabled_044, Nav_CGHOM_NEW_044, Script_044, Mandatory_044, Mandatory_Message_044, Default_Value_044, Default_Datatype_044, Tab_Index_044) VALUES ( '3RVQ3PQ2', '3RVQ3PN8', 'QE139_Chk_RenewalQuote', 1, 'Prior Policy Renewal', NULL, 0, NULL, NULL, 'b', NULL)
INSERT INTO Nav_Fields_CGHOM_NEW( Nav_CGHOM_NEW_ID, ParentID, FieldName, Enabled_044, Nav_CGHOM_NEW_044, Script_044, Mandatory_044, Mandatory_Message_044, Default_Value_044, Default_Datatype_044, Tab_Index_044) VALUES ( '3RVQ3PQ3', '3RVQ3PN8', 'QE139_Chk_Instalments', 1, 'Instalments', NULL, 0, NULL, NULL, 'b', NULL)
INSERT INTO Nav_Fields_CGHOM_NEW( Nav_CGHOM_NEW_ID, ParentID, FieldName, Enabled_044, Nav_CGHOM_NEW_044, Script_044, Mandatory_044, Mandatory_Message_044, Default_Value_044, Default_Datatype_044, Tab_Index_044) VALUES ( '3RVQ3PQ4', '3RVQ3PN8', 'QE139_Txt_Email', 1, 'Email', NULL, 0, NULL, NULL, 't', NULL)
INSERT INTO Nav_Fields_CGHOM_NEW( Nav_CGHOM_NEW_ID, ParentID, FieldName, Enabled_044, Nav_CGHOM_NEW_044, Script_044, Mandatory_044, Mandatory_Message_044, Default_Value_044, Default_Datatype_044, Tab_Index_044) VALUES ( '3RVQ3PQ5', '3RVQ3PN8', 'QE139_Msk_DOB', 1, 'Date of Birth', NULL, 0, NULL, NULL, 'd', NULL)
INSERT INTO Nav_Fields_CGHOM_NEW( Nav_CGHOM_NEW_ID, ParentID, FieldName, Enabled_044, Nav_CGHOM_NEW_044, Script_044, Mandatory_044, Mandatory_Message_044, Default_Value_044, Default_Datatype_044, Tab_Index_044) VALUES ( '3RVQ3PQ6', '3RVQ3PN8', 'QE139_Txt_Confirm', 1, 'Confirm password', NULL, 0, NULL, NULL, 't', NULL)
INSERT INTO Nav_Fields_CGHOM_NEW( Nav_CGHOM_NEW_ID, ParentID, FieldName, Enabled_044, Nav_CGHOM_NEW_044, Script_044, Mandatory_044, Mandatory_Message_044, Default_Value_044, Default_Datatype_044, Tab_Index_044) VALUES ( '3RVQ3PQ7', '3RVQ3PN8', 'QE139_Txt_Password', 1, 'Password', NULL, 0, NULL, NULL, 't', NULL)
INSERT INTO Nav_Fields_CGHOM_NEW( Nav_CGHOM_NEW_ID, ParentID, FieldName, Enabled_044, Nav_CGHOM_NEW_044, Script_044, Mandatory_044, Mandatory_Message_044, Default_Value_044, Default_Datatype_044, Tab_Index_044) VALUES ( '3RVQ3PQ8', '3RVQ3PN8', 'QE139_Txt_MaidenName', 1, 'Maiden name', NULL, 0, NULL, NULL, 't', NULL)
INSERT INTO Nav_Fields_CGHOM_NEW( Nav_CGHOM_NEW_ID, ParentID, FieldName, Enabled_044, Nav_CGHOM_NEW_044, Script_044, Mandatory_044, Mandatory_Message_044, Default_Value_044, Default_Datatype_044, Tab_Index_044) VALUES ( '3RVQ3PR8', '3RVQ3PN8', 'QE139_Cbo_Country', 1, 'Country', NULL, 0, NULL, NULL, 't', NULL)
INSERT INTO Nav_Fields_CGHOM_NEW( Nav_CGHOM_NEW_ID, ParentID, FieldName, Enabled_044, Nav_CGHOM_NEW_044, Script_044, Mandatory_044, Mandatory_Message_044, Default_Value_044, Default_Datatype_044, Tab_Index_044) VALUES ( '3RVQ3PR9', '3RVQ3PN8', 'QE139_Txt_InputTaxCredit', 1, 'Input Tax Credit', NULL, 0, NULL, NULL, 't', NULL)
INSERT INTO Nav_Fields_CGHOM_NEW( Nav_CGHOM_NEW_ID, ParentID, FieldName, Enabled_044, Nav_CGHOM_NEW_044, Script_044, Mandatory_044, Mandatory_Message_044, Default_Value_044, Default_Datatype_044, Tab_Index_044) VALUES ( '3RVQ3PR0', '3RVQ3PN8', 'QE139_Cmd_IND', 1, 'Telephone Add', NULL, 0, NULL, NULL, 'b', NULL)
INSERT INTO Nav_Fields_CGHOM_NEW( Nav_CGHOM_NEW_ID, ParentID, FieldName, Enabled_044, Nav_CGHOM_NEW_044, Script_044, Mandatory_044, Mandatory_Message_044, Default_Value_044, Default_Datatype_044, Tab_Index_044) VALUES ( '3RVQ3PR1', '3RVQ3PN8', 'QE139_Cmd_Remove', 1, 'Telephone Remove', NULL, 0, NULL, NULL, 'b', NULL)
INSERT INTO Nav_Fields_CGHOM_NEW( Nav_CGHOM_NEW_ID, ParentID, FieldName, Enabled_044, Nav_CGHOM_NEW_044, Script_044, Mandatory_044, Mandatory_Message_044, Default_Value_044, Default_Datatype_044, Tab_Index_044) VALUES ( '3RVQ3PR2', '3RVQ3PN8', 'QE139_Cmd_Search', 1, 'Postcode Search', NULL, 0, NULL, NULL, 'b', NULL)
INSERT INTO Nav_Fields_CGHOM_NEW( Nav_CGHOM_NEW_ID, ParentID, FieldName, Enabled_044, Nav_CGHOM_NEW_044, Script_044, Mandatory_044, Mandatory_Message_044, Default_Value_044, Default_Datatype_044, Tab_Index_044) VALUES ( '3RVQ3PR3', '3RVQ3PN8', 'QE139_Msk_DateEstablished', 1, 'Date Established', NULL, 0, NULL, NULL, 'd', NULL)

--Contact and Marketing
INSERT INTO Nav_Forms_CGHOM_NEW( Nav_CGHOM_NEW_ID, Nav_CGHOM_NEW, MoveAble, Enabled_044, Sequence_044, Nav_CGHOM_NEW_044, Nav_Tbl_Tag_044) VALUES ( '3RVQ3PR4', 'QE140', 1, 1, 2, 'Contact and Marketing Details', NULL)
INSERT INTO Nav_Fields_CGHOM_NEW( Nav_CGHOM_NEW_ID, ParentID, FieldName, Enabled_044, Nav_CGHOM_NEW_044, Script_044, Mandatory_044, Mandatory_Message_044, Default_Value_044, Default_Datatype_044, Tab_Index_044) VALUES ( '3RVQ3PR5', '3RVQ3PR4', 'QE140_Chk_TelephoneThird', 1, 'Allow telephone contact from third party', NULL, 0, NULL, '0', 'b', NULL)
INSERT INTO Nav_Fields_CGHOM_NEW( Nav_CGHOM_NEW_ID, ParentID, FieldName, Enabled_044, Nav_CGHOM_NEW_044, Script_044, Mandatory_044, Mandatory_Message_044, Default_Value_044, Default_Datatype_044, Tab_Index_044) VALUES ( '3RVQ3PR6', '3RVQ3PR4', 'QE140_Chk_TelephoneAffinity', 1, 'Allow telephone contact from affinity', NULL, 0, NULL, '0', 'b', NULL)
INSERT INTO Nav_Fields_CGHOM_NEW( Nav_CGHOM_NEW_ID, ParentID, FieldName, Enabled_044, Nav_CGHOM_NEW_044, Script_044, Mandatory_044, Mandatory_Message_044, Default_Value_044, Default_Datatype_044, Tab_Index_044) VALUES ( '3RVQ3PR7', '3RVQ3PR4', 'QE140_Chk_TelephoneAdministrator', 1, 'Allow telephone contact from administrator', NULL, 0, NULL, '0', 'b', NULL)
INSERT INTO Nav_Fields_CGHOM_NEW( Nav_CGHOM_NEW_ID, ParentID, FieldName, Enabled_044, Nav_CGHOM_NEW_044, Script_044, Mandatory_044, Mandatory_Message_044, Default_Value_044, Default_Datatype_044, Tab_Index_044) VALUES ( '3RVQ3PS7', '3RVQ3PR4', 'QE140_Chk_MailingThird', 1, 'Allow mailings from third party', NULL, 0, NULL, '0', 'b', NULL)
INSERT INTO Nav_Fields_CGHOM_NEW( Nav_CGHOM_NEW_ID, ParentID, FieldName, Enabled_044, Nav_CGHOM_NEW_044, Script_044, Mandatory_044, Mandatory_Message_044, Default_Value_044, Default_Datatype_044, Tab_Index_044) VALUES ( '3RVQ3PS8', '3RVQ3PR4', 'QE140_Chk_MailingAffinity', 1, 'Allow mailings from affinity', NULL, 0, NULL, '0', 'b', NULL)
INSERT INTO Nav_Fields_CGHOM_NEW( Nav_CGHOM_NEW_ID, ParentID, FieldName, Enabled_044, Nav_CGHOM_NEW_044, Script_044, Mandatory_044, Mandatory_Message_044, Default_Value_044, Default_Datatype_044, Tab_Index_044) VALUES ( '3RVQ3PS9', '3RVQ3PR4', 'QE140_Chk_MailingAdministrator', 1, 'Allow mailings from administrator', NULL, 0, NULL, '0', 'b', NULL)
INSERT INTO Nav_Fields_CGHOM_NEW( Nav_CGHOM_NEW_ID, ParentID, FieldName, Enabled_044, Nav_CGHOM_NEW_044, Script_044, Mandatory_044, Mandatory_Message_044, Default_Value_044, Default_Datatype_044, Tab_Index_044) VALUES ( '3RVQ3PS0', '3RVQ3PR4', 'QE140_Txt_RecommendedBy', 1, 'Referred By', NULL, 0, NULL, NULL, 't', NULL)
INSERT INTO Nav_Fields_CGHOM_NEW( Nav_CGHOM_NEW_ID, ParentID, FieldName, Enabled_044, Nav_CGHOM_NEW_044, Script_044, Mandatory_044, Mandatory_Message_044, Default_Value_044, Default_Datatype_044, Tab_Index_044) VALUES ( '3RVQ3PS1', '3RVQ3PR4', 'QE140_Txt_Reference', 1, 'Reference', NULL, 0, NULL, NULL, 't', NULL)
INSERT INTO Nav_Fields_CGHOM_NEW( Nav_CGHOM_NEW_ID, ParentID, FieldName, Enabled_044, Nav_CGHOM_NEW_044, Script_044, Mandatory_044, Mandatory_Message_044, Default_Value_044, Default_Datatype_044, Tab_Index_044) VALUES ( '3RVQ3PS2', '3RVQ3PR4', 'QE140_Cbo_Campaign', 1, 'Marketing source campaign', NULL, 0, NULL, NULL, 't', NULL)
INSERT INTO Nav_Fields_CGHOM_NEW( Nav_CGHOM_NEW_ID, ParentID, FieldName, Enabled_044, Nav_CGHOM_NEW_044, Script_044, Mandatory_044, Mandatory_Message_044, Default_Value_044, Default_Datatype_044, Tab_Index_044) VALUES ( '3RVQ3PS3', '3RVQ3PR4', 'QE140_Cbo_Activity', 1, 'Marketing source activity', NULL, 0, NULL, NULL, 't', NULL)
INSERT INTO Nav_Fields_CGHOM_NEW( Nav_CGHOM_NEW_ID, ParentID, FieldName, Enabled_044, Nav_CGHOM_NEW_044, Script_044, Mandatory_044, Mandatory_Message_044, Default_Value_044, Default_Datatype_044, Tab_Index_044) VALUES ( '3RVQ3PS4', '3RVQ3PR4', 'QE140_Cbo_Source', 1, 'Marketing source of business', NULL, 0, NULL, NULL, 't', NULL)
INSERT INTO Nav_Fields_CGHOM_NEW( Nav_CGHOM_NEW_ID, ParentID, FieldName, Enabled_044, Nav_CGHOM_NEW_044, Script_044, Mandatory_044, Mandatory_Message_044, Default_Value_044, Default_Datatype_044, Tab_Index_044) VALUES ( '3RVQ3PS5', '3RVQ3PR4', 'QE140_Chk_StopCorrespondence', 1, 'Stop Correspondence', NULL, 0, NULL, '0', 'b', NULL)
INSERT INTO Nav_Fields_CGHOM_NEW( Nav_CGHOM_NEW_ID, ParentID, FieldName, Enabled_044, Nav_CGHOM_NEW_044, Script_044, Mandatory_044, Mandatory_Message_044, Default_Value_044, Default_Datatype_044, Tab_Index_044) VALUES ( '3RVQ3PT5', '3RVQ3PR4', 'QE140_Cbo_Preferred', 1, 'Preferred contact method', NULL, 0, NULL, NULL, 't', NULL)
--Target Premium
INSERT INTO Nav_Forms_CGHOM_NEW( Nav_CGHOM_NEW_ID, Nav_CGHOM_NEW, MoveAble, Enabled_044, Sequence_044, Nav_CGHOM_NEW_044, Nav_Tbl_Tag_044) VALUES ( '3RVQ3PT6', 'QE141', 1, 1, 3, 'Target Premium', NULL)
INSERT INTO Nav_Fields_CGHOM_NEW( Nav_CGHOM_NEW_ID, ParentID, FieldName, Enabled_044, Nav_CGHOM_NEW_044, Script_044, Mandatory_044, Mandatory_Message_044, Default_Value_044, Default_Datatype_044, Tab_Index_044) VALUES ( '3RVQ3PT7', '3RVQ3PT6', 'QE141_Cbo_Insurer', 1, 'Best quote given by', NULL, 0, NULL, NULL, 't', NULL)
INSERT INTO Nav_Fields_CGHOM_NEW( Nav_CGHOM_NEW_ID, ParentID, FieldName, Enabled_044, Nav_CGHOM_NEW_044, Script_044, Mandatory_044, Mandatory_Message_044, Default_Value_044, Default_Datatype_044, Tab_Index_044) VALUES ( '3RVQ3PT8', '3RVQ3PT6', 'QE141_Msk_CurrentRenewalDate', 1, 'Current renewal date', NULL, 0, NULL, NULL, 'd', NULL)
INSERT INTO Nav_Fields_CGHOM_NEW( Nav_CGHOM_NEW_ID, ParentID, FieldName, Enabled_044, Nav_CGHOM_NEW_044, Script_044, Mandatory_044, Mandatory_Message_044, Default_Value_044, Default_Datatype_044, Tab_Index_044) VALUES ( '3RVQ3PT9', '3RVQ3PT6', 'QE141_CFd_Premium', 1, 'Previously quoted premium', NULL, 0, NULL, NULL, 'n', NULL)
--Cross Sales
INSERT INTO Nav_Forms_CGHOM_NEW( Nav_CGHOM_NEW_ID, Nav_CGHOM_NEW, MoveAble, Enabled_044, Sequence_044, Nav_CGHOM_NEW_044, Nav_Tbl_Tag_044) VALUES ( '3RVQ3PT0', 'QE107', 1, 1, 4, 'Cross Sales', NULL)
INSERT INTO Nav_Fields_CGHOM_NEW( Nav_CGHOM_NEW_ID, ParentID, FieldName, Enabled_044, Nav_CGHOM_NEW_044, Script_044, Mandatory_044, Mandatory_Message_044, Default_Value_044, Default_Datatype_044, Tab_Index_044) VALUES ( '3RVQ3PT1', '3RVQ3PT0', 'QE107_Cmb_Product', 1, 'Product', NULL, 0, NULL, NULL, 't', NULL)
INSERT INTO Nav_Fields_CGHOM_NEW( Nav_CGHOM_NEW_ID, ParentID, FieldName, Enabled_044, Nav_CGHOM_NEW_044, Script_044, Mandatory_044, Mandatory_Message_044, Default_Value_044, Default_Datatype_044, Tab_Index_044) VALUES ( '3RVQ3PT2', '3RVQ3PT0', 'QE107_Msk_RenewalDate', 1, 'Renewal Date', NULL, 0, NULL, NULL, 'd', NULL)
INSERT INTO Nav_Fields_CGHOM_NEW( Nav_CGHOM_NEW_ID, ParentID, FieldName, Enabled_044, Nav_CGHOM_NEW_044, Script_044, Mandatory_044, Mandatory_Message_044, Default_Value_044, Default_Datatype_044, Tab_Index_044) VALUES ( '3RVQ3PT3', '3RVQ3PT0', 'QE107_CFd_Premium', 1, 'Premium', NULL, 0, NULL, NULL, 'n', NULL)
INSERT INTO Nav_Fields_CGHOM_NEW( Nav_CGHOM_NEW_ID, ParentID, FieldName, Enabled_044, Nav_CGHOM_NEW_044, Script_044, Mandatory_044, Mandatory_Message_044, Default_Value_044, Default_Datatype_044, Tab_Index_044) VALUES ( '3RVQ3PT4', '3RVQ3PT0', 'QE107_Cmd_Add', 1, 'Add', NULL, 0, NULL, NULL, 'b', NULL)
INSERT INTO Nav_Fields_CGHOM_NEW( Nav_CGHOM_NEW_ID, ParentID, FieldName, Enabled_044, Nav_CGHOM_NEW_044, Script_044, Mandatory_044, Mandatory_Message_044, Default_Value_044, Default_Datatype_044, Tab_Index_044) VALUES ( '3RVQ3PU4', '3RVQ3PT0', 'QE107_Cmd_Remove', 1, 'Remove', NULL, 0, NULL, NULL, 'b', NULL)
INSERT INTO Nav_Fields_CGHOM_NEW( Nav_CGHOM_NEW_ID, ParentID, FieldName, Enabled_044, Nav_CGHOM_NEW_044, Script_044, Mandatory_044, Mandatory_Message_044, Default_Value_044, Default_Datatype_044, Tab_Index_044) VALUES ( '3RVQ3PU5', '3RVQ3PT0', 'QE107_Lvw_Products', 1, 'Product List', NULL, 0, NULL, NULL, 'n', NULL)
INSERT INTO Nav_Fields_CGHOM_NEW( Nav_CGHOM_NEW_ID, ParentID, FieldName, Enabled_044, Nav_CGHOM_NEW_044, Script_044, Mandatory_044, Mandatory_Message_044, Default_Value_044, Default_Datatype_044, Tab_Index_044) VALUES ( '3RVQ3PU6', '3RVQ3PT0', 'QE107_Cmb_Rating', 1, 'Rating', NULL, 0, NULL, NULL, 't', NULL)
--Extensions of Cover
INSERT INTO Nav_Forms_CGHOM_NEW( Nav_CGHOM_NEW_ID, Nav_CGHOM_NEW, MoveAble, Enabled_044, Sequence_044, Nav_CGHOM_NEW_044, Nav_Tbl_Tag_044) VALUES ( '3RVQ3PU7', 'QE151', 1, 0, 5, 'Extensions of Cover', NULL)
INSERT INTO Nav_Fields_CGHOM_NEW( Nav_CGHOM_NEW_ID, ParentID, FieldName, Enabled_044, Nav_CGHOM_NEW_044, Script_044, Mandatory_044, Mandatory_Message_044, Default_Value_044, Default_Datatype_044, Tab_Index_044) VALUES ( '3RVQ3PU8', '3RVQ3PU7', 'QE151_Lvw_AddOn', 1, 'Extension List', NULL, 0, NULL, NULL, 'n', NULL)
--Add Ons
INSERT INTO Nav_Forms_CGHOM_NEW( Nav_CGHOM_NEW_ID, Nav_CGHOM_NEW, MoveAble, Enabled_044, Sequence_044, Nav_CGHOM_NEW_044, Nav_Tbl_Tag_044) VALUES ( '3RVQ3PU9', 'QE165', 1, 0, 6, 'Add Ons', NULL)
INSERT INTO Nav_Fields_CGHOM_NEW( Nav_CGHOM_NEW_ID, ParentID, FieldName, Enabled_044, Nav_CGHOM_NEW_044, Script_044, Mandatory_044, Mandatory_Message_044, Default_Value_044, Default_Datatype_044, Tab_Index_044) VALUES ( '3RVQ3PU0', '3RVQ3PU9', 'QE165_Lvw_AddOn', 1, 'Add On List', NULL, 0, NULL, NULL, 'n', NULL)
--Policy Length
INSERT INTO Nav_Forms_CGHOM_NEW( Nav_CGHOM_NEW_ID, Nav_CGHOM_NEW, MoveAble, Enabled_044, Sequence_044, Nav_CGHOM_NEW_044, Nav_Tbl_Tag_044) VALUES ( '3RVQ3PU1', 'frmQE_PolicyLength', 1, 0, 7, 'Policy Length Details', NULL)
INSERT INTO Nav_Forms_CGHOM_NEW( Nav_CGHOM_NEW_ID, Nav_CGHOM_NEW, MoveAble, Enabled_044, Sequence_044, Nav_CGHOM_NEW_044, Nav_Tbl_Tag_044) VALUES ( '3RVQ3PU2', 'QE90', 1, 0, 8, 'Payment Plan', NULL)
--FSA
INSERT INTO Nav_Forms_CGHOM_NEW( Nav_CGHOM_NEW_ID, Nav_CGHOM_NEW, MoveAble, Enabled_044, Sequence_044, Nav_CGHOM_NEW_044, Nav_Tbl_Tag_044) VALUES ( '3RVQ3PU3', 'frmQE_FSAGeneral', 1, 0, 9, 'General FSA Declaration', NULL)      
    
--Summary
INSERT INTO Nav_Forms_CGHOM_NEW( Nav_CGHOM_NEW_ID, Nav_CGHOM_NEW, MoveAble, Enabled_044, Sequence_044, Nav_CGHOM_NEW_044, Nav_Tbl_Tag_044) VALUES ( '3RVQ3PV3', 'QS99', 1, 1, 14, 'Home Emergency Cover Summary', NULL)
GO
  
INSERT INTO Nav_Forms_CGHOM_NEW( Nav_CGHOM_NEW_ID, Nav_CGHOM_NEW, MoveAble, Enabled_044, Sequence_044, Nav_CGHOM_NEW_044, Nav_Tbl_Tag_044) VALUES ( '3RVQ3PV9', 'TES_Screen_Builder\\CGHOM\frmHED.tst', 1, 1, 11, 'Home Emergency Details', NULL)
                          
INSERT INTO Nav_Fields_CGHOM_NEW( Nav_CGHOM_NEW_ID, ParentID, FieldName, Enabled_044, Nav_CGHOM_NEW_044, Script_044, Mandatory_044, Mandatory_Message_044, Default_Value_044, Default_Datatype_044, Tab_Index_044) VALUES ( '3RVQ3PV0', '3RVQ3PV9', 'txtPostSect', 1, 'txtPostSect', NULL, 0, NULL, NULL, 't', NULL)
					
INSERT INTO Nav_Fields_CGHOM_NEW( Nav_CGHOM_NEW_ID, ParentID, FieldName, Enabled_044, Nav_CGHOM_NEW_044, Script_044, Mandatory_044, Mandatory_Message_044, Default_Value_044, Default_Datatype_044, Tab_Index_044) VALUES ( '3RVQ3PV1', '3RVQ3PV9', 'txtCountry', 1, 'txtCountry', NULL, 0, NULL, NULL, 't', NULL)
					
INSERT INTO Nav_Fields_CGHOM_NEW( Nav_CGHOM_NEW_ID, ParentID, FieldName, Enabled_044, Nav_CGHOM_NEW_044, Script_044, Mandatory_044, Mandatory_Message_044, Default_Value_044, Default_Datatype_044, Tab_Index_044) VALUES ( '3RVQ3Q01', '3RVQ3PV9', 'txtCounty', 1, 'txtCounty', NULL, 0, NULL, NULL, 't', NULL)
					
INSERT INTO Nav_Fields_CGHOM_NEW( Nav_CGHOM_NEW_ID, ParentID, FieldName, Enabled_044, Nav_CGHOM_NEW_044, Script_044, Mandatory_044, Mandatory_Message_044, Default_Value_044, Default_Datatype_044, Tab_Index_044) VALUES ( '3RVQ3Q02', '3RVQ3PV9', 'cmdPostSearch', 1, 'cmdPostSearch', NULL, 0, NULL, NULL, 'b', NULL)
			
INSERT INTO Nav_Fields_CGHOM_NEW( Nav_CGHOM_NEW_ID, ParentID, FieldName, Enabled_044, Nav_CGHOM_NEW_044, Script_044, Mandatory_044, Mandatory_Message_044, Default_Value_044, Default_Datatype_044, Tab_Index_044) VALUES ( '3RVQ3Q03', '3RVQ3PV9', 'txtCity', 1, 'txtCity', NULL, 0, NULL, NULL, 't', NULL)
					
INSERT INTO Nav_Fields_CGHOM_NEW( Nav_CGHOM_NEW_ID, ParentID, FieldName, Enabled_044, Nav_CGHOM_NEW_044, Script_044, Mandatory_044, Mandatory_Message_044, Default_Value_044, Default_Datatype_044, Tab_Index_044) VALUES ( '3RVQ3Q04', '3RVQ3PV9', 'txtLocality', 1, 'txtLocality', NULL, 0, NULL, NULL, 't', NULL)
					
INSERT INTO Nav_Fields_CGHOM_NEW( Nav_CGHOM_NEW_ID, ParentID, FieldName, Enabled_044, Nav_CGHOM_NEW_044, Script_044, Mandatory_044, Mandatory_Message_044, Default_Value_044, Default_Datatype_044, Tab_Index_044) VALUES ( '3RVQ3Q05', '3RVQ3PV9', 'txtStreet', 1, 'txtStreet', NULL, 0, NULL, NULL, 't', NULL)
					
INSERT INTO Nav_Fields_CGHOM_NEW( Nav_CGHOM_NEW_ID, ParentID, FieldName, Enabled_044, Nav_CGHOM_NEW_044, Script_044, Mandatory_044, Mandatory_Message_044, Default_Value_044, Default_Datatype_044, Tab_Index_044) VALUES ( '3RVQ3Q06', '3RVQ3PV9', 'txtHouse', 1, 'txtHouse', NULL, 0, NULL, NULL, 't', NULL)
					
INSERT INTO Nav_Fields_CGHOM_NEW( Nav_CGHOM_NEW_ID, ParentID, FieldName, Enabled_044, Nav_CGHOM_NEW_044, Script_044, Mandatory_044, Mandatory_Message_044, Default_Value_044, Default_Datatype_044, Tab_Index_044) VALUES ( '3RVQ3Q07', '3RVQ3PV9', 'txtPostcode', 1, 'txtPostcode', NULL, 0, NULL, NULL, 't', NULL)
					
INSERT INTO Nav_Fields_CGHOM_NEW( Nav_CGHOM_NEW_ID, ParentID, FieldName, Enabled_044, Nav_CGHOM_NEW_044, Script_044, Mandatory_044, Mandatory_Message_044, Default_Value_044, Default_Datatype_044, Tab_Index_044) VALUES ( '3RVQ3Q08', '3RVQ3PV9', 'cboMH', 1, 'cboMH', NULL, 0, NULL, NULL, 't', NULL)
			
INSERT INTO Nav_Fields_CGHOM_NEW( Nav_CGHOM_NEW_ID, ParentID, FieldName, Enabled_044, Nav_CGHOM_NEW_044, Script_044, Mandatory_044, Mandatory_Message_044, Default_Value_044, Default_Datatype_044, Tab_Index_044) VALUES ( '3RVQ3Q09', '3RVQ3PV9', 'cboTCara', 1, 'cboTCara', NULL, 0, NULL, NULL, 't', NULL)
			
INSERT INTO Nav_Fields_CGHOM_NEW( Nav_CGHOM_NEW_ID, ParentID, FieldName, Enabled_044, Nav_CGHOM_NEW_044, Script_044, Mandatory_044, Mandatory_Message_044, Default_Value_044, Default_Datatype_044, Tab_Index_044) VALUES ( '3RVQ3Q00', '3RVQ3PV9', 'cboHPCover', 1, 'cboHPCover', NULL, 0, NULL, NULL, 't', NULL)
			
INSERT INTO Nav_Fields_CGHOM_NEW( Nav_CGHOM_NEW_ID, ParentID, FieldName, Enabled_044, Nav_CGHOM_NEW_044, Script_044, Mandatory_044, Mandatory_Message_044, Default_Value_044, Default_Datatype_044, Tab_Index_044) VALUES ( '3RVQ3Q10', '3RVQ3PV9', 'cboHC', 1, 'cboHC', NULL, 0, NULL, NULL, 't', NULL)
			
INSERT INTO Nav_Fields_CGHOM_NEW( Nav_CGHOM_NEW_ID, ParentID, FieldName, Enabled_044, Nav_CGHOM_NEW_044, Script_044, Mandatory_044, Mandatory_Message_044, Default_Value_044, Default_Datatype_044, Tab_Index_044) VALUES ( '3RVQ3Q11', '3RVQ3PV9', 'cboMR', 1, 'cboMR', NULL, 0, NULL, NULL, 't', NULL)
			
INSERT INTO Nav_Forms_CGHOM_NEW( Nav_CGHOM_NEW_ID, Nav_CGHOM_NEW,MoveAble, Enabled_044, Sequence_044, Nav_CGHOM_NEW_044, Nav_Tbl_Tag_044) VALUES ( '3RVQ3Q12', '&+CGHOM_PROPDET_NEW', 1, 1, 10, 'Proposer Details', NULL)
                        
INSERT INTO Nav_Forms_CGHOM_PROPDET_NEW( Nav_CGHOM_PROPDET_NEW_ID, Nav_CGHOM_PROPDET_NEW, MoveAble, Enabled_044, Sequence_044, Nav_CGHOM_PROPDET_NEW_044, Nav_Tbl_Tag_044) VALUES ( '3RVQ3Q13', 'TES_Screen_Builder\\CGHOM\frmPROPDET.tst', 1, 1, 9, 'Proposer Details', NULL)
							
INSERT INTO Nav_Fields_CGHOM_PROPDET_NEW( Nav_CGHOM_PROPDET_NEW_ID, ParentID, FieldName, Enabled_044, Nav_CGHOM_PROPDET_NEW_044, Script_044, Mandatory_044, Mandatory_Message_044, Default_Value_044, Default_Datatype_044, Tab_Index_044) VALUES ( '3RVQ3Q14', '3RVQ3Q13', 'cboEmpStat', 1, 'cboEmpStat', NULL, 0, NULL, NULL, 't', NULL)
			
INSERT INTO Nav_Fields_CGHOM_PROPDET_NEW( Nav_CGHOM_PROPDET_NEW_ID, ParentID, FieldName, Enabled_044, Nav_CGHOM_PROPDET_NEW_044, Script_044, Mandatory_044, Mandatory_Message_044, Default_Value_044, Default_Datatype_044, Tab_Index_044) VALUES ( '3RVQ3Q15', '3RVQ3Q13', 'cboEmpBus', 1, 'cboEmpBus', NULL, 0, NULL, NULL, 't', NULL)
			
INSERT INTO Nav_Fields_CGHOM_PROPDET_NEW( Nav_CGHOM_PROPDET_NEW_ID, ParentID, FieldName, Enabled_044, Nav_CGHOM_PROPDET_NEW_044, Script_044, Mandatory_044, Mandatory_Message_044, Default_Value_044, Default_Datatype_044, Tab_Index_044) VALUES ( '3RVQ3Q16', '3RVQ3Q13', 'cboOccupation', 1, 'cboOccupation', NULL, 0, NULL, NULL, 't', NULL)
			
INSERT INTO Nav_Fields_CGHOM_PROPDET_NEW( Nav_CGHOM_PROPDET_NEW_ID, ParentID, FieldName, Enabled_044, Nav_CGHOM_PROPDET_NEW_044, Script_044, Mandatory_044, Mandatory_Message_044, Default_Value_044, Default_Datatype_044, Tab_Index_044) VALUES ( '3RVQ3Q17', '3RVQ3Q13', 'mskDOB', 1, 'mskDOB', NULL, 0, NULL, NULL, 'd', NULL)
			
INSERT INTO Nav_Fields_CGHOM_PROPDET_NEW( Nav_CGHOM_PROPDET_NEW_ID, ParentID, FieldName, Enabled_044, Nav_CGHOM_PROPDET_NEW_044, Script_044, Mandatory_044, Mandatory_Message_044, Default_Value_044, Default_Datatype_044, Tab_Index_044) VALUES ( '3RVQ3Q18', '3RVQ3Q13', 'txtSurname', 1, 'txtSurname', NULL, 0, NULL, NULL, 't', NULL)
					
INSERT INTO Nav_Fields_CGHOM_PROPDET_NEW( Nav_CGHOM_PROPDET_NEW_ID, ParentID, FieldName, Enabled_044, Nav_CGHOM_PROPDET_NEW_044, Script_044, Mandatory_044, Mandatory_Message_044, Default_Value_044, Default_Datatype_044, Tab_Index_044) VALUES ( '3RVQ3Q28', '3RVQ3Q13', 'txtInitial', 1, 'txtInitial', NULL, 0, NULL, NULL, 't', NULL)
					
INSERT INTO Nav_Fields_CGHOM_PROPDET_NEW( Nav_CGHOM_PROPDET_NEW_ID, ParentID, FieldName, Enabled_044, Nav_CGHOM_PROPDET_NEW_044, Script_044, Mandatory_044, Mandatory_Message_044, Default_Value_044, Default_Datatype_044, Tab_Index_044) VALUES ( '3RVQ3Q29', '3RVQ3Q13', 'txtForename', 1, 'txtForename', NULL, 0, NULL, NULL, 't', NULL)
					
INSERT INTO Nav_Fields_CGHOM_PROPDET_NEW( Nav_CGHOM_PROPDET_NEW_ID, ParentID, FieldName, Enabled_044, Nav_CGHOM_PROPDET_NEW_044, Script_044, Mandatory_044, Mandatory_Message_044, Default_Value_044, Default_Datatype_044, Tab_Index_044) VALUES ( '3RVQ3Q20', '3RVQ3Q13', 'cboTitle', 1, 'cboTitle', NULL, 0, NULL, NULL, 't', NULL)
			
INSERT INTO Nav_Forms_CGHOM_NEW( Nav_CGHOM_NEW_ID, Nav_CGHOM_NEW, MoveAble, Enabled_044, Sequence_044, Nav_CGHOM_NEW_044, Nav_Tbl_Tag_044) VALUES ( '3RVQ3Q21', 'TES_Screen_Builder\\CGHOM\frmGeneral.tst', 1, 1, 10, 'General Questions', NULL)
                          
INSERT INTO Nav_Fields_CGHOM_NEW( Nav_CGHOM_NEW_ID, ParentID, FieldName, Enabled_044, Nav_CGHOM_NEW_044, Script_044, Mandatory_044, Mandatory_Message_044, Default_Value_044, Default_Datatype_044, Tab_Index_044) VALUES ( '3RVQ3Q22', '3RVQ3Q21', 'txtDetails', 1, 'Details', NULL, 0, NULL, NULL, 't', NULL)
					
INSERT INTO Nav_Fields_CGHOM_NEW( Nav_CGHOM_NEW_ID, ParentID, FieldName, Enabled_044, Nav_CGHOM_NEW_044, Script_044, Mandatory_044, Mandatory_Message_044, Default_Value_044, Default_Datatype_044, Tab_Index_044) VALUES ( '3RVQ3Q23', '3RVQ3Q21', 'chkRequested', 1, 'Requested', NULL, 0, NULL, NULL, 'b', NULL)
			
INSERT INTO Nav_Fields_CGHOM_NEW( Nav_CGHOM_NEW_ID, ParentID, FieldName, Enabled_044, Nav_CGHOM_NEW_044, Script_044, Mandatory_044, Mandatory_Message_044, Default_Value_044, Default_Datatype_044, Tab_Index_044) VALUES ( '3RVQ3Q24', '3RVQ3Q21', 'chkConvicted', 1, 'Convicted', NULL, 0, NULL, NULL, 'b', NULL)
			
INSERT INTO Nav_Fields_CGHOM_NEW( Nav_CGHOM_NEW_ID, ParentID, FieldName, Enabled_044, Nav_CGHOM_NEW_044, Script_044, Mandatory_044, Mandatory_Message_044, Default_Value_044, Default_Datatype_044, Tab_Index_044) VALUES ( '3RVQ3Q25', '3RVQ3Q21', 'chkRefused', 1, 'Refused', NULL, 0, NULL, NULL, 'b', NULL)
			
    
  GO  
    
--Client Details
INSERT INTO Nav_Forms_CGHOM_ADD( Nav_CGHOM_ADD_ID, Nav_CGHOM_ADD, MoveAble, Enabled_044, Sequence_044, Nav_CGHOM_ADD_044, Nav_Tbl_Tag_044) VALUES ( '3RVQ3Q26', 'QE139', 0, 0, 1, 'Client Details', NULL)
INSERT INTO Nav_Fields_CGHOM_ADD( Nav_CGHOM_ADD_ID, ParentID, FieldName, Enabled_044, Nav_CGHOM_ADD_044, Script_044, Mandatory_044, Mandatory_Message_044, Default_Value_044, Default_Datatype_044, Tab_Index_044) VALUES ( '3RVQ3Q27', '3RVQ3Q26', 'QE139_Opt_Company', 1, 'Company', NULL, 1, 'Please select Company', NULL, 'b', NULL)
INSERT INTO Nav_Fields_CGHOM_ADD( Nav_CGHOM_ADD_ID, ParentID, FieldName, Enabled_044, Nav_CGHOM_ADD_044, Script_044, Mandatory_044, Mandatory_Message_044, Default_Value_044, Default_Datatype_044, Tab_Index_044) VALUES ( '3RVQ3Q37', '3RVQ3Q26', 'QE139_Opt_Individual', 1, 'Private individual', NULL, 1, 'Please select Individual', NULL, 'b', NULL)
INSERT INTO Nav_Fields_CGHOM_ADD( Nav_CGHOM_ADD_ID, ParentID, FieldName, Enabled_044, Nav_CGHOM_ADD_044, Script_044, Mandatory_044, Mandatory_Message_044, Default_Value_044, Default_Datatype_044, Tab_Index_044) VALUES ( '3RVQ3Q38', '3RVQ3Q26', 'QE139_Cbo_Title', 1, 'Title', NULL, 1, 'Please select a title', NULL, 't', NULL)
INSERT INTO Nav_Fields_CGHOM_ADD( Nav_CGHOM_ADD_ID, ParentID, FieldName, Enabled_044, Nav_CGHOM_ADD_044, Script_044, Mandatory_044, Mandatory_Message_044, Default_Value_044, Default_Datatype_044, Tab_Index_044) VALUES ( '3RVQ3Q39', '3RVQ3Q26', 'QE139_Txt_Surname', 1, 'Surname', NULL, 1, 'Please enter a surname', NULL, 't', NULL)
INSERT INTO Nav_Fields_CGHOM_ADD( Nav_CGHOM_ADD_ID, ParentID, FieldName, Enabled_044, Nav_CGHOM_ADD_044, Script_044, Mandatory_044, Mandatory_Message_044, Default_Value_044, Default_Datatype_044, Tab_Index_044) VALUES ( '3RVQ3Q30', '3RVQ3Q26', 'QE139_Txt_Initials', 1, 'Initials', NULL, 0, NULL, NULL, 't', NULL)
INSERT INTO Nav_Fields_CGHOM_ADD( Nav_CGHOM_ADD_ID, ParentID, FieldName, Enabled_044, Nav_CGHOM_ADD_044, Script_044, Mandatory_044, Mandatory_Message_044, Default_Value_044, Default_Datatype_044, Tab_Index_044) VALUES ( '3RVQ3Q31', '3RVQ3Q26', 'QE139_Txt_Forename', 1, 'Forename', NULL, 1, 'Please enter a forename', NULL, 't', NULL)
INSERT INTO Nav_Fields_CGHOM_ADD( Nav_CGHOM_ADD_ID, ParentID, FieldName, Enabled_044, Nav_CGHOM_ADD_044, Script_044, Mandatory_044, Mandatory_Message_044, Default_Value_044, Default_Datatype_044, Tab_Index_044) VALUES ( '3RVQ3Q32', '3RVQ3Q26', 'QE139_Txt_Honours', 1, 'Honours', NULL, 0, NULL, NULL, 't', NULL)
INSERT INTO Nav_Fields_CGHOM_ADD( Nav_CGHOM_ADD_ID, ParentID, FieldName, Enabled_044, Nav_CGHOM_ADD_044, Script_044, Mandatory_044, Mandatory_Message_044, Default_Value_044, Default_Datatype_044, Tab_Index_044) VALUES ( '3RVQ3Q33', '3RVQ3Q26', 'QE139_Chk_Proposer', 1, 'Proposer', NULL, 1, 'Please select proposer', NULL, 'b', NULL)
INSERT INTO Nav_Fields_CGHOM_ADD( Nav_CGHOM_ADD_ID, ParentID, FieldName, Enabled_044, Nav_CGHOM_ADD_044, Script_044, Mandatory_044, Mandatory_Message_044, Default_Value_044, Default_Datatype_044, Tab_Index_044) VALUES ( '3RVQ3Q34', '3RVQ3Q26', 'QE139_Chk_Deceased', 1, 'Deceased', NULL, 1, 'Please select deceased', NULL, 'b', NULL)
INSERT INTO Nav_Fields_CGHOM_ADD( Nav_CGHOM_ADD_ID, ParentID, FieldName, Enabled_044, Nav_CGHOM_ADD_044, Script_044, Mandatory_044, Mandatory_Message_044, Default_Value_044, Default_Datatype_044, Tab_Index_044) VALUES ( '3RVQ3Q35', '3RVQ3Q26', 'QE139_Cbo_DwellingType', 1, 'Dwelling type', NULL, 1, 'Please select dwelling type', NULL, 't', NULL)
INSERT INTO Nav_Fields_CGHOM_ADD( Nav_CGHOM_ADD_ID, ParentID, FieldName, Enabled_044, Nav_CGHOM_ADD_044, Script_044, Mandatory_044, Mandatory_Message_044, Default_Value_044, Default_Datatype_044, Tab_Index_044) VALUES ( '3RVQ3Q36', '3RVQ3Q26', 'QE139_Cbo_Dwelling', 1, 'Dwelling', NULL, 1, 'Please select dwelling', NULL, 't', NULL)
INSERT INTO Nav_Fields_CGHOM_ADD( Nav_CGHOM_ADD_ID, ParentID, FieldName, Enabled_044, Nav_CGHOM_ADD_044, Script_044, Mandatory_044, Mandatory_Message_044, Default_Value_044, Default_Datatype_044, Tab_Index_044) VALUES ( '3RVQ3Q46', '3RVQ3Q26', 'QE139_Txt_Country', 1, 'Country', NULL, 0, NULL, NULL, 't', NULL)
INSERT INTO Nav_Fields_CGHOM_ADD( Nav_CGHOM_ADD_ID, ParentID, FieldName, Enabled_044, Nav_CGHOM_ADD_044, Script_044, Mandatory_044, Mandatory_Message_044, Default_Value_044, Default_Datatype_044, Tab_Index_044) VALUES ( '3RVQ3Q47', '3RVQ3Q26', 'QE139_Txt_County', 1, 'County', NULL, 0, NULL, NULL, 't', NULL)
INSERT INTO Nav_Fields_CGHOM_ADD( Nav_CGHOM_ADD_ID, ParentID, FieldName, Enabled_044, Nav_CGHOM_ADD_044, Script_044, Mandatory_044, Mandatory_Message_044, Default_Value_044, Default_Datatype_044, Tab_Index_044) VALUES ( '3RVQ3Q48', '3RVQ3Q26', 'QE139_Txt_City', 1, 'City', NULL, 1, 'Please enter a city', NULL, 't', NULL)
INSERT INTO Nav_Fields_CGHOM_ADD( Nav_CGHOM_ADD_ID, ParentID, FieldName, Enabled_044, Nav_CGHOM_ADD_044, Script_044, Mandatory_044, Mandatory_Message_044, Default_Value_044, Default_Datatype_044, Tab_Index_044) VALUES ( '3RVQ3Q49', '3RVQ3Q26', 'QE139_Txt_Locality', 1, 'Locality', NULL, 0, NULL, NULL, 't', NULL)
INSERT INTO Nav_Fields_CGHOM_ADD( Nav_CGHOM_ADD_ID, ParentID, FieldName, Enabled_044, Nav_CGHOM_ADD_044, Script_044, Mandatory_044, Mandatory_Message_044, Default_Value_044, Default_Datatype_044, Tab_Index_044) VALUES ( '3RVQ3Q40', '3RVQ3Q26', 'QE139_Txt_Street', 1, 'Street', NULL, 1, 'Please enter a street', NULL, 't', NULL)
INSERT INTO Nav_Fields_CGHOM_ADD( Nav_CGHOM_ADD_ID, ParentID, FieldName, Enabled_044, Nav_CGHOM_ADD_044, Script_044, Mandatory_044, Mandatory_Message_044, Default_Value_044, Default_Datatype_044, Tab_Index_044) VALUES ( '3RVQ3Q41', '3RVQ3Q26', 'QE139_Txt_House', 1, 'House', NULL, 1, 'Please enter a house', NULL, 't', NULL)
INSERT INTO Nav_Fields_CGHOM_ADD( Nav_CGHOM_ADD_ID, ParentID, FieldName, Enabled_044, Nav_CGHOM_ADD_044, Script_044, Mandatory_044, Mandatory_Message_044, Default_Value_044, Default_Datatype_044, Tab_Index_044) VALUES ( '3RVQ3Q42', '3RVQ3Q26', 'QE139_Txt_Postcode', 1, 'Postcode', NULL, 1, 'Please enter a postcode', NULL, 't', NULL)
INSERT INTO Nav_Fields_CGHOM_ADD( Nav_CGHOM_ADD_ID, ParentID, FieldName, Enabled_044, Nav_CGHOM_ADD_044, Script_044, Mandatory_044, Mandatory_Message_044, Default_Value_044, Default_Datatype_044, Tab_Index_044) VALUES ( '3RVQ3Q43', '3RVQ3Q26', 'QE139_Opt_Sex', 1, 'Sex', NULL, 1, 'Please enter a sex', NULL, 'b', NULL)
INSERT INTO Nav_Fields_CGHOM_ADD( Nav_CGHOM_ADD_ID, ParentID, FieldName, Enabled_044, Nav_CGHOM_ADD_044, Script_044, Mandatory_044, Mandatory_Message_044, Default_Value_044, Default_Datatype_044, Tab_Index_044) VALUES ( '3RVQ3Q44', '3RVQ3Q26', 'QE139_Cbo_TelephoneType', 1, 'Telephone type', NULL, 0, NULL, NULL, 't', NULL)
INSERT INTO Nav_Fields_CGHOM_ADD( Nav_CGHOM_ADD_ID, ParentID, FieldName, Enabled_044, Nav_CGHOM_ADD_044, Script_044, Mandatory_044, Mandatory_Message_044, Default_Value_044, Default_Datatype_044, Tab_Index_044) VALUES ( '3RVQ3Q54', '3RVQ3Q26', 'QE139_Chk_ExDirectory', 1, 'Ex directory', NULL, 0, NULL, NULL, 'b', NULL)
INSERT INTO Nav_Fields_CGHOM_ADD( Nav_CGHOM_ADD_ID, ParentID, FieldName, Enabled_044, Nav_CGHOM_ADD_044, Script_044, Mandatory_044, Mandatory_Message_044, Default_Value_044, Default_Datatype_044, Tab_Index_044) VALUES ( '3RVQ3Q55', '3RVQ3Q26', 'QE139_Txt_Extension', 1, 'Telephone extension', NULL, 0, NULL, NULL, 't', NULL)
INSERT INTO Nav_Fields_CGHOM_ADD( Nav_CGHOM_ADD_ID, ParentID, FieldName, Enabled_044, Nav_CGHOM_ADD_044, Script_044, Mandatory_044, Mandatory_Message_044, Default_Value_044, Default_Datatype_044, Tab_Index_044) VALUES ( '3RVQ3Q56', '3RVQ3Q26', 'QE139_Txt_Number', 1, 'Telephone number', NULL, 0, NULL, NULL, 't', NULL)
INSERT INTO Nav_Fields_CGHOM_ADD( Nav_CGHOM_ADD_ID, ParentID, FieldName, Enabled_044, Nav_CGHOM_ADD_044, Script_044, Mandatory_044, Mandatory_Message_044, Default_Value_044, Default_Datatype_044, Tab_Index_044) VALUES ( '3RVQ3Q57', '3RVQ3Q26', 'QE139_Lvw_Telephone', 1, 'Telephone list', NULL, 0, NULL, NULL, 'n', NULL)
INSERT INTO Nav_Fields_CGHOM_ADD( Nav_CGHOM_ADD_ID, ParentID, FieldName, Enabled_044, Nav_CGHOM_ADD_044, Script_044, Mandatory_044, Mandatory_Message_044, Default_Value_044, Default_Datatype_044, Tab_Index_044) VALUES ( '3RVQ3Q58', '3RVQ3Q26', 'QE139_Txt_SecurityAnswer', 1, 'Security Answer', NULL, 0, NULL, NULL, 't', NULL)
INSERT INTO Nav_Fields_CGHOM_ADD( Nav_CGHOM_ADD_ID, ParentID, FieldName, Enabled_044, Nav_CGHOM_ADD_044, Script_044, Mandatory_044, Mandatory_Message_044, Default_Value_044, Default_Datatype_044, Tab_Index_044) VALUES ( '3RVQ3Q59', '3RVQ3Q26', 'QE139_Cbo_Security_Question', 1, 'Security Question', NULL, 0, NULL, NULL, 't', NULL)
INSERT INTO Nav_Fields_CGHOM_ADD( Nav_CGHOM_ADD_ID, ParentID, FieldName, Enabled_044, Nav_CGHOM_ADD_044, Script_044, Mandatory_044, Mandatory_Message_044, Default_Value_044, Default_Datatype_044, Tab_Index_044) VALUES ( '3RVQ3Q50', '3RVQ3Q26', 'QE139_Chk_RenewalQuote', 1, 'Prior Policy Renewal', NULL, 0, NULL, NULL, 'b', NULL)
INSERT INTO Nav_Fields_CGHOM_ADD( Nav_CGHOM_ADD_ID, ParentID, FieldName, Enabled_044, Nav_CGHOM_ADD_044, Script_044, Mandatory_044, Mandatory_Message_044, Default_Value_044, Default_Datatype_044, Tab_Index_044) VALUES ( '3RVQ3Q51', '3RVQ3Q26', 'QE139_Chk_Instalments', 1, 'Instalments', NULL, 0, NULL, NULL, 'b', NULL)
INSERT INTO Nav_Fields_CGHOM_ADD( Nav_CGHOM_ADD_ID, ParentID, FieldName, Enabled_044, Nav_CGHOM_ADD_044, Script_044, Mandatory_044, Mandatory_Message_044, Default_Value_044, Default_Datatype_044, Tab_Index_044) VALUES ( '3RVQ3Q52', '3RVQ3Q26', 'QE139_Txt_Email', 1, 'Email', NULL, 0, NULL, NULL, 't', NULL)
INSERT INTO Nav_Fields_CGHOM_ADD( Nav_CGHOM_ADD_ID, ParentID, FieldName, Enabled_044, Nav_CGHOM_ADD_044, Script_044, Mandatory_044, Mandatory_Message_044, Default_Value_044, Default_Datatype_044, Tab_Index_044) VALUES ( '3RVQ3Q53', '3RVQ3Q26', 'QE139_Msk_DOB', 1, 'Date of Birth', NULL, 0, NULL, NULL, 'd', NULL)
INSERT INTO Nav_Fields_CGHOM_ADD( Nav_CGHOM_ADD_ID, ParentID, FieldName, Enabled_044, Nav_CGHOM_ADD_044, Script_044, Mandatory_044, Mandatory_Message_044, Default_Value_044, Default_Datatype_044, Tab_Index_044) VALUES ( '3RVQ3Q63', '3RVQ3Q26', 'QE139_Txt_Confirm', 1, 'Confirm password', NULL, 0, NULL, NULL, 't', NULL)
INSERT INTO Nav_Fields_CGHOM_ADD( Nav_CGHOM_ADD_ID, ParentID, FieldName, Enabled_044, Nav_CGHOM_ADD_044, Script_044, Mandatory_044, Mandatory_Message_044, Default_Value_044, Default_Datatype_044, Tab_Index_044) VALUES ( '3RVQ3Q64', '3RVQ3Q26', 'QE139_Txt_Password', 1, 'Password', NULL, 0, NULL, NULL, 't', NULL)
INSERT INTO Nav_Fields_CGHOM_ADD( Nav_CGHOM_ADD_ID, ParentID, FieldName, Enabled_044, Nav_CGHOM_ADD_044, Script_044, Mandatory_044, Mandatory_Message_044, Default_Value_044, Default_Datatype_044, Tab_Index_044) VALUES ( '3RVQ3Q65', '3RVQ3Q26', 'QE139_Txt_MaidenName', 1, 'Maiden name', NULL, 0, NULL, NULL, 't', NULL)
INSERT INTO Nav_Fields_CGHOM_ADD( Nav_CGHOM_ADD_ID, ParentID, FieldName, Enabled_044, Nav_CGHOM_ADD_044, Script_044, Mandatory_044, Mandatory_Message_044, Default_Value_044, Default_Datatype_044, Tab_Index_044) VALUES ( '3RVQ3Q66', '3RVQ3Q26', 'QE139_Cbo_Country', 1, 'Country', NULL, 0, NULL, NULL, 't', NULL)
INSERT INTO Nav_Fields_CGHOM_ADD( Nav_CGHOM_ADD_ID, ParentID, FieldName, Enabled_044, Nav_CGHOM_ADD_044, Script_044, Mandatory_044, Mandatory_Message_044, Default_Value_044, Default_Datatype_044, Tab_Index_044) VALUES ( '3RVQ3Q67', '3RVQ3Q26', 'QE139_Txt_InputTaxCredit', 1, 'Input Tax Credit', NULL, 0, NULL, NULL, 't', NULL)
INSERT INTO Nav_Fields_CGHOM_ADD( Nav_CGHOM_ADD_ID, ParentID, FieldName, Enabled_044, Nav_CGHOM_ADD_044, Script_044, Mandatory_044, Mandatory_Message_044, Default_Value_044, Default_Datatype_044, Tab_Index_044) VALUES ( '3RVQ3Q68', '3RVQ3Q26', 'QE139_Cmd_IND', 1, 'Telephone Add', NULL, 0, NULL, NULL, 'b', NULL)
INSERT INTO Nav_Fields_CGHOM_ADD( Nav_CGHOM_ADD_ID, ParentID, FieldName, Enabled_044, Nav_CGHOM_ADD_044, Script_044, Mandatory_044, Mandatory_Message_044, Default_Value_044, Default_Datatype_044, Tab_Index_044) VALUES ( '3RVQ3Q69', '3RVQ3Q26', 'QE139_Cmd_Remove', 1, 'Telephone Remove', NULL, 0, NULL, NULL, 'b', NULL)
INSERT INTO Nav_Fields_CGHOM_ADD( Nav_CGHOM_ADD_ID, ParentID, FieldName, Enabled_044, Nav_CGHOM_ADD_044, Script_044, Mandatory_044, Mandatory_Message_044, Default_Value_044, Default_Datatype_044, Tab_Index_044) VALUES ( '3RVQ3Q60', '3RVQ3Q26', 'QE139_Cmd_Search', 1, 'Postcode Search', NULL, 0, NULL, NULL, 'b', NULL)
INSERT INTO Nav_Fields_CGHOM_ADD( Nav_CGHOM_ADD_ID, ParentID, FieldName, Enabled_044, Nav_CGHOM_ADD_044, Script_044, Mandatory_044, Mandatory_Message_044, Default_Value_044, Default_Datatype_044, Tab_Index_044) VALUES ( '3RVQ3Q61', '3RVQ3Q26', 'QE139_Msk_DateEstablished', 1, 'Date Established', NULL, 0, NULL, NULL, 'd', NULL)

--Contact and Marketing
INSERT INTO Nav_Forms_CGHOM_ADD( Nav_CGHOM_ADD_ID, Nav_CGHOM_ADD, MoveAble, Enabled_044, Sequence_044, Nav_CGHOM_ADD_044, Nav_Tbl_Tag_044) VALUES ( '3RVQ3Q62', 'QE140', 1, 1, 2, 'Contact and Marketing Details', NULL)
INSERT INTO Nav_Fields_CGHOM_ADD( Nav_CGHOM_ADD_ID, ParentID, FieldName, Enabled_044, Nav_CGHOM_ADD_044, Script_044, Mandatory_044, Mandatory_Message_044, Default_Value_044, Default_Datatype_044, Tab_Index_044) VALUES ( '3RVQ3Q72', '3RVQ3Q62', 'QE140_Chk_TelephoneThird', 1, 'Allow telephone contact from third party', NULL, 0, NULL, '0', 'b', NULL)
INSERT INTO Nav_Fields_CGHOM_ADD( Nav_CGHOM_ADD_ID, ParentID, FieldName, Enabled_044, Nav_CGHOM_ADD_044, Script_044, Mandatory_044, Mandatory_Message_044, Default_Value_044, Default_Datatype_044, Tab_Index_044) VALUES ( '3RVQ3Q73', '3RVQ3Q62', 'QE140_Chk_TelephoneAffinity', 1, 'Allow telephone contact from affinity', NULL, 0, NULL, '0', 'b', NULL)
INSERT INTO Nav_Fields_CGHOM_ADD( Nav_CGHOM_ADD_ID, ParentID, FieldName, Enabled_044, Nav_CGHOM_ADD_044, Script_044, Mandatory_044, Mandatory_Message_044, Default_Value_044, Default_Datatype_044, Tab_Index_044) VALUES ( '3RVQ3Q74', '3RVQ3Q62', 'QE140_Chk_TelephoneAdministrator', 1, 'Allow telephone contact from administrator', NULL, 0, NULL, '0', 'b', NULL)
INSERT INTO Nav_Fields_CGHOM_ADD( Nav_CGHOM_ADD_ID, ParentID, FieldName, Enabled_044, Nav_CGHOM_ADD_044, Script_044, Mandatory_044, Mandatory_Message_044, Default_Value_044, Default_Datatype_044, Tab_Index_044) VALUES ( '3RVQ3Q75', '3RVQ3Q62', 'QE140_Chk_MailingThird', 1, 'Allow mailings from third party', NULL, 0, NULL, '0', 'b', NULL)
INSERT INTO Nav_Fields_CGHOM_ADD( Nav_CGHOM_ADD_ID, ParentID, FieldName, Enabled_044, Nav_CGHOM_ADD_044, Script_044, Mandatory_044, Mandatory_Message_044, Default_Value_044, Default_Datatype_044, Tab_Index_044) VALUES ( '3RVQ3Q76', '3RVQ3Q62', 'QE140_Chk_MailingAffinity', 1, 'Allow mailings from affinity', NULL, 0, NULL, '0', 'b', NULL)
INSERT INTO Nav_Fields_CGHOM_ADD( Nav_CGHOM_ADD_ID, ParentID, FieldName, Enabled_044, Nav_CGHOM_ADD_044, Script_044, Mandatory_044, Mandatory_Message_044, Default_Value_044, Default_Datatype_044, Tab_Index_044) VALUES ( '3RVQ3Q77', '3RVQ3Q62', 'QE140_Chk_MailingAdministrator', 1, 'Allow mailings from administrator', NULL, 0, NULL, '0', 'b', NULL)
INSERT INTO Nav_Fields_CGHOM_ADD( Nav_CGHOM_ADD_ID, ParentID, FieldName, Enabled_044, Nav_CGHOM_ADD_044, Script_044, Mandatory_044, Mandatory_Message_044, Default_Value_044, Default_Datatype_044, Tab_Index_044) VALUES ( '3RVQ3Q78', '3RVQ3Q62', 'QE140_Txt_RecommendedBy', 1, 'Referred By', NULL, 0, NULL, NULL, 't', NULL)
INSERT INTO Nav_Fields_CGHOM_ADD( Nav_CGHOM_ADD_ID, ParentID, FieldName, Enabled_044, Nav_CGHOM_ADD_044, Script_044, Mandatory_044, Mandatory_Message_044, Default_Value_044, Default_Datatype_044, Tab_Index_044) VALUES ( '3RVQ3Q79', '3RVQ3Q62', 'QE140_Txt_Reference', 1, 'Reference', NULL, 0, NULL, NULL, 't', NULL)
INSERT INTO Nav_Fields_CGHOM_ADD( Nav_CGHOM_ADD_ID, ParentID, FieldName, Enabled_044, Nav_CGHOM_ADD_044, Script_044, Mandatory_044, Mandatory_Message_044, Default_Value_044, Default_Datatype_044, Tab_Index_044) VALUES ( '3RVQ3Q70', '3RVQ3Q62', 'QE140_Cbo_Campaign', 1, 'Marketing source campaign', NULL, 0, NULL, NULL, 't', NULL)
INSERT INTO Nav_Fields_CGHOM_ADD( Nav_CGHOM_ADD_ID, ParentID, FieldName, Enabled_044, Nav_CGHOM_ADD_044, Script_044, Mandatory_044, Mandatory_Message_044, Default_Value_044, Default_Datatype_044, Tab_Index_044) VALUES ( '3RVQ3Q80', '3RVQ3Q62', 'QE140_Cbo_Activity', 1, 'Marketing source activity', NULL, 0, NULL, NULL, 't', NULL)
INSERT INTO Nav_Fields_CGHOM_ADD( Nav_CGHOM_ADD_ID, ParentID, FieldName, Enabled_044, Nav_CGHOM_ADD_044, Script_044, Mandatory_044, Mandatory_Message_044, Default_Value_044, Default_Datatype_044, Tab_Index_044) VALUES ( '3RVQ3Q81', '3RVQ3Q62', 'QE140_Cbo_Source', 1, 'Marketing source of business', NULL, 0, NULL, NULL, 't', NULL)
INSERT INTO Nav_Fields_CGHOM_ADD( Nav_CGHOM_ADD_ID, ParentID, FieldName, Enabled_044, Nav_CGHOM_ADD_044, Script_044, Mandatory_044, Mandatory_Message_044, Default_Value_044, Default_Datatype_044, Tab_Index_044) VALUES ( '3RVQ3Q82', '3RVQ3Q62', 'QE140_Chk_StopCorrespondence', 1, 'Stop Correspondence', NULL, 0, NULL, '0', 'b', NULL)
INSERT INTO Nav_Fields_CGHOM_ADD( Nav_CGHOM_ADD_ID, ParentID, FieldName, Enabled_044, Nav_CGHOM_ADD_044, Script_044, Mandatory_044, Mandatory_Message_044, Default_Value_044, Default_Datatype_044, Tab_Index_044) VALUES ( '3RVQ3Q83', '3RVQ3Q62', 'QE140_Cbo_Preferred', 1, 'Preferred contact method', NULL, 0, NULL, NULL, 't', NULL)
--Target Premium
INSERT INTO Nav_Forms_CGHOM_ADD( Nav_CGHOM_ADD_ID, Nav_CGHOM_ADD, MoveAble, Enabled_044, Sequence_044, Nav_CGHOM_ADD_044, Nav_Tbl_Tag_044) VALUES ( '3RVQ3Q84', 'QE141', 1, 1, 3, 'Target Premium', NULL)
INSERT INTO Nav_Fields_CGHOM_ADD( Nav_CGHOM_ADD_ID, ParentID, FieldName, Enabled_044, Nav_CGHOM_ADD_044, Script_044, Mandatory_044, Mandatory_Message_044, Default_Value_044, Default_Datatype_044, Tab_Index_044) VALUES ( '3RVQ3Q85', '3RVQ3Q84', 'QE141_Cbo_Insurer', 1, 'Best quote given by', NULL, 0, NULL, NULL, 't', NULL)
INSERT INTO Nav_Fields_CGHOM_ADD( Nav_CGHOM_ADD_ID, ParentID, FieldName, Enabled_044, Nav_CGHOM_ADD_044, Script_044, Mandatory_044, Mandatory_Message_044, Default_Value_044, Default_Datatype_044, Tab_Index_044) VALUES ( '3RVQ3Q86', '3RVQ3Q84', 'QE141_Msk_CurrentRenewalDate', 1, 'Current renewal date', NULL, 0, NULL, NULL, 'd', NULL)
INSERT INTO Nav_Fields_CGHOM_ADD( Nav_CGHOM_ADD_ID, ParentID, FieldName, Enabled_044, Nav_CGHOM_ADD_044, Script_044, Mandatory_044, Mandatory_Message_044, Default_Value_044, Default_Datatype_044, Tab_Index_044) VALUES ( '3RVQ3Q87', '3RVQ3Q84', 'QE141_CFd_Premium', 1, 'Previously quoted premium', NULL, 0, NULL, NULL, 'n', NULL)
--Cross Sales
INSERT INTO Nav_Forms_CGHOM_ADD( Nav_CGHOM_ADD_ID, Nav_CGHOM_ADD, MoveAble, Enabled_044, Sequence_044, Nav_CGHOM_ADD_044, Nav_Tbl_Tag_044) VALUES ( '3RVQ3Q88', 'QE107', 1, 1, 4, 'Cross Sales', NULL)
INSERT INTO Nav_Fields_CGHOM_ADD( Nav_CGHOM_ADD_ID, ParentID, FieldName, Enabled_044, Nav_CGHOM_ADD_044, Script_044, Mandatory_044, Mandatory_Message_044, Default_Value_044, Default_Datatype_044, Tab_Index_044) VALUES ( '3RVQ3Q89', '3RVQ3Q88', 'QE107_Cmb_Product', 1, 'Product', NULL, 0, NULL, NULL, 't', NULL)
INSERT INTO Nav_Fields_CGHOM_ADD( Nav_CGHOM_ADD_ID, ParentID, FieldName, Enabled_044, Nav_CGHOM_ADD_044, Script_044, Mandatory_044, Mandatory_Message_044, Default_Value_044, Default_Datatype_044, Tab_Index_044) VALUES ( '3RVQ3Q99', '3RVQ3Q88', 'QE107_Msk_RenewalDate', 1, 'Renewal Date', NULL, 0, NULL, NULL, 'd', NULL)
INSERT INTO Nav_Fields_CGHOM_ADD( Nav_CGHOM_ADD_ID, ParentID, FieldName, Enabled_044, Nav_CGHOM_ADD_044, Script_044, Mandatory_044, Mandatory_Message_044, Default_Value_044, Default_Datatype_044, Tab_Index_044) VALUES ( '3RVQ3Q90', '3RVQ3Q88', 'QE107_CFd_Premium', 1, 'Premium', NULL, 0, NULL, NULL, 'n', NULL)
INSERT INTO Nav_Fields_CGHOM_ADD( Nav_CGHOM_ADD_ID, ParentID, FieldName, Enabled_044, Nav_CGHOM_ADD_044, Script_044, Mandatory_044, Mandatory_Message_044, Default_Value_044, Default_Datatype_044, Tab_Index_044) VALUES ( '3RVQ3Q91', '3RVQ3Q88', 'QE107_Cmd_Add', 1, 'Add', NULL, 0, NULL, NULL, 'b', NULL)
INSERT INTO Nav_Fields_CGHOM_ADD( Nav_CGHOM_ADD_ID, ParentID, FieldName, Enabled_044, Nav_CGHOM_ADD_044, Script_044, Mandatory_044, Mandatory_Message_044, Default_Value_044, Default_Datatype_044, Tab_Index_044) VALUES ( '3RVQ3Q92', '3RVQ3Q88', 'QE107_Cmd_Remove', 1, 'Remove', NULL, 0, NULL, NULL, 'b', NULL)
INSERT INTO Nav_Fields_CGHOM_ADD( Nav_CGHOM_ADD_ID, ParentID, FieldName, Enabled_044, Nav_CGHOM_ADD_044, Script_044, Mandatory_044, Mandatory_Message_044, Default_Value_044, Default_Datatype_044, Tab_Index_044) VALUES ( '3RVQ3Q93', '3RVQ3Q88', 'QE107_Lvw_Products', 1, 'Product List', NULL, 0, NULL, NULL, 'n', NULL)
INSERT INTO Nav_Fields_CGHOM_ADD( Nav_CGHOM_ADD_ID, ParentID, FieldName, Enabled_044, Nav_CGHOM_ADD_044, Script_044, Mandatory_044, Mandatory_Message_044, Default_Value_044, Default_Datatype_044, Tab_Index_044) VALUES ( '3RVQ3Q94', '3RVQ3Q88', 'QE107_Cmb_Rating', 1, 'Rating', NULL, 0, NULL, NULL, 't', NULL)
--Extensions of Cover
INSERT INTO Nav_Forms_CGHOM_ADD( Nav_CGHOM_ADD_ID, Nav_CGHOM_ADD, MoveAble, Enabled_044, Sequence_044, Nav_CGHOM_ADD_044, Nav_Tbl_Tag_044) VALUES ( '3RVQ3Q95', 'QE151', 1, 0, 5, 'Extensions of Cover', NULL)
INSERT INTO Nav_Fields_CGHOM_ADD( Nav_CGHOM_ADD_ID, ParentID, FieldName, Enabled_044, Nav_CGHOM_ADD_044, Script_044, Mandatory_044, Mandatory_Message_044, Default_Value_044, Default_Datatype_044, Tab_Index_044) VALUES ( '3RVQ3Q96', '3RVQ3Q95', 'QE151_Lvw_AddOn', 1, 'Extension List', NULL, 0, NULL, NULL, 'n', NULL)
--Add Ons
INSERT INTO Nav_Forms_CGHOM_ADD( Nav_CGHOM_ADD_ID, Nav_CGHOM_ADD, MoveAble, Enabled_044, Sequence_044, Nav_CGHOM_ADD_044, Nav_Tbl_Tag_044) VALUES ( '3RVQ3Q97', 'QE165', 1, 0, 6, 'Add Ons', NULL)
INSERT INTO Nav_Fields_CGHOM_ADD( Nav_CGHOM_ADD_ID, ParentID, FieldName, Enabled_044, Nav_CGHOM_ADD_044, Script_044, Mandatory_044, Mandatory_Message_044, Default_Value_044, Default_Datatype_044, Tab_Index_044) VALUES ( '3RVQ3Q98', '3RVQ3Q97', 'QE165_Lvw_AddOn', 1, 'Add On List', NULL, 0, NULL, NULL, 'n', NULL)
--Policy Length
INSERT INTO Nav_Forms_CGHOM_ADD( Nav_CGHOM_ADD_ID, Nav_CGHOM_ADD, MoveAble, Enabled_044, Sequence_044, Nav_CGHOM_ADD_044, Nav_Tbl_Tag_044) VALUES ( '3RVQ3QA8', 'frmQE_PolicyLength', 1, 0, 7, 'Policy Length Details', NULL)
INSERT INTO Nav_Forms_CGHOM_ADD( Nav_CGHOM_ADD_ID, Nav_CGHOM_ADD, MoveAble, Enabled_044, Sequence_044, Nav_CGHOM_ADD_044, Nav_Tbl_Tag_044) VALUES ( '3RVQ3QA9', 'QE90', 1, 0, 8, 'Payment Plan', NULL)
--FSA
INSERT INTO Nav_Forms_CGHOM_ADD( Nav_CGHOM_ADD_ID, Nav_CGHOM_ADD, MoveAble, Enabled_044, Sequence_044, Nav_CGHOM_ADD_044, Nav_Tbl_Tag_044) VALUES ( '3RVQ3QA0', 'frmQE_FSAGeneral', 1, 0, 9, 'General FSA Declaration', NULL)      
    
--Summary
INSERT INTO Nav_Forms_CGHOM_ADD( Nav_CGHOM_ADD_ID, Nav_CGHOM_ADD, MoveAble, Enabled_044, Sequence_044, Nav_CGHOM_ADD_044, Nav_Tbl_Tag_044) VALUES ( '3RVQ3QA1', 'QS99', 1, 1, 14, 'Home Emergency Cover Summary', NULL)
GO
  
INSERT INTO Nav_Forms_CGHOM_ADD( Nav_CGHOM_ADD_ID, Nav_CGHOM_ADD, MoveAble, Enabled_044, Sequence_044, Nav_CGHOM_ADD_044, Nav_Tbl_Tag_044) VALUES ( '3RVQ3QA2', 'TES_Screen_Builder\\CGHOM\frmHED.tst', 1, 1, 11, 'Home Emergency Details', NULL)
                          
INSERT INTO Nav_Fields_CGHOM_ADD( Nav_CGHOM_ADD_ID, ParentID, FieldName, Enabled_044, Nav_CGHOM_ADD_044, Script_044, Mandatory_044, Mandatory_Message_044, Default_Value_044, Default_Datatype_044, Tab_Index_044) VALUES ( '3RVQ3QA3', '3RVQ3QA2', 'txtPostSect', 1, 'txtPostSect', NULL, 0, NULL, NULL, 't', NULL)
					
INSERT INTO Nav_Fields_CGHOM_ADD( Nav_CGHOM_ADD_ID, ParentID, FieldName, Enabled_044, Nav_CGHOM_ADD_044, Script_044, Mandatory_044, Mandatory_Message_044, Default_Value_044, Default_Datatype_044, Tab_Index_044) VALUES ( '3RVQ3QA4', '3RVQ3QA2', 'txtCountry', 1, 'txtCountry', NULL, 0, NULL, NULL, 't', NULL)
					
INSERT INTO Nav_Fields_CGHOM_ADD( Nav_CGHOM_ADD_ID, ParentID, FieldName, Enabled_044, Nav_CGHOM_ADD_044, Script_044, Mandatory_044, Mandatory_Message_044, Default_Value_044, Default_Datatype_044, Tab_Index_044) VALUES ( '3RVQ3QA5', '3RVQ3QA2', 'txtCounty', 1, 'txtCounty', NULL, 0, NULL, NULL, 't', NULL)
					
INSERT INTO Nav_Fields_CGHOM_ADD( Nav_CGHOM_ADD_ID, ParentID, FieldName, Enabled_044, Nav_CGHOM_ADD_044, Script_044, Mandatory_044, Mandatory_Message_044, Default_Value_044, Default_Datatype_044, Tab_Index_044) VALUES ( '3RVQ3QA6', '3RVQ3QA2', 'cmdPostSearch', 1, 'cmdPostSearch', NULL, 0, NULL, NULL, 'b', NULL)
			
INSERT INTO Nav_Fields_CGHOM_ADD( Nav_CGHOM_ADD_ID, ParentID, FieldName, Enabled_044, Nav_CGHOM_ADD_044, Script_044, Mandatory_044, Mandatory_Message_044, Default_Value_044, Default_Datatype_044, Tab_Index_044) VALUES ( '3RVQ3QB6', '3RVQ3QA2', 'txtCity', 1, 'txtCity', NULL, 0, NULL, NULL, 't', NULL)
					
INSERT INTO Nav_Fields_CGHOM_ADD( Nav_CGHOM_ADD_ID, ParentID, FieldName, Enabled_044, Nav_CGHOM_ADD_044, Script_044, Mandatory_044, Mandatory_Message_044, Default_Value_044, Default_Datatype_044, Tab_Index_044) VALUES ( '3RVQ3QB7', '3RVQ3QA2', 'txtLocality', 1, 'txtLocality', NULL, 0, NULL, NULL, 't', NULL)
					
INSERT INTO Nav_Fields_CGHOM_ADD( Nav_CGHOM_ADD_ID, ParentID, FieldName, Enabled_044, Nav_CGHOM_ADD_044, Script_044, Mandatory_044, Mandatory_Message_044, Default_Value_044, Default_Datatype_044, Tab_Index_044) VALUES ( '3RVQ3QB8', '3RVQ3QA2', 'txtStreet', 1, 'txtStreet', NULL, 0, NULL, NULL, 't', NULL)
					
INSERT INTO Nav_Fields_CGHOM_ADD( Nav_CGHOM_ADD_ID, ParentID, FieldName, Enabled_044, Nav_CGHOM_ADD_044, Script_044, Mandatory_044, Mandatory_Message_044, Default_Value_044, Default_Datatype_044, Tab_Index_044) VALUES ( '3RVQ3QB9', '3RVQ3QA2', 'txtHouse', 1, 'txtHouse', NULL, 0, NULL, NULL, 't', NULL)
					
INSERT INTO Nav_Fields_CGHOM_ADD( Nav_CGHOM_ADD_ID, ParentID, FieldName, Enabled_044, Nav_CGHOM_ADD_044, Script_044, Mandatory_044, Mandatory_Message_044, Default_Value_044, Default_Datatype_044, Tab_Index_044) VALUES ( '3RVQ3QB0', '3RVQ3QA2', 'txtPostcode', 1, 'txtPostcode', NULL, 0, NULL, NULL, 't', NULL)
					
INSERT INTO Nav_Fields_CGHOM_ADD( Nav_CGHOM_ADD_ID, ParentID, FieldName, Enabled_044, Nav_CGHOM_ADD_044, Script_044, Mandatory_044, Mandatory_Message_044, Default_Value_044, Default_Datatype_044, Tab_Index_044) VALUES ( '3RVQ3QB1', '3RVQ3QA2', 'cboMH', 1, 'cboMH', NULL, 0, NULL, NULL, 't', NULL)
			
INSERT INTO Nav_Fields_CGHOM_ADD( Nav_CGHOM_ADD_ID, ParentID, FieldName, Enabled_044, Nav_CGHOM_ADD_044, Script_044, Mandatory_044, Mandatory_Message_044, Default_Value_044, Default_Datatype_044, Tab_Index_044) VALUES ( '3RVQ3QB2', '3RVQ3QA2', 'cboTCara', 1, 'cboTCara', NULL, 0, NULL, NULL, 't', NULL)
			
INSERT INTO Nav_Fields_CGHOM_ADD( Nav_CGHOM_ADD_ID, ParentID, FieldName, Enabled_044, Nav_CGHOM_ADD_044, Script_044, Mandatory_044, Mandatory_Message_044, Default_Value_044, Default_Datatype_044, Tab_Index_044) VALUES ( '3RVQ3QB3', '3RVQ3QA2', 'cboHPCover', 1, 'cboHPCover', NULL, 0, NULL, NULL, 't', NULL)
			
INSERT INTO Nav_Fields_CGHOM_ADD( Nav_CGHOM_ADD_ID, ParentID, FieldName, Enabled_044, Nav_CGHOM_ADD_044, Script_044, Mandatory_044, Mandatory_Message_044, Default_Value_044, Default_Datatype_044, Tab_Index_044) VALUES ( '3RVQ3QB4', '3RVQ3QA2', 'cboHC', 1, 'cboHC', NULL, 0, NULL, NULL, 't', NULL)
			
INSERT INTO Nav_Fields_CGHOM_ADD( Nav_CGHOM_ADD_ID, ParentID, FieldName, Enabled_044, Nav_CGHOM_ADD_044, Script_044, Mandatory_044, Mandatory_Message_044, Default_Value_044, Default_Datatype_044, Tab_Index_044) VALUES ( '3RVQ3QB5', '3RVQ3QA2', 'cboMR', 1, 'cboMR', NULL, 0, NULL, NULL, 't', NULL)
			
INSERT INTO Nav_Forms_CGHOM_ADD( Nav_CGHOM_ADD_ID, Nav_CGHOM_ADD,MoveAble, Enabled_044, Sequence_044, Nav_CGHOM_ADD_044, Nav_Tbl_Tag_044) VALUES ( '3RVQ3QC5', '&+CGHOM_PROPDET_ADD', 1, 1, 10, 'Proposer Details', NULL)
                        
INSERT INTO Nav_Forms_CGHOM_PROPDET_ADD( Nav_CGHOM_PROPDET_ADD_ID, Nav_CGHOM_PROPDET_ADD, MoveAble, Enabled_044, Sequence_044, Nav_CGHOM_PROPDET_ADD_044, Nav_Tbl_Tag_044) VALUES ( '3RVQ3QC6', 'TES_Screen_Builder\\CGHOM\frmPROPDET.tst', 1, 1, 9, 'Proposer Details', NULL)
							
INSERT INTO Nav_Fields_CGHOM_PROPDET_ADD( Nav_CGHOM_PROPDET_ADD_ID, ParentID, FieldName, Enabled_044, Nav_CGHOM_PROPDET_ADD_044, Script_044, Mandatory_044, Mandatory_Message_044, Default_Value_044, Default_Datatype_044, Tab_Index_044) VALUES ( '3RVQ3QC7', '3RVQ3QC6', 'cboEmpStat', 1, 'cboEmpStat', NULL, 0, NULL, NULL, 't', NULL)
			
INSERT INTO Nav_Fields_CGHOM_PROPDET_ADD( Nav_CGHOM_PROPDET_ADD_ID, ParentID, FieldName, Enabled_044, Nav_CGHOM_PROPDET_ADD_044, Script_044, Mandatory_044, Mandatory_Message_044, Default_Value_044, Default_Datatype_044, Tab_Index_044) VALUES ( '3RVQ3QC8', '3RVQ3QC6', 'cboEmpBus', 1, 'cboEmpBus', NULL, 0, NULL, NULL, 't', NULL)
			
INSERT INTO Nav_Fields_CGHOM_PROPDET_ADD( Nav_CGHOM_PROPDET_ADD_ID, ParentID, FieldName, Enabled_044, Nav_CGHOM_PROPDET_ADD_044, Script_044, Mandatory_044, Mandatory_Message_044, Default_Value_044, Default_Datatype_044, Tab_Index_044) VALUES ( '3RVQ3QC9', '3RVQ3QC6', 'cboOccupation', 1, 'cboOccupation', NULL, 0, NULL, NULL, 't', NULL)
			
INSERT INTO Nav_Fields_CGHOM_PROPDET_ADD( Nav_CGHOM_PROPDET_ADD_ID, ParentID, FieldName, Enabled_044, Nav_CGHOM_PROPDET_ADD_044, Script_044, Mandatory_044, Mandatory_Message_044, Default_Value_044, Default_Datatype_044, Tab_Index_044) VALUES ( '3RVQ3QC0', '3RVQ3QC6', 'mskDOB', 1, 'mskDOB', NULL, 0, NULL, NULL, 'd', NULL)
			
INSERT INTO Nav_Fields_CGHOM_PROPDET_ADD( Nav_CGHOM_PROPDET_ADD_ID, ParentID, FieldName, Enabled_044, Nav_CGHOM_PROPDET_ADD_044, Script_044, Mandatory_044, Mandatory_Message_044, Default_Value_044, Default_Datatype_044, Tab_Index_044) VALUES ( '3RVQ3QC1', '3RVQ3QC6', 'txtSurname', 1, 'txtSurname', NULL, 0, NULL, NULL, 't', NULL)
					
INSERT INTO Nav_Fields_CGHOM_PROPDET_ADD( Nav_CGHOM_PROPDET_ADD_ID, ParentID, FieldName, Enabled_044, Nav_CGHOM_PROPDET_ADD_044, Script_044, Mandatory_044, Mandatory_Message_044, Default_Value_044, Default_Datatype_044, Tab_Index_044) VALUES ( '3RVQ3QC2', '3RVQ3QC6', 'txtInitial', 1, 'txtInitial', NULL, 0, NULL, NULL, 't', NULL)
					
INSERT INTO Nav_Fields_CGHOM_PROPDET_ADD( Nav_CGHOM_PROPDET_ADD_ID, ParentID, FieldName, Enabled_044, Nav_CGHOM_PROPDET_ADD_044, Script_044, Mandatory_044, Mandatory_Message_044, Default_Value_044, Default_Datatype_044, Tab_Index_044) VALUES ( '3RVQ3QC3', '3RVQ3QC6', 'txtForename', 1, 'txtForename', NULL, 0, NULL, NULL, 't', NULL)
					
INSERT INTO Nav_Fields_CGHOM_PROPDET_ADD( Nav_CGHOM_PROPDET_ADD_ID, ParentID, FieldName, Enabled_044, Nav_CGHOM_PROPDET_ADD_044, Script_044, Mandatory_044, Mandatory_Message_044, Default_Value_044, Default_Datatype_044, Tab_Index_044) VALUES ( '3RVQ3QC4', '3RVQ3QC6', 'cboTitle', 1, 'cboTitle', NULL, 0, NULL, NULL, 't', NULL)
			
INSERT INTO Nav_Forms_CGHOM_ADD( Nav_CGHOM_ADD_ID, Nav_CGHOM_ADD, MoveAble, Enabled_044, Sequence_044, Nav_CGHOM_ADD_044, Nav_Tbl_Tag_044) VALUES ( '3RVQ3QD4', 'TES_Screen_Builder\\CGHOM\frmGeneral.tst', 1, 1, 10, 'General Questions', NULL)
                          
INSERT INTO Nav_Fields_CGHOM_ADD( Nav_CGHOM_ADD_ID, ParentID, FieldName, Enabled_044, Nav_CGHOM_ADD_044, Script_044, Mandatory_044, Mandatory_Message_044, Default_Value_044, Default_Datatype_044, Tab_Index_044) VALUES ( '3RVQ3QD5', '3RVQ3QD4', 'txtDetails', 1, 'Details', NULL, 0, NULL, NULL, 't', NULL)
					
INSERT INTO Nav_Fields_CGHOM_ADD( Nav_CGHOM_ADD_ID, ParentID, FieldName, Enabled_044, Nav_CGHOM_ADD_044, Script_044, Mandatory_044, Mandatory_Message_044, Default_Value_044, Default_Datatype_044, Tab_Index_044) VALUES ( '3RVQ3QD6', '3RVQ3QD4', 'chkRequested', 1, 'Requested', NULL, 0, NULL, NULL, 'b', NULL)
			
INSERT INTO Nav_Fields_CGHOM_ADD( Nav_CGHOM_ADD_ID, ParentID, FieldName, Enabled_044, Nav_CGHOM_ADD_044, Script_044, Mandatory_044, Mandatory_Message_044, Default_Value_044, Default_Datatype_044, Tab_Index_044) VALUES ( '3RVQ3QD7', '3RVQ3QD4', 'chkConvicted', 1, 'Convicted', NULL, 0, NULL, NULL, 'b', NULL)
			
INSERT INTO Nav_Fields_CGHOM_ADD( Nav_CGHOM_ADD_ID, ParentID, FieldName, Enabled_044, Nav_CGHOM_ADD_044, Script_044, Mandatory_044, Mandatory_Message_044, Default_Value_044, Default_Datatype_044, Tab_Index_044) VALUES ( '3RVQ3QD8', '3RVQ3QD4', 'chkRefused', 1, 'Refused', NULL, 0, NULL, NULL, 'b', NULL)
			
    
  GO  
    
--Client Details
INSERT INTO Nav_Forms_CGHOM_IND( Nav_CGHOM_IND_ID, Nav_CGHOM_IND, MoveAble, Enabled_044, Sequence_044, Nav_CGHOM_IND_044, Nav_Tbl_Tag_044) VALUES ( '3RVQ3QD9', 'QE139', 0, 1, 1, 'Client Details', NULL)
INSERT INTO Nav_Fields_CGHOM_IND( Nav_CGHOM_IND_ID, ParentID, FieldName, Enabled_044, Nav_CGHOM_IND_044, Script_044, Mandatory_044, Mandatory_Message_044, Default_Value_044, Default_Datatype_044, Tab_Index_044) VALUES ( '3RVQ3QD0', '3RVQ3QD9', 'QE139_Opt_Company', 1, 'Company', NULL, 1, 'Please select Company', NULL, 'b', NULL)
INSERT INTO Nav_Fields_CGHOM_IND( Nav_CGHOM_IND_ID, ParentID, FieldName, Enabled_044, Nav_CGHOM_IND_044, Script_044, Mandatory_044, Mandatory_Message_044, Default_Value_044, Default_Datatype_044, Tab_Index_044) VALUES ( '3RVQ3QD1', '3RVQ3QD9', 'QE139_Opt_Individual', 1, 'Private individual', NULL, 1, 'Please select Individual', NULL, 'b', NULL)
INSERT INTO Nav_Fields_CGHOM_IND( Nav_CGHOM_IND_ID, ParentID, FieldName, Enabled_044, Nav_CGHOM_IND_044, Script_044, Mandatory_044, Mandatory_Message_044, Default_Value_044, Default_Datatype_044, Tab_Index_044) VALUES ( '3RVQ3QD2', '3RVQ3QD9', 'QE139_Cbo_Title', 1, 'Title', NULL, 1, 'Please select a title', NULL, 't', NULL)
INSERT INTO Nav_Fields_CGHOM_IND( Nav_CGHOM_IND_ID, ParentID, FieldName, Enabled_044, Nav_CGHOM_IND_044, Script_044, Mandatory_044, Mandatory_Message_044, Default_Value_044, Default_Datatype_044, Tab_Index_044) VALUES ( '3RVQ3QE2', '3RVQ3QD9', 'QE139_Txt_Surname', 1, 'Surname', NULL, 1, 'Please enter a surname', NULL, 't', NULL)
INSERT INTO Nav_Fields_CGHOM_IND( Nav_CGHOM_IND_ID, ParentID, FieldName, Enabled_044, Nav_CGHOM_IND_044, Script_044, Mandatory_044, Mandatory_Message_044, Default_Value_044, Default_Datatype_044, Tab_Index_044) VALUES ( '3RVQ3QE3', '3RVQ3QD9', 'QE139_Txt_Initials', 1, 'Initials', NULL, 0, NULL, NULL, 't', NULL)
INSERT INTO Nav_Fields_CGHOM_IND( Nav_CGHOM_IND_ID, ParentID, FieldName, Enabled_044, Nav_CGHOM_IND_044, Script_044, Mandatory_044, Mandatory_Message_044, Default_Value_044, Default_Datatype_044, Tab_Index_044) VALUES ( '3RVQ3QE4', '3RVQ3QD9', 'QE139_Txt_Forename', 1, 'Forename', NULL, 1, 'Please enter a forename', NULL, 't', NULL)
INSERT INTO Nav_Fields_CGHOM_IND( Nav_CGHOM_IND_ID, ParentID, FieldName, Enabled_044, Nav_CGHOM_IND_044, Script_044, Mandatory_044, Mandatory_Message_044, Default_Value_044, Default_Datatype_044, Tab_Index_044) VALUES ( '3RVQ3QE5', '3RVQ3QD9', 'QE139_Txt_Honours', 1, 'Honours', NULL, 0, NULL, NULL, 't', NULL)
INSERT INTO Nav_Fields_CGHOM_IND( Nav_CGHOM_IND_ID, ParentID, FieldName, Enabled_044, Nav_CGHOM_IND_044, Script_044, Mandatory_044, Mandatory_Message_044, Default_Value_044, Default_Datatype_044, Tab_Index_044) VALUES ( '3RVQ3QE6', '3RVQ3QD9', 'QE139_Chk_Proposer', 1, 'Proposer', NULL, 1, 'Please select proposer', NULL, 'b', NULL)
INSERT INTO Nav_Fields_CGHOM_IND( Nav_CGHOM_IND_ID, ParentID, FieldName, Enabled_044, Nav_CGHOM_IND_044, Script_044, Mandatory_044, Mandatory_Message_044, Default_Value_044, Default_Datatype_044, Tab_Index_044) VALUES ( '3RVQ3QE7', '3RVQ3QD9', 'QE139_Chk_Deceased', 1, 'Deceased', NULL, 1, 'Please select deceased', NULL, 'b', NULL)
INSERT INTO Nav_Fields_CGHOM_IND( Nav_CGHOM_IND_ID, ParentID, FieldName, Enabled_044, Nav_CGHOM_IND_044, Script_044, Mandatory_044, Mandatory_Message_044, Default_Value_044, Default_Datatype_044, Tab_Index_044) VALUES ( '3RVQ3QE8', '3RVQ3QD9', 'QE139_Cbo_DwellingType', 1, 'Dwelling type', NULL, 1, 'Please select dwelling type', NULL, 't', NULL)
INSERT INTO Nav_Fields_CGHOM_IND( Nav_CGHOM_IND_ID, ParentID, FieldName, Enabled_044, Nav_CGHOM_IND_044, Script_044, Mandatory_044, Mandatory_Message_044, Default_Value_044, Default_Datatype_044, Tab_Index_044) VALUES ( '3RVQ3QE9', '3RVQ3QD9', 'QE139_Cbo_Dwelling', 1, 'Dwelling', NULL, 1, 'Please select dwelling', NULL, 't', NULL)
INSERT INTO Nav_Fields_CGHOM_IND( Nav_CGHOM_IND_ID, ParentID, FieldName, Enabled_044, Nav_CGHOM_IND_044, Script_044, Mandatory_044, Mandatory_Message_044, Default_Value_044, Default_Datatype_044, Tab_Index_044) VALUES ( '3RVQ3QE0', '3RVQ3QD9', 'QE139_Txt_Country', 1, 'Country', NULL, 0, NULL, NULL, 't', NULL)
INSERT INTO Nav_Fields_CGHOM_IND( Nav_CGHOM_IND_ID, ParentID, FieldName, Enabled_044, Nav_CGHOM_IND_044, Script_044, Mandatory_044, Mandatory_Message_044, Default_Value_044, Default_Datatype_044, Tab_Index_044) VALUES ( '3RVQ3QE1', '3RVQ3QD9', 'QE139_Txt_County', 1, 'County', NULL, 0, NULL, NULL, 't', NULL)
INSERT INTO Nav_Fields_CGHOM_IND( Nav_CGHOM_IND_ID, ParentID, FieldName, Enabled_044, Nav_CGHOM_IND_044, Script_044, Mandatory_044, Mandatory_Message_044, Default_Value_044, Default_Datatype_044, Tab_Index_044) VALUES ( '3RVQ3QF1', '3RVQ3QD9', 'QE139_Txt_City', 1, 'City', NULL, 1, 'Please enter a city', NULL, 't', NULL)
INSERT INTO Nav_Fields_CGHOM_IND( Nav_CGHOM_IND_ID, ParentID, FieldName, Enabled_044, Nav_CGHOM_IND_044, Script_044, Mandatory_044, Mandatory_Message_044, Default_Value_044, Default_Datatype_044, Tab_Index_044) VALUES ( '3RVQ3QF2', '3RVQ3QD9', 'QE139_Txt_Locality', 1, 'Locality', NULL, 0, NULL, NULL, 't', NULL)
INSERT INTO Nav_Fields_CGHOM_IND( Nav_CGHOM_IND_ID, ParentID, FieldName, Enabled_044, Nav_CGHOM_IND_044, Script_044, Mandatory_044, Mandatory_Message_044, Default_Value_044, Default_Datatype_044, Tab_Index_044) VALUES ( '3RVQ3QF3', '3RVQ3QD9', 'QE139_Txt_Street', 1, 'Street', NULL, 1, 'Please enter a street', NULL, 't', NULL)
INSERT INTO Nav_Fields_CGHOM_IND( Nav_CGHOM_IND_ID, ParentID, FieldName, Enabled_044, Nav_CGHOM_IND_044, Script_044, Mandatory_044, Mandatory_Message_044, Default_Value_044, Default_Datatype_044, Tab_Index_044) VALUES ( '3RVQ3QF4', '3RVQ3QD9', 'QE139_Txt_House', 1, 'House', NULL, 1, 'Please enter a house', NULL, 't', NULL)
INSERT INTO Nav_Fields_CGHOM_IND( Nav_CGHOM_IND_ID, ParentID, FieldName, Enabled_044, Nav_CGHOM_IND_044, Script_044, Mandatory_044, Mandatory_Message_044, Default_Value_044, Default_Datatype_044, Tab_Index_044) VALUES ( '3RVQ3QF5', '3RVQ3QD9', 'QE139_Txt_Postcode', 1, 'Postcode', NULL, 1, 'Please enter a postcode', NULL, 't', NULL)
INSERT INTO Nav_Fields_CGHOM_IND( Nav_CGHOM_IND_ID, ParentID, FieldName, Enabled_044, Nav_CGHOM_IND_044, Script_044, Mandatory_044, Mandatory_Message_044, Default_Value_044, Default_Datatype_044, Tab_Index_044) VALUES ( '3RVQ3QF6', '3RVQ3QD9', 'QE139_Opt_Sex', 1, 'Sex', NULL, 1, 'Please enter a sex', NULL, 'b', NULL)
INSERT INTO Nav_Fields_CGHOM_IND( Nav_CGHOM_IND_ID, ParentID, FieldName, Enabled_044, Nav_CGHOM_IND_044, Script_044, Mandatory_044, Mandatory_Message_044, Default_Value_044, Default_Datatype_044, Tab_Index_044) VALUES ( '3RVQ3QF7', '3RVQ3QD9', 'QE139_Cbo_TelephoneType', 1, 'Telephone type', NULL, 0, NULL, NULL, 't', NULL)
INSERT INTO Nav_Fields_CGHOM_IND( Nav_CGHOM_IND_ID, ParentID, FieldName, Enabled_044, Nav_CGHOM_IND_044, Script_044, Mandatory_044, Mandatory_Message_044, Default_Value_044, Default_Datatype_044, Tab_Index_044) VALUES ( '3RVQ3QF8', '3RVQ3QD9', 'QE139_Chk_ExDirectory', 1, 'Ex directory', NULL, 0, NULL, NULL, 'b', NULL)
INSERT INTO Nav_Fields_CGHOM_IND( Nav_CGHOM_IND_ID, ParentID, FieldName, Enabled_044, Nav_CGHOM_IND_044, Script_044, Mandatory_044, Mandatory_Message_044, Default_Value_044, Default_Datatype_044, Tab_Index_044) VALUES ( '3RVQ3QF9', '3RVQ3QD9', 'QE139_Txt_Extension', 1, 'Telephone extension', NULL, 0, NULL, NULL, 't', NULL)
INSERT INTO Nav_Fields_CGHOM_IND( Nav_CGHOM_IND_ID, ParentID, FieldName, Enabled_044, Nav_CGHOM_IND_044, Script_044, Mandatory_044, Mandatory_Message_044, Default_Value_044, Default_Datatype_044, Tab_Index_044) VALUES ( '3RVQ3QF0', '3RVQ3QD9', 'QE139_Txt_Number', 1, 'Telephone number', NULL, 0, NULL, NULL, 't', NULL)
INSERT INTO Nav_Fields_CGHOM_IND( Nav_CGHOM_IND_ID, ParentID, FieldName, Enabled_044, Nav_CGHOM_IND_044, Script_044, Mandatory_044, Mandatory_Message_044, Default_Value_044, Default_Datatype_044, Tab_Index_044) VALUES ( '3RVQ3QG0', '3RVQ3QD9', 'QE139_Lvw_Telephone', 1, 'Telephone list', NULL, 0, NULL, NULL, 'n', NULL)
INSERT INTO Nav_Fields_CGHOM_IND( Nav_CGHOM_IND_ID, ParentID, FieldName, Enabled_044, Nav_CGHOM_IND_044, Script_044, Mandatory_044, Mandatory_Message_044, Default_Value_044, Default_Datatype_044, Tab_Index_044) VALUES ( '3RVQ3QG1', '3RVQ3QD9', 'QE139_Txt_SecurityAnswer', 1, 'Security Answer', NULL, 0, NULL, NULL, 't', NULL)
INSERT INTO Nav_Fields_CGHOM_IND( Nav_CGHOM_IND_ID, ParentID, FieldName, Enabled_044, Nav_CGHOM_IND_044, Script_044, Mandatory_044, Mandatory_Message_044, Default_Value_044, Default_Datatype_044, Tab_Index_044) VALUES ( '3RVQ3QG2', '3RVQ3QD9', 'QE139_Cbo_Security_Question', 1, 'Security Question', NULL, 0, NULL, NULL, 't', NULL)
INSERT INTO Nav_Fields_CGHOM_IND( Nav_CGHOM_IND_ID, ParentID, FieldName, Enabled_044, Nav_CGHOM_IND_044, Script_044, Mandatory_044, Mandatory_Message_044, Default_Value_044, Default_Datatype_044, Tab_Index_044) VALUES ( '3RVQ3QG3', '3RVQ3QD9', 'QE139_Chk_RenewalQuote', 1, 'Prior Policy Renewal', NULL, 0, NULL, NULL, 'b', NULL)
INSERT INTO Nav_Fields_CGHOM_IND( Nav_CGHOM_IND_ID, ParentID, FieldName, Enabled_044, Nav_CGHOM_IND_044, Script_044, Mandatory_044, Mandatory_Message_044, Default_Value_044, Default_Datatype_044, Tab_Index_044) VALUES ( '3RVQ3QG4', '3RVQ3QD9', 'QE139_Chk_Instalments', 1, 'Instalments', NULL, 0, NULL, NULL, 'b', NULL)
INSERT INTO Nav_Fields_CGHOM_IND( Nav_CGHOM_IND_ID, ParentID, FieldName, Enabled_044, Nav_CGHOM_IND_044, Script_044, Mandatory_044, Mandatory_Message_044, Default_Value_044, Default_Datatype_044, Tab_Index_044) VALUES ( '3RVQ3QG5', '3RVQ3QD9', 'QE139_Txt_Email', 1, 'Email', NULL, 0, NULL, NULL, 't', NULL)
INSERT INTO Nav_Fields_CGHOM_IND( Nav_CGHOM_IND_ID, ParentID, FieldName, Enabled_044, Nav_CGHOM_IND_044, Script_044, Mandatory_044, Mandatory_Message_044, Default_Value_044, Default_Datatype_044, Tab_Index_044) VALUES ( '3RVQ3QG6', '3RVQ3QD9', 'QE139_Msk_DOB', 1, 'Date of Birth', NULL, 0, NULL, NULL, 'd', NULL)
INSERT INTO Nav_Fields_CGHOM_IND( Nav_CGHOM_IND_ID, ParentID, FieldName, Enabled_044, Nav_CGHOM_IND_044, Script_044, Mandatory_044, Mandatory_Message_044, Default_Value_044, Default_Datatype_044, Tab_Index_044) VALUES ( '3RVQ3QG7', '3RVQ3QD9', 'QE139_Txt_Confirm', 1, 'Confirm password', NULL, 0, NULL, NULL, 't', NULL)
INSERT INTO Nav_Fields_CGHOM_IND( Nav_CGHOM_IND_ID, ParentID, FieldName, Enabled_044, Nav_CGHOM_IND_044, Script_044, Mandatory_044, Mandatory_Message_044, Default_Value_044, Default_Datatype_044, Tab_Index_044) VALUES ( '3RVQ3QG8', '3RVQ3QD9', 'QE139_Txt_Password', 1, 'Password', NULL, 0, NULL, NULL, 't', NULL)
INSERT INTO Nav_Fields_CGHOM_IND( Nav_CGHOM_IND_ID, ParentID, FieldName, Enabled_044, Nav_CGHOM_IND_044, Script_044, Mandatory_044, Mandatory_Message_044, Default_Value_044, Default_Datatype_044, Tab_Index_044) VALUES ( '3RVQ3QH8', '3RVQ3QD9', 'QE139_Txt_MaidenName', 1, 'Maiden name', NULL, 0, NULL, NULL, 't', NULL)
INSERT INTO Nav_Fields_CGHOM_IND( Nav_CGHOM_IND_ID, ParentID, FieldName, Enabled_044, Nav_CGHOM_IND_044, Script_044, Mandatory_044, Mandatory_Message_044, Default_Value_044, Default_Datatype_044, Tab_Index_044) VALUES ( '3RVQ3QH9', '3RVQ3QD9', 'QE139_Cbo_Country', 1, 'Country', NULL, 0, NULL, NULL, 't', NULL)
INSERT INTO Nav_Fields_CGHOM_IND( Nav_CGHOM_IND_ID, ParentID, FieldName, Enabled_044, Nav_CGHOM_IND_044, Script_044, Mandatory_044, Mandatory_Message_044, Default_Value_044, Default_Datatype_044, Tab_Index_044) VALUES ( '3RVQ3QH0', '3RVQ3QD9', 'QE139_Txt_InputTaxCredit', 1, 'Input Tax Credit', NULL, 0, NULL, NULL, 't', NULL)
INSERT INTO Nav_Fields_CGHOM_IND( Nav_CGHOM_IND_ID, ParentID, FieldName, Enabled_044, Nav_CGHOM_IND_044, Script_044, Mandatory_044, Mandatory_Message_044, Default_Value_044, Default_Datatype_044, Tab_Index_044) VALUES ( '3RVQ3QH1', '3RVQ3QD9', 'QE139_Cmd_IND', 1, 'Telephone Add', NULL, 0, NULL, NULL, 'b', NULL)
INSERT INTO Nav_Fields_CGHOM_IND( Nav_CGHOM_IND_ID, ParentID, FieldName, Enabled_044, Nav_CGHOM_IND_044, Script_044, Mandatory_044, Mandatory_Message_044, Default_Value_044, Default_Datatype_044, Tab_Index_044) VALUES ( '3RVQ3QH2', '3RVQ3QD9', 'QE139_Cmd_Remove', 1, 'Telephone Remove', NULL, 0, NULL, NULL, 'b', NULL)
INSERT INTO Nav_Fields_CGHOM_IND( Nav_CGHOM_IND_ID, ParentID, FieldName, Enabled_044, Nav_CGHOM_IND_044, Script_044, Mandatory_044, Mandatory_Message_044, Default_Value_044, Default_Datatype_044, Tab_Index_044) VALUES ( '3RVQ3QH3', '3RVQ3QD9', 'QE139_Cmd_Search', 1, 'Postcode Search', NULL, 0, NULL, NULL, 'b', NULL)
INSERT INTO Nav_Fields_CGHOM_IND( Nav_CGHOM_IND_ID, ParentID, FieldName, Enabled_044, Nav_CGHOM_IND_044, Script_044, Mandatory_044, Mandatory_Message_044, Default_Value_044, Default_Datatype_044, Tab_Index_044) VALUES ( '3RVQ3QH4', '3RVQ3QD9', 'QE139_Msk_DateEstablished', 1, 'Date Established', NULL, 0, NULL, NULL, 'd', NULL)

--Contact and Marketing
INSERT INTO Nav_Forms_CGHOM_IND( Nav_CGHOM_IND_ID, Nav_CGHOM_IND, MoveAble, Enabled_044, Sequence_044, Nav_CGHOM_IND_044, Nav_Tbl_Tag_044) VALUES ( '3RVQ3QH5', 'QE140', 1, 1, 2, 'Contact and Marketing Details', NULL)
INSERT INTO Nav_Fields_CGHOM_IND( Nav_CGHOM_IND_ID, ParentID, FieldName, Enabled_044, Nav_CGHOM_IND_044, Script_044, Mandatory_044, Mandatory_Message_044, Default_Value_044, Default_Datatype_044, Tab_Index_044) VALUES ( '3RVQ3QH6', '3RVQ3QH5', 'QE140_Chk_TelephoneThird', 1, 'Allow telephone contact from third party', NULL, 0, NULL, '0', 'b', NULL)
INSERT INTO Nav_Fields_CGHOM_IND( Nav_CGHOM_IND_ID, ParentID, FieldName, Enabled_044, Nav_CGHOM_IND_044, Script_044, Mandatory_044, Mandatory_Message_044, Default_Value_044, Default_Datatype_044, Tab_Index_044) VALUES ( '3RVQ3QH7', '3RVQ3QH5', 'QE140_Chk_TelephoneAffinity', 1, 'Allow telephone contact from affinity', NULL, 0, NULL, '0', 'b', NULL)
INSERT INTO Nav_Fields_CGHOM_IND( Nav_CGHOM_IND_ID, ParentID, FieldName, Enabled_044, Nav_CGHOM_IND_044, Script_044, Mandatory_044, Mandatory_Message_044, Default_Value_044, Default_Datatype_044, Tab_Index_044) VALUES ( '3RVQ3QI7', '3RVQ3QH5', 'QE140_Chk_TelephoneAdministrator', 1, 'Allow telephone contact from administrator', NULL, 0, NULL, '0', 'b', NULL)
INSERT INTO Nav_Fields_CGHOM_IND( Nav_CGHOM_IND_ID, ParentID, FieldName, Enabled_044, Nav_CGHOM_IND_044, Script_044, Mandatory_044, Mandatory_Message_044, Default_Value_044, Default_Datatype_044, Tab_Index_044) VALUES ( '3RVQ3QI8', '3RVQ3QH5', 'QE140_Chk_MailingThird', 1, 'Allow mailings from third party', NULL, 0, NULL, '0', 'b', NULL)
INSERT INTO Nav_Fields_CGHOM_IND( Nav_CGHOM_IND_ID, ParentID, FieldName, Enabled_044, Nav_CGHOM_IND_044, Script_044, Mandatory_044, Mandatory_Message_044, Default_Value_044, Default_Datatype_044, Tab_Index_044) VALUES ( '3RVQ3QI9', '3RVQ3QH5', 'QE140_Chk_MailingAffinity', 1, 'Allow mailings from affinity', NULL, 0, NULL, '0', 'b', NULL)
INSERT INTO Nav_Fields_CGHOM_IND( Nav_CGHOM_IND_ID, ParentID, FieldName, Enabled_044, Nav_CGHOM_IND_044, Script_044, Mandatory_044, Mandatory_Message_044, Default_Value_044, Default_Datatype_044, Tab_Index_044) VALUES ( '3RVQ3QI0', '3RVQ3QH5', 'QE140_Chk_MailingAdministrator', 1, 'Allow mailings from administrator', NULL, 0, NULL, '0', 'b', NULL)
INSERT INTO Nav_Fields_CGHOM_IND( Nav_CGHOM_IND_ID, ParentID, FieldName, Enabled_044, Nav_CGHOM_IND_044, Script_044, Mandatory_044, Mandatory_Message_044, Default_Value_044, Default_Datatype_044, Tab_Index_044) VALUES ( '3RVQ3QI1', '3RVQ3QH5', 'QE140_Txt_RecommendedBy', 1, 'Referred By', NULL, 0, NULL, NULL, 't', NULL)
INSERT INTO Nav_Fields_CGHOM_IND( Nav_CGHOM_IND_ID, ParentID, FieldName, Enabled_044, Nav_CGHOM_IND_044, Script_044, Mandatory_044, Mandatory_Message_044, Default_Value_044, Default_Datatype_044, Tab_Index_044) VALUES ( '3RVQ3QI2', '3RVQ3QH5', 'QE140_Txt_Reference', 1, 'Reference', NULL, 0, NULL, NULL, 't', NULL)
INSERT INTO Nav_Fields_CGHOM_IND( Nav_CGHOM_IND_ID, ParentID, FieldName, Enabled_044, Nav_CGHOM_IND_044, Script_044, Mandatory_044, Mandatory_Message_044, Default_Value_044, Default_Datatype_044, Tab_Index_044) VALUES ( '3RVQ3QI3', '3RVQ3QH5', 'QE140_Cbo_Campaign', 1, 'Marketing source campaign', NULL, 0, NULL, NULL, 't', NULL)
INSERT INTO Nav_Fields_CGHOM_IND( Nav_CGHOM_IND_ID, ParentID, FieldName, Enabled_044, Nav_CGHOM_IND_044, Script_044, Mandatory_044, Mandatory_Message_044, Default_Value_044, Default_Datatype_044, Tab_Index_044) VALUES ( '3RVQ3QI4', '3RVQ3QH5', 'QE140_Cbo_Activity', 1, 'Marketing source activity', NULL, 0, NULL, NULL, 't', NULL)
INSERT INTO Nav_Fields_CGHOM_IND( Nav_CGHOM_IND_ID, ParentID, FieldName, Enabled_044, Nav_CGHOM_IND_044, Script_044, Mandatory_044, Mandatory_Message_044, Default_Value_044, Default_Datatype_044, Tab_Index_044) VALUES ( '3RVQ3QI5', '3RVQ3QH5', 'QE140_Cbo_Source', 1, 'Marketing source of business', NULL, 0, NULL, NULL, 't', NULL)
INSERT INTO Nav_Fields_CGHOM_IND( Nav_CGHOM_IND_ID, ParentID, FieldName, Enabled_044, Nav_CGHOM_IND_044, Script_044, Mandatory_044, Mandatory_Message_044, Default_Value_044, Default_Datatype_044, Tab_Index_044) VALUES ( '3RVQ3QJ5', '3RVQ3QH5', 'QE140_Chk_StopCorrespondence', 1, 'Stop Correspondence', NULL, 0, NULL, '0', 'b', NULL)
INSERT INTO Nav_Fields_CGHOM_IND( Nav_CGHOM_IND_ID, ParentID, FieldName, Enabled_044, Nav_CGHOM_IND_044, Script_044, Mandatory_044, Mandatory_Message_044, Default_Value_044, Default_Datatype_044, Tab_Index_044) VALUES ( '3RVQ3QJ6', '3RVQ3QH5', 'QE140_Cbo_Preferred', 1, 'Preferred contact method', NULL, 0, NULL, NULL, 't', NULL)
--Target Premium
INSERT INTO Nav_Forms_CGHOM_IND( Nav_CGHOM_IND_ID, Nav_CGHOM_IND, MoveAble, Enabled_044, Sequence_044, Nav_CGHOM_IND_044, Nav_Tbl_Tag_044) VALUES ( '3RVQ3QJ7', 'QE141', 1, 1, 3, 'Target Premium', NULL)
INSERT INTO Nav_Fields_CGHOM_IND( Nav_CGHOM_IND_ID, ParentID, FieldName, Enabled_044, Nav_CGHOM_IND_044, Script_044, Mandatory_044, Mandatory_Message_044, Default_Value_044, Default_Datatype_044, Tab_Index_044) VALUES ( '3RVQ3QJ8', '3RVQ3QJ7', 'QE141_Cbo_Insurer', 1, 'Best quote given by', NULL, 0, NULL, NULL, 't', NULL)
INSERT INTO Nav_Fields_CGHOM_IND( Nav_CGHOM_IND_ID, ParentID, FieldName, Enabled_044, Nav_CGHOM_IND_044, Script_044, Mandatory_044, Mandatory_Message_044, Default_Value_044, Default_Datatype_044, Tab_Index_044) VALUES ( '3RVQ3QJ9', '3RVQ3QJ7', 'QE141_Msk_CurrentRenewalDate', 1, 'Current renewal date', NULL, 0, NULL, NULL, 'd', NULL)
INSERT INTO Nav_Fields_CGHOM_IND( Nav_CGHOM_IND_ID, ParentID, FieldName, Enabled_044, Nav_CGHOM_IND_044, Script_044, Mandatory_044, Mandatory_Message_044, Default_Value_044, Default_Datatype_044, Tab_Index_044) VALUES ( '3RVQ3QJ0', '3RVQ3QJ7', 'QE141_CFd_Premium', 1, 'Previously quoted premium', NULL, 0, NULL, NULL, 'n', NULL)
--Cross Sales
INSERT INTO Nav_Forms_CGHOM_IND( Nav_CGHOM_IND_ID, Nav_CGHOM_IND, MoveAble, Enabled_044, Sequence_044, Nav_CGHOM_IND_044, Nav_Tbl_Tag_044) VALUES ( '3RVQ3QJ1', 'QE107', 1, 1, 4, 'Cross Sales', NULL)
INSERT INTO Nav_Fields_CGHOM_IND( Nav_CGHOM_IND_ID, ParentID, FieldName, Enabled_044, Nav_CGHOM_IND_044, Script_044, Mandatory_044, Mandatory_Message_044, Default_Value_044, Default_Datatype_044, Tab_Index_044) VALUES ( '3RVQ3QJ2', '3RVQ3QJ1', 'QE107_Cmb_Product', 1, 'Product', NULL, 0, NULL, NULL, 't', NULL)
INSERT INTO Nav_Fields_CGHOM_IND( Nav_CGHOM_IND_ID, ParentID, FieldName, Enabled_044, Nav_CGHOM_IND_044, Script_044, Mandatory_044, Mandatory_Message_044, Default_Value_044, Default_Datatype_044, Tab_Index_044) VALUES ( '3RVQ3QJ3', '3RVQ3QJ1', 'QE107_Msk_RenewalDate', 1, 'Renewal Date', NULL, 0, NULL, NULL, 'd', NULL)
INSERT INTO Nav_Fields_CGHOM_IND( Nav_CGHOM_IND_ID, ParentID, FieldName, Enabled_044, Nav_CGHOM_IND_044, Script_044, Mandatory_044, Mandatory_Message_044, Default_Value_044, Default_Datatype_044, Tab_Index_044) VALUES ( '3RVQ3QJ4', '3RVQ3QJ1', 'QE107_CFd_Premium', 1, 'Premium', NULL, 0, NULL, NULL, 'n', NULL)
INSERT INTO Nav_Fields_CGHOM_IND( Nav_CGHOM_IND_ID, ParentID, FieldName, Enabled_044, Nav_CGHOM_IND_044, Script_044, Mandatory_044, Mandatory_Message_044, Default_Value_044, Default_Datatype_044, Tab_Index_044) VALUES ( '3RVQ3QK4', '3RVQ3QJ1', 'QE107_Cmd_Add', 1, 'Add', NULL, 0, NULL, NULL, 'b', NULL)
INSERT INTO Nav_Fields_CGHOM_IND( Nav_CGHOM_IND_ID, ParentID, FieldName, Enabled_044, Nav_CGHOM_IND_044, Script_044, Mandatory_044, Mandatory_Message_044, Default_Value_044, Default_Datatype_044, Tab_Index_044) VALUES ( '3RVQ3QK5', '3RVQ3QJ1', 'QE107_Cmd_Remove', 1, 'Remove', NULL, 0, NULL, NULL, 'b', NULL)
INSERT INTO Nav_Fields_CGHOM_IND( Nav_CGHOM_IND_ID, ParentID, FieldName, Enabled_044, Nav_CGHOM_IND_044, Script_044, Mandatory_044, Mandatory_Message_044, Default_Value_044, Default_Datatype_044, Tab_Index_044) VALUES ( '3RVQ3QK6', '3RVQ3QJ1', 'QE107_Lvw_Products', 1, 'Product List', NULL, 0, NULL, NULL, 'n', NULL)
INSERT INTO Nav_Fields_CGHOM_IND( Nav_CGHOM_IND_ID, ParentID, FieldName, Enabled_044, Nav_CGHOM_IND_044, Script_044, Mandatory_044, Mandatory_Message_044, Default_Value_044, Default_Datatype_044, Tab_Index_044) VALUES ( '3RVQ3QK7', '3RVQ3QJ1', 'QE107_Cmb_Rating', 1, 'Rating', NULL, 0, NULL, NULL, 't', NULL)
--Extensions of Cover
INSERT INTO Nav_Forms_CGHOM_IND( Nav_CGHOM_IND_ID, Nav_CGHOM_IND, MoveAble, Enabled_044, Sequence_044, Nav_CGHOM_IND_044, Nav_Tbl_Tag_044) VALUES ( '3RVQ3QK8', 'QE151', 1, 0, 5, 'Extensions of Cover', NULL)
INSERT INTO Nav_Fields_CGHOM_IND( Nav_CGHOM_IND_ID, ParentID, FieldName, Enabled_044, Nav_CGHOM_IND_044, Script_044, Mandatory_044, Mandatory_Message_044, Default_Value_044, Default_Datatype_044, Tab_Index_044) VALUES ( '3RVQ3QK9', '3RVQ3QK8', 'QE151_Lvw_AddOn', 1, 'Extension List', NULL, 0, NULL, NULL, 'n', NULL)
--Add Ons
INSERT INTO Nav_Forms_CGHOM_IND( Nav_CGHOM_IND_ID, Nav_CGHOM_IND, MoveAble, Enabled_044, Sequence_044, Nav_CGHOM_IND_044, Nav_Tbl_Tag_044) VALUES ( '3RVQ3QK0', 'QE165', 1, 0, 6, 'Add Ons', NULL)
INSERT INTO Nav_Fields_CGHOM_IND( Nav_CGHOM_IND_ID, ParentID, FieldName, Enabled_044, Nav_CGHOM_IND_044, Script_044, Mandatory_044, Mandatory_Message_044, Default_Value_044, Default_Datatype_044, Tab_Index_044) VALUES ( '3RVQ3QK1', '3RVQ3QK0', 'QE165_Lvw_AddOn', 1, 'Add On List', NULL, 0, NULL, NULL, 'n', NULL)
--Policy Length
INSERT INTO Nav_Forms_CGHOM_IND( Nav_CGHOM_IND_ID, Nav_CGHOM_IND, MoveAble, Enabled_044, Sequence_044, Nav_CGHOM_IND_044, Nav_Tbl_Tag_044) VALUES ( '3RVQ3QK2', 'frmQE_PolicyLength', 1, 0, 7, 'Policy Length Details', NULL)
INSERT INTO Nav_Forms_CGHOM_IND( Nav_CGHOM_IND_ID, Nav_CGHOM_IND, MoveAble, Enabled_044, Sequence_044, Nav_CGHOM_IND_044, Nav_Tbl_Tag_044) VALUES ( '3RVQ3QK3', 'QE90', 1, 0, 8, 'Payment Plan', NULL)
--FSA
INSERT INTO Nav_Forms_CGHOM_IND( Nav_CGHOM_IND_ID, Nav_CGHOM_IND, MoveAble, Enabled_044, Sequence_044, Nav_CGHOM_IND_044, Nav_Tbl_Tag_044) VALUES ( '3RVQ3QL3', 'frmQE_FSAGeneral', 1, 0, 9, 'General FSA Declaration', NULL)      
    
--Summary
INSERT INTO Nav_Forms_CGHOM_IND( Nav_CGHOM_IND_ID, Nav_CGHOM_IND, MoveAble, Enabled_044, Sequence_044, Nav_CGHOM_IND_044, Nav_Tbl_Tag_044) VALUES ( '3RVQ3QL4', 'QS99', 1, 1, 14, 'Home Emergency Cover Summary', NULL)
GO
  
--Manual Amendment
INSERT INTO Nav_Forms_CGHOM_IND( Nav_CGHOM_IND_ID, Nav_CGHOM_IND, MoveAble, Enabled_044, Sequence_044, Nav_CGHOM_IND_044, Nav_Tbl_Tag_044) VALUES ( '3RVQ3QL5', 'frmQE_ManualAmendment', 0, 0, 1, 'Manual Amendment Prompt', NULL)
GO
  
INSERT INTO Nav_Forms_CGHOM_IND( Nav_CGHOM_IND_ID, Nav_CGHOM_IND, MoveAble, Enabled_044, Sequence_044, Nav_CGHOM_IND_044, Nav_Tbl_Tag_044) VALUES ( '3RVQ3QL6', 'TES_Screen_Builder\\CGHOM\frmHED.tst', 1, 1, 10, 'Home Emergency Details', NULL)
          
INSERT INTO Nav_Fields_CGHOM_IND( Nav_CGHOM_IND_ID, ParentID, FieldName, Enabled_044, Nav_CGHOM_IND_044, Script_044, Mandatory_044, Mandatory_Message_044, Default_Value_044, Default_Datatype_044, Tab_Index_044) VALUES ( '3RVQ3QL7', '3RVQ3QL6', 'txtPostSect', 1, 'txtPostSect', NULL, 0, NULL, NULL, 't', NULL)
					
INSERT INTO Nav_Fields_CGHOM_IND( Nav_CGHOM_IND_ID, ParentID, FieldName, Enabled_044, Nav_CGHOM_IND_044, Script_044, Mandatory_044, Mandatory_Message_044, Default_Value_044, Default_Datatype_044, Tab_Index_044) VALUES ( '3RVQ3QL8', '3RVQ3QL6', 'txtCountry', 1, 'txtCountry', NULL, 0, NULL, NULL, 't', NULL)
					
INSERT INTO Nav_Fields_CGHOM_IND( Nav_CGHOM_IND_ID, ParentID, FieldName, Enabled_044, Nav_CGHOM_IND_044, Script_044, Mandatory_044, Mandatory_Message_044, Default_Value_044, Default_Datatype_044, Tab_Index_044) VALUES ( '3RVQ3QL9', '3RVQ3QL6', 'txtCounty', 1, 'txtCounty', NULL, 0, NULL, NULL, 't', NULL)
					
INSERT INTO Nav_Fields_CGHOM_IND( Nav_CGHOM_IND_ID, ParentID, FieldName, Enabled_044, Nav_CGHOM_IND_044, Script_044, Mandatory_044, Mandatory_Message_044, Default_Value_044, Default_Datatype_044, Tab_Index_044) VALUES ( '3RVQ3QL0', '3RVQ3QL6', 'cmdPostSearch', 1, 'cmdPostSearch', NULL, 0, NULL, NULL, 'b', NULL)
			
INSERT INTO Nav_Fields_CGHOM_IND( Nav_CGHOM_IND_ID, ParentID, FieldName, Enabled_044, Nav_CGHOM_IND_044, Script_044, Mandatory_044, Mandatory_Message_044, Default_Value_044, Default_Datatype_044, Tab_Index_044) VALUES ( '3RVQ3QL1', '3RVQ3QL6', 'txtCity', 1, 'txtCity', NULL, 0, NULL, NULL, 't', NULL)
					
INSERT INTO Nav_Fields_CGHOM_IND( Nav_CGHOM_IND_ID, ParentID, FieldName, Enabled_044, Nav_CGHOM_IND_044, Script_044, Mandatory_044, Mandatory_Message_044, Default_Value_044, Default_Datatype_044, Tab_Index_044) VALUES ( '3RVQ3QM1', '3RVQ3QL6', 'txtLocality', 1, 'txtLocality', NULL, 0, NULL, NULL, 't', NULL)
					
INSERT INTO Nav_Fields_CGHOM_IND( Nav_CGHOM_IND_ID, ParentID, FieldName, Enabled_044, Nav_CGHOM_IND_044, Script_044, Mandatory_044, Mandatory_Message_044, Default_Value_044, Default_Datatype_044, Tab_Index_044) VALUES ( '3RVQ3QM2', '3RVQ3QL6', 'txtStreet', 1, 'txtStreet', NULL, 0, NULL, NULL, 't', NULL)
					
INSERT INTO Nav_Fields_CGHOM_IND( Nav_CGHOM_IND_ID, ParentID, FieldName, Enabled_044, Nav_CGHOM_IND_044, Script_044, Mandatory_044, Mandatory_Message_044, Default_Value_044, Default_Datatype_044, Tab_Index_044) VALUES ( '3RVQ3QM3', '3RVQ3QL6', 'txtHouse', 1, 'txtHouse', NULL, 0, NULL, NULL, 't', NULL)
					
INSERT INTO Nav_Fields_CGHOM_IND( Nav_CGHOM_IND_ID, ParentID, FieldName, Enabled_044, Nav_CGHOM_IND_044, Script_044, Mandatory_044, Mandatory_Message_044, Default_Value_044, Default_Datatype_044, Tab_Index_044) VALUES ( '3RVQ3QM4', '3RVQ3QL6', 'txtPostcode', 1, 'txtPostcode', NULL, 0, NULL, NULL, 't', NULL)
					
INSERT INTO Nav_Fields_CGHOM_IND( Nav_CGHOM_IND_ID, ParentID, FieldName, Enabled_044, Nav_CGHOM_IND_044, Script_044, Mandatory_044, Mandatory_Message_044, Default_Value_044, Default_Datatype_044, Tab_Index_044) VALUES ( '3RVQ3QM5', '3RVQ3QL6', 'cboMH', 1, 'cboMH', NULL, 0, NULL, NULL, 't', NULL)
			
INSERT INTO Nav_Fields_CGHOM_IND( Nav_CGHOM_IND_ID, ParentID, FieldName, Enabled_044, Nav_CGHOM_IND_044, Script_044, Mandatory_044, Mandatory_Message_044, Default_Value_044, Default_Datatype_044, Tab_Index_044) VALUES ( '3RVQ3QM6', '3RVQ3QL6', 'cboTCara', 1, 'cboTCara', NULL, 0, NULL, NULL, 't', NULL)
			
INSERT INTO Nav_Fields_CGHOM_IND( Nav_CGHOM_IND_ID, ParentID, FieldName, Enabled_044, Nav_CGHOM_IND_044, Script_044, Mandatory_044, Mandatory_Message_044, Default_Value_044, Default_Datatype_044, Tab_Index_044) VALUES ( '3RVQ3QM7', '3RVQ3QL6', 'cboHPCover', 1, 'cboHPCover', NULL, 0, NULL, NULL, 't', NULL)
			
INSERT INTO Nav_Fields_CGHOM_IND( Nav_CGHOM_IND_ID, ParentID, FieldName, Enabled_044, Nav_CGHOM_IND_044, Script_044, Mandatory_044, Mandatory_Message_044, Default_Value_044, Default_Datatype_044, Tab_Index_044) VALUES ( '3RVQ3QM8', '3RVQ3QL6', 'cboHC', 1, 'cboHC', NULL, 0, NULL, NULL, 't', NULL)
			
INSERT INTO Nav_Fields_CGHOM_IND( Nav_CGHOM_IND_ID, ParentID, FieldName, Enabled_044, Nav_CGHOM_IND_044, Script_044, Mandatory_044, Mandatory_Message_044, Default_Value_044, Default_Datatype_044, Tab_Index_044) VALUES ( '3RVQ3QM9', '3RVQ3QL6', 'cboMR', 1, 'cboMR', NULL, 0, NULL, NULL, 't', NULL)
			
INSERT INTO Nav_Forms_CGHOM_IND( Nav_CGHOM_IND_ID, Nav_CGHOM_IND, MoveAble, Enabled_044, Sequence_044, Nav_CGHOM_IND_044, Nav_Tbl_Tag_044) VALUES ( '3RVQ3QM0', 'TES_Screen_Builder\\CGHOM\frmPROPDET.tst', 1, 1, 9, 'Proposer Details', NULL)
          
INSERT INTO Nav_Fields_CGHOM_IND( Nav_CGHOM_IND_ID, ParentID, FieldName, Enabled_044, Nav_CGHOM_IND_044, Script_044, Mandatory_044, Mandatory_Message_044, Default_Value_044, Default_Datatype_044, Tab_Index_044) VALUES ( '3RVQ3QN0', '3RVQ3QM0', 'cboEmpStat', 1, 'cboEmpStat', NULL, 0, NULL, NULL, 't', NULL)
			
INSERT INTO Nav_Fields_CGHOM_IND( Nav_CGHOM_IND_ID, ParentID, FieldName, Enabled_044, Nav_CGHOM_IND_044, Script_044, Mandatory_044, Mandatory_Message_044, Default_Value_044, Default_Datatype_044, Tab_Index_044) VALUES ( '3RVQ3QN1', '3RVQ3QM0', 'cboEmpBus', 1, 'cboEmpBus', NULL, 0, NULL, NULL, 't', NULL)
			
INSERT INTO Nav_Fields_CGHOM_IND( Nav_CGHOM_IND_ID, ParentID, FieldName, Enabled_044, Nav_CGHOM_IND_044, Script_044, Mandatory_044, Mandatory_Message_044, Default_Value_044, Default_Datatype_044, Tab_Index_044) VALUES ( '3RVQ3QN2', '3RVQ3QM0', 'cboOccupation', 1, 'cboOccupation', NULL, 0, NULL, NULL, 't', NULL)
			
INSERT INTO Nav_Fields_CGHOM_IND( Nav_CGHOM_IND_ID, ParentID, FieldName, Enabled_044, Nav_CGHOM_IND_044, Script_044, Mandatory_044, Mandatory_Message_044, Default_Value_044, Default_Datatype_044, Tab_Index_044) VALUES ( '3RVQ3QN3', '3RVQ3QM0', 'mskDOB', 1, 'mskDOB', NULL, 0, NULL, NULL, 'd', NULL)
			
INSERT INTO Nav_Fields_CGHOM_IND( Nav_CGHOM_IND_ID, ParentID, FieldName, Enabled_044, Nav_CGHOM_IND_044, Script_044, Mandatory_044, Mandatory_Message_044, Default_Value_044, Default_Datatype_044, Tab_Index_044) VALUES ( '3RVQ3QN4', '3RVQ3QM0', 'txtSurname', 1, 'txtSurname', NULL, 0, NULL, NULL, 't', NULL)
					
INSERT INTO Nav_Fields_CGHOM_IND( Nav_CGHOM_IND_ID, ParentID, FieldName, Enabled_044, Nav_CGHOM_IND_044, Script_044, Mandatory_044, Mandatory_Message_044, Default_Value_044, Default_Datatype_044, Tab_Index_044) VALUES ( '3RVQ3QN5', '3RVQ3QM0', 'txtInitial', 1, 'txtInitial', NULL, 0, NULL, NULL, 't', NULL)
					
INSERT INTO Nav_Fields_CGHOM_IND( Nav_CGHOM_IND_ID, ParentID, FieldName, Enabled_044, Nav_CGHOM_IND_044, Script_044, Mandatory_044, Mandatory_Message_044, Default_Value_044, Default_Datatype_044, Tab_Index_044) VALUES ( '3RVQ3QN6', '3RVQ3QM0', 'txtForename', 1, 'txtForename', NULL, 0, NULL, NULL, 't', NULL)
					
INSERT INTO Nav_Fields_CGHOM_IND( Nav_CGHOM_IND_ID, ParentID, FieldName, Enabled_044, Nav_CGHOM_IND_044, Script_044, Mandatory_044, Mandatory_Message_044, Default_Value_044, Default_Datatype_044, Tab_Index_044) VALUES ( '3RVQ3QN7', '3RVQ3QM0', 'cboTitle', 1, 'cboTitle', NULL, 0, NULL, NULL, 't', NULL)
			
INSERT INTO Nav_Forms_CGHOM_IND( Nav_CGHOM_IND_ID, Nav_CGHOM_IND, MoveAble, Enabled_044, Sequence_044, Nav_CGHOM_IND_044, Nav_Tbl_Tag_044) VALUES ( '3RVQ3QN8', 'TES_Screen_Builder\\CGHOM\frmGeneral.tst', 1, 1, 9, 'General Questions', NULL)
          
INSERT INTO Nav_Fields_CGHOM_IND( Nav_CGHOM_IND_ID, ParentID, FieldName, Enabled_044, Nav_CGHOM_IND_044, Script_044, Mandatory_044, Mandatory_Message_044, Default_Value_044, Default_Datatype_044, Tab_Index_044) VALUES ( '3RVQ3QN9', '3RVQ3QN8', 'txtDetails', 1, 'Details', NULL, 0, NULL, NULL, 't', NULL)
					
INSERT INTO Nav_Fields_CGHOM_IND( Nav_CGHOM_IND_ID, ParentID, FieldName, Enabled_044, Nav_CGHOM_IND_044, Script_044, Mandatory_044, Mandatory_Message_044, Default_Value_044, Default_Datatype_044, Tab_Index_044) VALUES ( '3RVQ3QO9', '3RVQ3QN8', 'chkRequested', 1, 'Requested', NULL, 0, NULL, NULL, 'b', NULL)
			
INSERT INTO Nav_Fields_CGHOM_IND( Nav_CGHOM_IND_ID, ParentID, FieldName, Enabled_044, Nav_CGHOM_IND_044, Script_044, Mandatory_044, Mandatory_Message_044, Default_Value_044, Default_Datatype_044, Tab_Index_044) VALUES ( '3RVQ3QO0', '3RVQ3QN8', 'chkConvicted', 1, 'Convicted', NULL, 0, NULL, NULL, 'b', NULL)
			
INSERT INTO Nav_Fields_CGHOM_IND( Nav_CGHOM_IND_ID, ParentID, FieldName, Enabled_044, Nav_CGHOM_IND_044, Script_044, Mandatory_044, Mandatory_Message_044, Default_Value_044, Default_Datatype_044, Tab_Index_044) VALUES ( '3RVQ3QO1', '3RVQ3QN8', 'chkRefused', 1, 'Refused', NULL, 0, NULL, NULL, 'b', NULL)
			
    
  GO  

    
  GO  

    
  GO  
				    		
			
DECLARE @TABLENAME VARCHAR(50)
DECLARE @TABLESUFFIX VARCHAR(50)
DECLARE @SQL VARCHAR(8000)

DECLARE PERMISSION_CURSOR CURSOR FOR SELECT NAME FROM SYSOBJECTS WHERE NAME LIKE 'NAV_FORMS_CGHOM%'

	  OPEN PERMISSION_CURSOR

	  FETCH NEXT FROM PERMISSION_CURSOR INTO @TABLENAME

	  WHILE @@FETCH_STATUS = 0
	  BEGIN
	  SELECT @TABLESUFFIX = SUBSTRING(@TABLENAME, LEN('NAV_FORMS_') + 1, LEN(@TABLENAME) - LEN('NAV_FORMS_'))
	  SELECT @SQL = 'DELETE NAV_PERM_' + @TABLESUFFIX
	  EXEC (@SQL)
	  SELECT @SQL = 'INSERT INTO NAV_PERM_' + @TABLESUFFIX + ' SELECT NEWID(), NAV_' + @TABLESUFFIX + '_ID, ROLE_ID FROM NAV_FIELDS_' + @TABLESUFFIX + ', SYSTEM_ROLE WHERE ENABLED_044 = 1'
	  EXEC (@SQL)

	  FETCH NEXT FROM PERMISSION_CURSOR INTO @TABLENAME

	  END

	  CLOSE PERMISSION_CURSOR
	  DEALLOCATE PERMISSION_CURSOR
	  GO

	  --Get Base navigation table from System_RM_Partner
	  DECLARE @TABLENAME VARCHAR(50)
	  DECLARE @TABLESUFFIX VARCHAR(50)
	  DECLARE @SQL VARCHAR(8000)

	  DECLARE TABLE_CURSOR CURSOR FAST_FORWARD FOR
	  SELECT BASENAVTABLE FROM RM_Partner

	  OPEN TABLE_CURSOR

	  FETCH NEXT FROM TABLE_CURSOR INTO @TABLENAME

	  WHILE @@FETCH_STATUS = 0
	  BEGIN
	SELECT @TABLESUFFIX = SUBSTRING(@TABLENAME, LEN('NAV_FORMS_') + 1, LEN(@TABLENAME) - LEN('NAV_FORMS_'))

	SELECT @SQL = 'DECLARE @SEQUENCE044 AS int'
	SELECT @SQL = @SQL + Char(13) + 'SELECT @SEQUENCE044 = IsNull(Max(SEQUENCE_044) + 1, 1) FROM NAV_FORMS_' + @TABLESUFFIX
	
	SELECT @SQL = @SQL + Char(13) + 'IF NOT EXISTS (SELECT NAV_' + @TABLESUFFIX + '_ID FROM NAV_FORMS_' + @TABLESUFFIX + ' WHERE NAV_' + @TABLESUFFIX + ' = ''&+CGHOM_NEW'')' 
	SELECT @SQL = @SQL + Char(13) + 'INSERT NAV_FORMS_' + @TABLESUFFIX + ' VALUES (''3RVQ3QO2'',''&+CGHOM_NEW'',0,1,@SEQUENCE044,''Home Emergency Cover New Quote Screens'',NULL)'
	
	SELECT @SQL = @SQL + Char(13) + 'IF NOT EXISTS (SELECT NAV_' + @TABLESUFFIX + '_ID FROM NAV_FORMS_' + @TABLESUFFIX + ' WHERE NAV_' + @TABLESUFFIX + ' = ''&+CGHOM_ADD'')' 
	SELECT @SQL = @SQL + Char(13) + 'INSERT NAV_FORMS_' + @TABLESUFFIX + ' VALUES (''3RVQ3QO3'',''&+CGHOM_ADD'',0,1,@SEQUENCE044+1,''Home Emergency Cover Add Quote Screens'',NULL)'
	
	SELECT @SQL = @SQL + Char(13) + 'IF NOT EXISTS (SELECT NAV_' + @TABLESUFFIX + '_ID FROM NAV_FORMS_' + @TABLESUFFIX + ' WHERE NAV_' + @TABLESUFFIX + ' = ''&+CGHOM_QUICK'')'
	SELECT @SQL = @SQL + Char(13) + 'INSERT NAV_FORMS_' + @TABLESUFFIX + ' VALUES (''3RVQ3QO4'',''&+CGHOM_QUICK'',0,1,@SEQUENCE044+2,''Home Emergency Cover Quick Quote Screens'',NULL)'
  
  SELECT @SQL = @SQL + Char(13) + 'IF NOT EXISTS (SELECT NAV_' + @TABLESUFFIX + '_ID FROM NAV_FORMS_' + @TABLESUFFIX + ' WHERE NAV_' + @TABLESUFFIX + ' = ''&+CGHOM_PST'')'
	SELECT @SQL = @SQL + Char(13) + 'INSERT NAV_FORMS_' + @TABLESUFFIX + ' VALUES (''3RVQ3QO5'',''&+CGHOM_PST'',0,1,@SEQUENCE044+3,''Home Emergency Cover Post Quote Screens'',NULL)'
	
	SELECT @SQL = @SQL + Char(13) + 'IF NOT EXISTS (SELECT NAV_' + @TABLESUFFIX + '_ID FROM NAV_FORMS_' + @TABLESUFFIX + ' WHERE NAV_' + @TABLESUFFIX + ' = ''&+CGHOM_IND'')'
	SELECT @SQL = @SQL + Char(13) + 'INSERT NAV_FORMS_' + @TABLESUFFIX + ' VALUES (''3RVQ3QO6'',''&+CGHOM_IND'',0,1,@SEQUENCE044+4,''Home Emergency Cover Independent Screens'',NULL)'	
	
	EXEC (@SQL)
	
	FETCH NEXT FROM TABLE_CURSOR INTO @TABLENAME
END

CLOSE TABLE_CURSOR
DEALLOCATE TABLE_CURSOR
GO

--User Tables
		
if exists (select * from dbo.sysobjects where id = object_id(N'[dbo].[USER_CGHOM_PROPDET_LINK]') and OBJECTPROPERTY(id, N'IsUserTable') = 1)
drop table [dbo].[USER_CGHOM_PROPDET_LINK]
GO
		
				
if exists (select * from dbo.sysobjects where id = object_id(N'[dbo].[USER_CGHOM_HED]') and OBJECTPROPERTY(id, N'IsUserTable') = 1)
	drop table [dbo].[USER_CGHOM_HED]
GO
			
				
if exists (select * from dbo.sysobjects where id = object_id(N'[dbo].[USER_CGHOM_PROPDET]') and OBJECTPROPERTY(id, N'IsUserTable') = 1)
	drop table [dbo].[USER_CGHOM_PROPDET]
GO
			
				
if exists (select * from dbo.sysobjects where id = object_id(N'[dbo].[USER_CGHOM_GENERAL]') and OBJECTPROPERTY(id, N'IsUserTable') = 1)
	drop table [dbo].[USER_CGHOM_GENERAL]
GO
			
CREATE TABLE [dbo].[USER_CGHOM_HED] (	
	[CGHOM_HED_ID] [CHAR] (32) NOT NULL ,
	[HISTORY_ID] [INT] NOT NULL ,
	[POLICY_DETAILS_ID] [CHAR] (32) NOT NULL,
    [CITY] [VARCHAR] (200) NULL,
    [LOCALITY] [VARCHAR] (200) NULL,
    [STREET] [VARCHAR] (200) NULL,
    [HOUSE] [VARCHAR] (200) NULL,
    [POSTCODE] [VARCHAR] (200) NULL,
    [MH_ID] [VARCHAR] (8) NULL,
    [TCARA_ID] [VARCHAR] (8) NULL,
    [HC_ID] [VARCHAR] (8) NULL,
    [MR_ID] [VARCHAR] (8) NULL,
    [HPCOVER_ID] [VARCHAR] (8) NULL,
    [COUNTY] [VARCHAR] (200) NULL,
    [POSTSECT] [VARCHAR] (200) NULL,
    [COUNTRY] [VARCHAR] (200) NULL,
    
	[USERINSTANCE] [INT] NULL
) ON [PRIMARY]
GO


ALTER TABLE [dbo].[USER_CGHOM_HED] WITH NOCHECK ADD 
	CONSTRAINT [PK_U_CGHOM_HED] PRIMARY KEY  CLUSTERED 
	(
		[CGHOM_HED_ID],
		[HISTORY_ID]
	)  ON [PRIMARY] 
GO


ALTER TABLE [dbo].[USER_CGHOM_HED] WITH NOCHECK ADD 					
	CONSTRAINT [DF_UCGHOM_HED3RVQ3QP8] DEFAULT ('0') FOR [MH_ID]
GO
ALTER TABLE [dbo].[USER_CGHOM_HED] WITH NOCHECK ADD 					
	CONSTRAINT [DF_UCGHOM_HED3RVQ3QP9] DEFAULT ('0') FOR [TCARA_ID]
GO
ALTER TABLE [dbo].[USER_CGHOM_HED] WITH NOCHECK ADD 					
	CONSTRAINT [DF_UCGHOM_HED3RVQ3QP0] DEFAULT ('0') FOR [HC_ID]
GO
ALTER TABLE [dbo].[USER_CGHOM_HED] WITH NOCHECK ADD 					
	CONSTRAINT [DF_UCGHOM_HED3RVQ3QP1] DEFAULT ('0') FOR [MR_ID]
GO
ALTER TABLE [dbo].[USER_CGHOM_HED] WITH NOCHECK ADD 					
	CONSTRAINT [DF_UCGHOM_HED3RVQ3QP2] DEFAULT ('0') FOR [HPCOVER_ID]
GO
GO

CREATE  INDEX [IDX_UCGHOM_HED] ON [dbo].[USER_CGHOM_HED]([POLICY_DETAILS_ID], [HISTORY_ID]) ON [PRIMARY]				
GO	

GRANT  SELECT  ON [dbo].[USER_CGHOM_HED]  TO [TRANSACTORUSERS]
GO

GRANT  SELECT  ON [dbo].[USER_CGHOM_HED]  TO [TRANSACTORPMUSERS]
GO


ALTER TABLE [dbo].[USER_CGHOM_HED] ADD 

	CONSTRAINT [FK_UCGHOM_HED] FOREIGN KEY 
	(
		[POLICY_DETAILS_ID],
		[HISTORY_ID]
	) REFERENCES [dbo].[CUSTOMER_POLICY_DETAILS] (
		[POLICY_DETAILS_ID],
		[HISTORY_ID]
	) NOT FOR REPLICATION
GO	
	
ALTER TABLE [dbo].[USER_CGHOM_HED] ADD 
	CONSTRAINT [FK_UCGHOM_HED3RVQ3QP3] FOREIGN KEY 
	(
		[MH_ID]
    
	) REFERENCES [dbo].[LIST_HEM_MH_COVER] (
		[HEM_MH_COVER_ID]
	)	NOT FOR REPLICATION
	
GO
ALTER TABLE [dbo].[USER_CGHOM_HED] ADD 
	CONSTRAINT [FK_UCGHOM_HED3RVQ3QP4] FOREIGN KEY 
	(
		[TCARA_ID]
    
	) REFERENCES [dbo].[LIST_HEM_TC_MH] (
		[HEM_TC_MH_ID]
	)	NOT FOR REPLICATION
	
GO
ALTER TABLE [dbo].[USER_CGHOM_HED] ADD 
	CONSTRAINT [FK_UCGHOM_HED3RVQ3QP5] FOREIGN KEY 
	(
		[HC_ID]
    
	) REFERENCES [dbo].[LIST_HEM_HH_HP_PH] (
		[HEM_HH_HP_PH_ID]
	)	NOT FOR REPLICATION
	
GO
ALTER TABLE [dbo].[USER_CGHOM_HED] ADD 
	CONSTRAINT [FK_UCGHOM_HED3RVQ3QP6] FOREIGN KEY 
	(
		[MR_ID]
    
	) REFERENCES [dbo].[LIST_HEM_MAIN_COVER] (
		[HEM_MAIN_COVER_ID]
	)	NOT FOR REPLICATION
	
GO
ALTER TABLE [dbo].[USER_CGHOM_HED] ADD 
	CONSTRAINT [FK_UCGHOM_HED3RVQ3QQ6] FOREIGN KEY 
	(
		[HPCOVER_ID]
    
	) REFERENCES [dbo].[LIST_HEM_HP_COVER] (
		[HEM_HP_COVER_ID]
	)	NOT FOR REPLICATION
	
GO
 
IF EXISTS (SELECT * FROM DBO.SYSOBJECTS WHERE ID = OBJECT_ID(N'[DBO].[USER_READ_CGHOM_HED]') AND OBJECTPROPERTY(ID, N'ISPROCEDURE') = 1)
DROP PROCEDURE [DBO].[USER_READ_CGHOM_HED]
GO
			
SET QUOTED_IDENTIFIER OFF 
GO
SET ANSI_NULLS ON 
GO

CREATE PROCEDURE DBO.USER_READ_CGHOM_HED (

@POLICY_DETAILS_ID CHAR(32),
@HISTORY_ID INT    
  

)	

AS
	
SELECT	
	USER_CGHOM_HED.[CGHOM_HED_ID], 

  USER_CGHOM_HED.[HISTORY_ID],
	USER_CGHOM_HED.[POLICY_DETAILS_ID]
		,
	USER_CGHOM_HED.[CITY],
	USER_CGHOM_HED.[LOCALITY],
	USER_CGHOM_HED.[STREET],
	USER_CGHOM_HED.[HOUSE],
	USER_CGHOM_HED.[POSTCODE],MH_ALIAS.[HEM_MH_COVER_ID] as MH_ID,
	MH_ALIAS.[HEM_MH_COVER_DEBUG] as MH_DEBUG,TCARA_ALIAS.[HEM_TC_MH_ID] as TCARA_ID,
	TCARA_ALIAS.[HEM_TC_MH_DEBUG] as TCARA_DEBUG,HC_ALIAS.[HEM_HH_HP_PH_ID] as HC_ID,
	HC_ALIAS.[HEM_HH_HP_PH_DEBUG] as HC_DEBUG,MR_ALIAS.[HEM_MAIN_COVER_ID] as MR_ID,
	MR_ALIAS.[HEM_MAIN_COVER_DEBUG] as MR_DEBUG,HPCOVER_ALIAS.[HEM_HP_COVER_ID] as HPCOVER_ID,
	HPCOVER_ALIAS.[HEM_HP_COVER_DEBUG] as HPCOVER_DEBUG,
	USER_CGHOM_HED.[COUNTY],
	USER_CGHOM_HED.[POSTSECT],
	USER_CGHOM_HED.[COUNTRY],
	USER_CGHOM_HED.USERINSTANCE
FROM		
	USER_CGHOM_HED
	INNER JOIN LIST_HEM_MH_COVER as MH_ALIAS ON USER_CGHOM_HED.[MH_ID] = MH_ALIAS.[HEM_MH_COVER_ID]
	INNER JOIN LIST_HEM_TC_MH as TCARA_ALIAS ON USER_CGHOM_HED.[TCARA_ID] = TCARA_ALIAS.[HEM_TC_MH_ID]
	INNER JOIN LIST_HEM_HH_HP_PH as HC_ALIAS ON USER_CGHOM_HED.[HC_ID] = HC_ALIAS.[HEM_HH_HP_PH_ID]
	INNER JOIN LIST_HEM_MAIN_COVER as MR_ALIAS ON USER_CGHOM_HED.[MR_ID] = MR_ALIAS.[HEM_MAIN_COVER_ID]
	INNER JOIN LIST_HEM_HP_COVER as HPCOVER_ALIAS ON USER_CGHOM_HED.[HPCOVER_ID] = HPCOVER_ALIAS.[HEM_HP_COVER_ID]
WHERE
  USER_CGHOM_HED.POLICY_DETAILS_ID = @POLICY_DETAILS_ID 
	AND USER_CGHOM_HED.HISTORY_ID = @HISTORY_ID      
    
ORDER BY
	USER_CGHOM_HED.USERINSTANCE ASC
		
GO

SET QUOTED_IDENTIFIER OFF 
GO
SET ANSI_NULLS ON 
GO

GRANT  EXECUTE  ON [DBO].[USER_READ_CGHOM_HED]  TO [TRANSACTORUSERS]
GO

GRANT  EXECUTE  ON [DBO].[USER_READ_CGHOM_HED]  TO [TRANSACTORPMUSERS]
GO

    
IF EXISTS (SELECT * FROM DBO.SYSOBJECTS WHERE ID = OBJECT_ID(N'[DBO].[USER_SAVE_CGHOM_HED]') AND OBJECTPROPERTY(ID, N'ISPROCEDURE') = 1)
DROP PROCEDURE [DBO].[USER_SAVE_CGHOM_HED]
GO

SET QUOTED_IDENTIFIER OFF 
GO
SET ANSI_NULLS ON 
GO

CREATE PROCEDURE DBO.USER_SAVE_CGHOM_HED

@CGHOM_HED_ID [CHAR](32), 

@HISTORY_ID [INT],
@POLICY_DETAILS_ID [CHAR](32),
				
@CITY [VARCHAR] (200),
				
@LOCALITY [VARCHAR] (200),
				
@STREET [VARCHAR] (200),
				
@HOUSE [VARCHAR] (200),
				
@POSTCODE [VARCHAR] (200),
@MH_ID [VARCHAR] (8),
@TCARA_ID [VARCHAR] (8),
@HC_ID [VARCHAR] (8),
@MR_ID [VARCHAR] (8),
@HPCOVER_ID [VARCHAR] (8),
				
@COUNTY [VARCHAR] (200),
				
@POSTSECT [VARCHAR] (200),
				
@COUNTRY [VARCHAR] (200),
@USERINSTANCE [INT]

AS

INSERT INTO 
USER_CGHOM_HED
(
	CGHOM_HED_ID, 

	HISTORY_ID,
	POLICY_DETAILS_ID,
	[CITY],
	[LOCALITY],
	[STREET],
	[HOUSE],
	[POSTCODE],
	[MH_ID] ,
	[TCARA_ID] ,
	[HC_ID] ,
	[MR_ID] ,
	[HPCOVER_ID] ,
	[COUNTY],
	[POSTSECT],
	[COUNTRY],
	USERINSTANCE
) VALUES (
	@CGHOM_HED_ID, 

	@HISTORY_ID,
   @POLICY_DETAILS_ID,
	@CITY,
	@LOCALITY,
	@STREET,
	@HOUSE,
	@POSTCODE,
	@MH_ID,
	@TCARA_ID,
	@HC_ID,
	@MR_ID,
	@HPCOVER_ID,
	@COUNTY,
	@POSTSECT,
	@COUNTRY,
	@USERINSTANCE
)
GO

SET QUOTED_IDENTIFIER OFF 
GO
SET ANSI_NULLS ON 
GO

GRANT  EXECUTE  ON [DBO].[USER_SAVE_CGHOM_HED]  TO [TRANSACTORUSERS]
GO

GRANT  EXECUTE  ON [DBO].[USER_SAVE_CGHOM_HED]  TO [TRANSACTORPMUSERS]
GO    
      
IF EXISTS (SELECT * FROM DBO.SYSOBJECTS WHERE ID = OBJECT_ID(N'[DBO].[USER_UPDATE_CGHOM_HED]') AND OBJECTPROPERTY(ID, N'ISPROCEDURE') = 1)
DROP PROCEDURE [DBO].[USER_UPDATE_CGHOM_HED]
GO

SET QUOTED_IDENTIFIER OFF 
GO
SET ANSI_NULLS ON 
GO

CREATE PROCEDURE DBO.USER_UPDATE_CGHOM_HED

@CGHOM_HED_ID [CHAR](32), 

@HISTORY_ID [INT],    
@POLICY_DETAILS_ID [CHAR](32),
				
@CITY [VARCHAR] (200),
				
@LOCALITY [VARCHAR] (200),
				
@STREET [VARCHAR] (200),
				
@HOUSE [VARCHAR] (200),
				
@POSTCODE [VARCHAR] (200),
@MH_ID [VARCHAR] (8),
@TCARA_ID [VARCHAR] (8),
@HC_ID [VARCHAR] (8),
@MR_ID [VARCHAR] (8),
@HPCOVER_ID [VARCHAR] (8),
				
@COUNTY [VARCHAR] (200),
				
@POSTSECT [VARCHAR] (200),
				
@COUNTRY [VARCHAR] (200),
@USERINSTANCE [INT]

AS

SET NOCOUNT ON

UPDATE
  USER_CGHOM_HED
SET
  [CGHOM_HED_ID] = @CGHOM_HED_ID,  
  
  [HISTORY_ID] = @HISTORY_ID,
  [POLICY_DETAILS_ID] = @POLICY_DETAILS_ID,
  [CITY] = @CITY,
  [LOCALITY] = @LOCALITY,
  [STREET] = @STREET,
  [HOUSE] = @HOUSE,
  [POSTCODE] = @POSTCODE,
  [MH_ID] = @MH_ID,
  [TCARA_ID] = @TCARA_ID,
  [HC_ID] = @HC_ID,
  [MR_ID] = @MR_ID,
  [HPCOVER_ID] = @HPCOVER_ID,
  [COUNTY] = @COUNTY,
  [POSTSECT] = @POSTSECT,
  [COUNTRY] = @COUNTRY,      
  [USERINSTANCE] = @USERINSTANCE
WHERE
  [CGHOM_HED_ID] = @CGHOM_HED_ID

  AND [HISTORY_ID] = @HISTORY_ID      


GO

SET QUOTED_IDENTIFIER OFF 
GO
SET ANSI_NULLS ON 
GO

GRANT  EXECUTE  ON [DBO].[USER_UPDATE_CGHOM_HED]  TO [TRANSACTORUSERS], [TRANSACTORPMUSERS]
GO
  
 
IF EXISTS (SELECT * FROM DBO.SYSOBJECTS WHERE ID = OBJECT_ID(N'[DBO].[USER_DELETE_CGHOM_HED]') AND OBJECTPROPERTY(ID, N'ISPROCEDURE') = 1)
DROP PROCEDURE [DBO].[USER_DELETE_CGHOM_HED]
GO
			
SET QUOTED_IDENTIFIER OFF 
GO
SET ANSI_NULLS ON 
GO

CREATE PROCEDURE DBO.USER_DELETE_CGHOM_HED (

@CGHOM_HED_ID [CHAR](32), 
@HISTORY_ID INT    
)	

AS

SET NOCOUNT ON

DELETE USER_CGHOM_HED WHERE [CGHOM_HED_ID] = @CGHOM_HED_ID AND [HISTORY_ID] = @HISTORY_ID
  
GO

SET QUOTED_IDENTIFIER OFF 
GO
SET ANSI_NULLS ON 
GO

GRANT  EXECUTE  ON [DBO].[USER_DELETE_CGHOM_HED]  TO [TRANSACTORUSERS], [TRANSACTORPMUSERS]
GO

CREATE TABLE [dbo].[USER_CGHOM_PROPDET] (	
	[CGHOM_PROPDET_ID] [CHAR] (32) NOT NULL ,
	[HISTORY_ID] [INT] NOT NULL ,
	[POLICY_DETAILS_ID] [CHAR] (32) NOT NULL,
    [EMPSTAT_ID] [VARCHAR] (8) NULL,
    [OCCUPATION_ID] [VARCHAR] (8) NULL,
    [DOB] [DATETIME] NULL,
    [SURNAME] [VARCHAR] (200) NULL,
    [INITIAL] [VARCHAR] (200) NULL,
    [FORENAME] [VARCHAR] (200) NULL,
    [TITLE_ID] [VARCHAR] (8) NULL,
    [EMPBUS_ID] [VARCHAR] (8) NULL,
    
	[USERINSTANCE] [INT] NULL
) ON [PRIMARY]
GO


ALTER TABLE [dbo].[USER_CGHOM_PROPDET] WITH NOCHECK ADD 
	CONSTRAINT [PK_U_CGHOM_PROPDET] PRIMARY KEY  CLUSTERED 
	(
		[CGHOM_PROPDET_ID],
		[HISTORY_ID]
	)  ON [PRIMARY] 
GO


ALTER TABLE [dbo].[USER_CGHOM_PROPDET] WITH NOCHECK ADD 					
	CONSTRAINT [DF_UCGHOM_PROPDET3RVQ3QQ1] DEFAULT ('0') FOR [EMPSTAT_ID]
GO
ALTER TABLE [dbo].[USER_CGHOM_PROPDET] WITH NOCHECK ADD 					
	CONSTRAINT [DF_UCGHOM_PROPDET3RVQ3QQ2] DEFAULT ('0') FOR [OCCUPATION_ID]
GO
ALTER TABLE [dbo].[USER_CGHOM_PROPDET] WITH NOCHECK ADD 					
	CONSTRAINT [DF_UCGHOM_PROPDET3RVQ3QQ3] DEFAULT ('0') FOR [TITLE_ID]
GO
ALTER TABLE [dbo].[USER_CGHOM_PROPDET] WITH NOCHECK ADD 					
	CONSTRAINT [DF_UCGHOM_PROPDET3RVQ3QQ4] DEFAULT ('0') FOR [EMPBUS_ID]
GO
GO

CREATE  INDEX [IDX_UCGHOM_PROPDET] ON [dbo].[USER_CGHOM_PROPDET]([POLICY_DETAILS_ID], [HISTORY_ID]) ON [PRIMARY]				
GO	

GRANT  SELECT  ON [dbo].[USER_CGHOM_PROPDET]  TO [TRANSACTORUSERS]
GO

GRANT  SELECT  ON [dbo].[USER_CGHOM_PROPDET]  TO [TRANSACTORPMUSERS]
GO


ALTER TABLE [dbo].[USER_CGHOM_PROPDET] ADD 

	CONSTRAINT [FK_UCGHOM_PROPDET] FOREIGN KEY 
	(
		[POLICY_DETAILS_ID],
		[HISTORY_ID]
	) REFERENCES [dbo].[CUSTOMER_POLICY_DETAILS] (
		[POLICY_DETAILS_ID],
		[HISTORY_ID]
	) NOT FOR REPLICATION
GO	
	
ALTER TABLE [dbo].[USER_CGHOM_PROPDET] ADD 
	CONSTRAINT [FK_UCGHOM_PROPDET3RVQ3QQ5] FOREIGN KEY 
	(
		[EMPSTAT_ID]
    
	) REFERENCES [dbo].[LIST_EMPLOYMENT_STATUS] (
		[EMPLOYMENT_STATUS_ID]
	)	NOT FOR REPLICATION
	
GO
ALTER TABLE [dbo].[USER_CGHOM_PROPDET] ADD 
	CONSTRAINT [FK_UCGHOM_PROPDET3RVQ3QR5] FOREIGN KEY 
	(
		[OCCUPATION_ID]
    
	) REFERENCES [dbo].[LIST_OCCUPATION] (
		[OCCUPATION_ID]
	)	NOT FOR REPLICATION
	
GO
ALTER TABLE [dbo].[USER_CGHOM_PROPDET] ADD 
	CONSTRAINT [FK_UCGHOM_PROPDET3RVQ3QR6] FOREIGN KEY 
	(
		[TITLE_ID]
    
	) REFERENCES [dbo].[LIST_TITLE] (
		[TITLE_ID]
	)	NOT FOR REPLICATION
	
GO
ALTER TABLE [dbo].[USER_CGHOM_PROPDET] ADD 
	CONSTRAINT [FK_UCGHOM_PROPDET3RVQ3QR7] FOREIGN KEY 
	(
		[EMPBUS_ID]
    
	) REFERENCES [dbo].[LIST_EMPLOYERS_BUS] (
		[EMPLOYERS_BUS_ID]
	)	NOT FOR REPLICATION
	
GO
 
IF EXISTS (SELECT * FROM DBO.SYSOBJECTS WHERE ID = OBJECT_ID(N'[DBO].[USER_READ_CGHOM_PROPDET]') AND OBJECTPROPERTY(ID, N'ISPROCEDURE') = 1)
DROP PROCEDURE [DBO].[USER_READ_CGHOM_PROPDET]
GO
			
SET QUOTED_IDENTIFIER OFF 
GO
SET ANSI_NULLS ON 
GO

CREATE PROCEDURE DBO.USER_READ_CGHOM_PROPDET (

@POLICY_DETAILS_ID CHAR(32),
@HISTORY_ID INT    
  

)	

AS
	
SELECT	
	USER_CGHOM_PROPDET.[CGHOM_PROPDET_ID], 

  USER_CGHOM_PROPDET.[HISTORY_ID],
	USER_CGHOM_PROPDET.[POLICY_DETAILS_ID]
		,EMPSTAT_ALIAS.[EMPLOYMENT_STATUS_ID] as EMPSTAT_ID,
	EMPSTAT_ALIAS.[EMPLOYMENT_STATUS_DEBUG] as EMPSTAT_DEBUG,OCCUPATION_ALIAS.[OCCUPATION_ID] as OCCUPATION_ID,
	OCCUPATION_ALIAS.[OCCUPATION_DEBUG] as OCCUPATION_DEBUG,
	USER_CGHOM_PROPDET.[DOB],
	USER_CGHOM_PROPDET.[SURNAME],
	USER_CGHOM_PROPDET.[INITIAL],
	USER_CGHOM_PROPDET.[FORENAME],TITLE_ALIAS.[TITLE_ID] as TITLE_ID,
	TITLE_ALIAS.[TITLE_DEBUG] as TITLE_DEBUG,EMPBUS_ALIAS.[EMPLOYERS_BUS_ID] as EMPBUS_ID,
	EMPBUS_ALIAS.[EMPLOYERS_BUS_DEBUG] as EMPBUS_DEBUG
			,[INSURED_PARTY_ID] as LINK_ID
		,
	USER_CGHOM_PROPDET.USERINSTANCE
FROM		
	USER_CGHOM_PROPDET
	INNER JOIN LIST_EMPLOYMENT_STATUS as EMPSTAT_ALIAS ON USER_CGHOM_PROPDET.[EMPSTAT_ID] = EMPSTAT_ALIAS.[EMPLOYMENT_STATUS_ID]
	INNER JOIN LIST_OCCUPATION as OCCUPATION_ALIAS ON USER_CGHOM_PROPDET.[OCCUPATION_ID] = OCCUPATION_ALIAS.[OCCUPATION_ID]
	INNER JOIN LIST_TITLE as TITLE_ALIAS ON USER_CGHOM_PROPDET.[TITLE_ID] = TITLE_ALIAS.[TITLE_ID]
	INNER JOIN LIST_EMPLOYERS_BUS as EMPBUS_ALIAS ON USER_CGHOM_PROPDET.[EMPBUS_ID] = EMPBUS_ALIAS.[EMPLOYERS_BUS_ID]
			LEFT OUTER JOIN USER_CGHOM_PROPDET_LINK ON (USER_CGHOM_PROPDET.[CGHOM_PROPDET_ID] = USER_CGHOM_PROPDET_LINK.[CGHOM_PROPDET_ID] and USER_CGHOM_PROPDET.[HISTORY_ID] = USER_CGHOM_PROPDET_LINK.[HISTORY_ID])
		
WHERE
  USER_CGHOM_PROPDET.POLICY_DETAILS_ID = @POLICY_DETAILS_ID 
	AND USER_CGHOM_PROPDET.HISTORY_ID = @HISTORY_ID      
    
ORDER BY
	USER_CGHOM_PROPDET.USERINSTANCE ASC
		
GO

SET QUOTED_IDENTIFIER OFF 
GO
SET ANSI_NULLS ON 
GO

GRANT  EXECUTE  ON [DBO].[USER_READ_CGHOM_PROPDET]  TO [TRANSACTORUSERS]
GO

GRANT  EXECUTE  ON [DBO].[USER_READ_CGHOM_PROPDET]  TO [TRANSACTORPMUSERS]
GO

    
IF EXISTS (SELECT * FROM DBO.SYSOBJECTS WHERE ID = OBJECT_ID(N'[DBO].[USER_SAVE_CGHOM_PROPDET]') AND OBJECTPROPERTY(ID, N'ISPROCEDURE') = 1)
DROP PROCEDURE [DBO].[USER_SAVE_CGHOM_PROPDET]
GO

SET QUOTED_IDENTIFIER OFF 
GO
SET ANSI_NULLS ON 
GO

CREATE PROCEDURE DBO.USER_SAVE_CGHOM_PROPDET

@CGHOM_PROPDET_ID [CHAR](32), 

@HISTORY_ID [INT],
@POLICY_DETAILS_ID [CHAR](32),
@EMPSTAT_ID [VARCHAR] (8),
@OCCUPATION_ID [VARCHAR] (8),
@DOB [DATETIME],
				
@SURNAME [VARCHAR] (200),
				
@INITIAL [VARCHAR] (200),
				
@FORENAME [VARCHAR] (200),
@TITLE_ID [VARCHAR] (8),
@EMPBUS_ID [VARCHAR] (8),
@USERINSTANCE [INT]

AS

INSERT INTO 
USER_CGHOM_PROPDET
(
	CGHOM_PROPDET_ID, 

	HISTORY_ID,
	POLICY_DETAILS_ID,
	[EMPSTAT_ID] ,
	[OCCUPATION_ID] ,
	[DOB],
	[SURNAME],
	[INITIAL],
	[FORENAME],
	[TITLE_ID] ,
	[EMPBUS_ID] ,
	USERINSTANCE
) VALUES (
	@CGHOM_PROPDET_ID, 

	@HISTORY_ID,
   @POLICY_DETAILS_ID,
	@EMPSTAT_ID,
	@OCCUPATION_ID,
	@DOB,
	@SURNAME,
	@INITIAL,
	@FORENAME,
	@TITLE_ID,
	@EMPBUS_ID,
	@USERINSTANCE
)
GO

SET QUOTED_IDENTIFIER OFF 
GO
SET ANSI_NULLS ON 
GO

GRANT  EXECUTE  ON [DBO].[USER_SAVE_CGHOM_PROPDET]  TO [TRANSACTORUSERS]
GO

GRANT  EXECUTE  ON [DBO].[USER_SAVE_CGHOM_PROPDET]  TO [TRANSACTORPMUSERS]
GO    
      
IF EXISTS (SELECT * FROM DBO.SYSOBJECTS WHERE ID = OBJECT_ID(N'[DBO].[USER_UPDATE_CGHOM_PROPDET]') AND OBJECTPROPERTY(ID, N'ISPROCEDURE') = 1)
DROP PROCEDURE [DBO].[USER_UPDATE_CGHOM_PROPDET]
GO

SET QUOTED_IDENTIFIER OFF 
GO
SET ANSI_NULLS ON 
GO

CREATE PROCEDURE DBO.USER_UPDATE_CGHOM_PROPDET

@CGHOM_PROPDET_ID [CHAR](32), 

@HISTORY_ID [INT],    
@POLICY_DETAILS_ID [CHAR](32),
@EMPSTAT_ID [VARCHAR] (8),
@OCCUPATION_ID [VARCHAR] (8),
@DOB [DATETIME],
				
@SURNAME [VARCHAR] (200),
				
@INITIAL [VARCHAR] (200),
				
@FORENAME [VARCHAR] (200),
@TITLE_ID [VARCHAR] (8),
@EMPBUS_ID [VARCHAR] (8),
@USERINSTANCE [INT]

AS

SET NOCOUNT ON

UPDATE
  USER_CGHOM_PROPDET
SET
  [CGHOM_PROPDET_ID] = @CGHOM_PROPDET_ID,  
  
  [HISTORY_ID] = @HISTORY_ID,
  [POLICY_DETAILS_ID] = @POLICY_DETAILS_ID,
  [EMPSTAT_ID] = @EMPSTAT_ID,
  [OCCUPATION_ID] = @OCCUPATION_ID,
  [DOB] = @DOB,
  [SURNAME] = @SURNAME,
  [INITIAL] = @INITIAL,
  [FORENAME] = @FORENAME,
  [TITLE_ID] = @TITLE_ID,
  [EMPBUS_ID] = @EMPBUS_ID,      
  [USERINSTANCE] = @USERINSTANCE
WHERE
  [CGHOM_PROPDET_ID] = @CGHOM_PROPDET_ID

  AND [HISTORY_ID] = @HISTORY_ID      


GO

SET QUOTED_IDENTIFIER OFF 
GO
SET ANSI_NULLS ON 
GO

GRANT  EXECUTE  ON [DBO].[USER_UPDATE_CGHOM_PROPDET]  TO [TRANSACTORUSERS], [TRANSACTORPMUSERS]
GO
  
 
IF EXISTS (SELECT * FROM DBO.SYSOBJECTS WHERE ID = OBJECT_ID(N'[DBO].[USER_DELETE_CGHOM_PROPDET]') AND OBJECTPROPERTY(ID, N'ISPROCEDURE') = 1)
DROP PROCEDURE [DBO].[USER_DELETE_CGHOM_PROPDET]
GO
			
SET QUOTED_IDENTIFIER OFF 
GO
SET ANSI_NULLS ON 
GO

CREATE PROCEDURE DBO.USER_DELETE_CGHOM_PROPDET (

@CGHOM_PROPDET_ID [CHAR](32), 
@HISTORY_ID INT    
)	

AS

SET NOCOUNT ON

DELETE USER_CGHOM_PROPDET WHERE [CGHOM_PROPDET_ID] = @CGHOM_PROPDET_ID AND [HISTORY_ID] = @HISTORY_ID
  
GO

SET QUOTED_IDENTIFIER OFF 
GO
SET ANSI_NULLS ON 
GO

GRANT  EXECUTE  ON [DBO].[USER_DELETE_CGHOM_PROPDET]  TO [TRANSACTORUSERS], [TRANSACTORPMUSERS]
GO

CREATE TABLE [dbo].[USER_CGHOM_GENERAL] (	
	[CGHOM_GENERAL_ID] [CHAR] (32) NOT NULL ,
	[HISTORY_ID] [INT] NOT NULL ,
	[POLICY_DETAILS_ID] [CHAR] (32) NOT NULL,
    [DETAILS] [VARCHAR] (8000) NULL,
    [REQUESTED] [BIT] NULL,
    [CONVICTED] [BIT] NULL,
    [REFUSED] [BIT] NULL,
    
	[USERINSTANCE] [INT] NULL
) ON [PRIMARY]
GO


ALTER TABLE [dbo].[USER_CGHOM_GENERAL] WITH NOCHECK ADD 
	CONSTRAINT [PK_U_CGHOM_GENERAL] PRIMARY KEY  CLUSTERED 
	(
		[CGHOM_GENERAL_ID],
		[HISTORY_ID]
	)  ON [PRIMARY] 
GO


ALTER TABLE [dbo].[USER_CGHOM_GENERAL] WITH NOCHECK ADD 				
	CONSTRAINT [DF_UCGHOM_GENERAL3RVQ3QR8] DEFAULT (0) FOR [REQUESTED]
GO
ALTER TABLE [dbo].[USER_CGHOM_GENERAL] WITH NOCHECK ADD 				
	CONSTRAINT [DF_UCGHOM_GENERAL3RVQ3QR9] DEFAULT (0) FOR [CONVICTED]
GO
ALTER TABLE [dbo].[USER_CGHOM_GENERAL] WITH NOCHECK ADD 				
	CONSTRAINT [DF_UCGHOM_GENERAL3RVQ3QR0] DEFAULT (0) FOR [REFUSED]
GO
GO

CREATE  INDEX [IDX_UCGHOM_GENERAL] ON [dbo].[USER_CGHOM_GENERAL]([POLICY_DETAILS_ID], [HISTORY_ID]) ON [PRIMARY]				
GO	

GRANT  SELECT  ON [dbo].[USER_CGHOM_GENERAL]  TO [TRANSACTORUSERS]
GO

GRANT  SELECT  ON [dbo].[USER_CGHOM_GENERAL]  TO [TRANSACTORPMUSERS]
GO


ALTER TABLE [dbo].[USER_CGHOM_GENERAL] ADD 

	CONSTRAINT [FK_UCGHOM_GENERAL] FOREIGN KEY 
	(
		[POLICY_DETAILS_ID],
		[HISTORY_ID]
	) REFERENCES [dbo].[CUSTOMER_POLICY_DETAILS] (
		[POLICY_DETAILS_ID],
		[HISTORY_ID]
	) NOT FOR REPLICATION
GO	
	
 
IF EXISTS (SELECT * FROM DBO.SYSOBJECTS WHERE ID = OBJECT_ID(N'[DBO].[USER_READ_CGHOM_GENERAL]') AND OBJECTPROPERTY(ID, N'ISPROCEDURE') = 1)
DROP PROCEDURE [DBO].[USER_READ_CGHOM_GENERAL]
GO
			
SET QUOTED_IDENTIFIER OFF 
GO
SET ANSI_NULLS ON 
GO

CREATE PROCEDURE DBO.USER_READ_CGHOM_GENERAL (

@POLICY_DETAILS_ID CHAR(32),
@HISTORY_ID INT    
  

)	

AS
	
SELECT	
	USER_CGHOM_GENERAL.[CGHOM_GENERAL_ID], 

  USER_CGHOM_GENERAL.[HISTORY_ID],
	USER_CGHOM_GENERAL.[POLICY_DETAILS_ID]
		,
	USER_CGHOM_GENERAL.[DETAILS],
	USER_CGHOM_GENERAL.[REQUESTED],
	USER_CGHOM_GENERAL.[CONVICTED],
	USER_CGHOM_GENERAL.[REFUSED],
	USER_CGHOM_GENERAL.USERINSTANCE
FROM		
	USER_CGHOM_GENERAL
WHERE
  USER_CGHOM_GENERAL.POLICY_DETAILS_ID = @POLICY_DETAILS_ID 
	AND USER_CGHOM_GENERAL.HISTORY_ID = @HISTORY_ID      
    
ORDER BY
	USER_CGHOM_GENERAL.USERINSTANCE ASC
		
GO

SET QUOTED_IDENTIFIER OFF 
GO
SET ANSI_NULLS ON 
GO

GRANT  EXECUTE  ON [DBO].[USER_READ_CGHOM_GENERAL]  TO [TRANSACTORUSERS]
GO

GRANT  EXECUTE  ON [DBO].[USER_READ_CGHOM_GENERAL]  TO [TRANSACTORPMUSERS]
GO

    
IF EXISTS (SELECT * FROM DBO.SYSOBJECTS WHERE ID = OBJECT_ID(N'[DBO].[USER_SAVE_CGHOM_GENERAL]') AND OBJECTPROPERTY(ID, N'ISPROCEDURE') = 1)
DROP PROCEDURE [DBO].[USER_SAVE_CGHOM_GENERAL]
GO

SET QUOTED_IDENTIFIER OFF 
GO
SET ANSI_NULLS ON 
GO

CREATE PROCEDURE DBO.USER_SAVE_CGHOM_GENERAL

@CGHOM_GENERAL_ID [CHAR](32), 

@HISTORY_ID [INT],
@POLICY_DETAILS_ID [CHAR](32),
				
@DETAILS [VARCHAR] (8000),
@REQUESTED [BIT],
@CONVICTED [BIT],
@REFUSED [BIT],
@USERINSTANCE [INT]

AS

INSERT INTO 
USER_CGHOM_GENERAL
(
	CGHOM_GENERAL_ID, 

	HISTORY_ID,
	POLICY_DETAILS_ID,
	[DETAILS],
	[REQUESTED],
	[CONVICTED],
	[REFUSED],
	USERINSTANCE
) VALUES (
	@CGHOM_GENERAL_ID, 

	@HISTORY_ID,
   @POLICY_DETAILS_ID,
	@DETAILS,
	@REQUESTED,
	@CONVICTED,
	@REFUSED,
	@USERINSTANCE
)
GO

SET QUOTED_IDENTIFIER OFF 
GO
SET ANSI_NULLS ON 
GO

GRANT  EXECUTE  ON [DBO].[USER_SAVE_CGHOM_GENERAL]  TO [TRANSACTORUSERS]
GO

GRANT  EXECUTE  ON [DBO].[USER_SAVE_CGHOM_GENERAL]  TO [TRANSACTORPMUSERS]
GO    
      
IF EXISTS (SELECT * FROM DBO.SYSOBJECTS WHERE ID = OBJECT_ID(N'[DBO].[USER_UPDATE_CGHOM_GENERAL]') AND OBJECTPROPERTY(ID, N'ISPROCEDURE') = 1)
DROP PROCEDURE [DBO].[USER_UPDATE_CGHOM_GENERAL]
GO

SET QUOTED_IDENTIFIER OFF 
GO
SET ANSI_NULLS ON 
GO

CREATE PROCEDURE DBO.USER_UPDATE_CGHOM_GENERAL

@CGHOM_GENERAL_ID [CHAR](32), 

@HISTORY_ID [INT],    
@POLICY_DETAILS_ID [CHAR](32),
				
@DETAILS [VARCHAR] (8000),
@REQUESTED [BIT],
@CONVICTED [BIT],
@REFUSED [BIT],
@USERINSTANCE [INT]

AS

SET NOCOUNT ON

UPDATE
  USER_CGHOM_GENERAL
SET
  [CGHOM_GENERAL_ID] = @CGHOM_GENERAL_ID,  
  
  [HISTORY_ID] = @HISTORY_ID,
  [POLICY_DETAILS_ID] = @POLICY_DETAILS_ID,
  [DETAILS] = @DETAILS,
  [REQUESTED] = @REQUESTED,
  [CONVICTED] = @CONVICTED,
  [REFUSED] = @REFUSED,      
  [USERINSTANCE] = @USERINSTANCE
WHERE
  [CGHOM_GENERAL_ID] = @CGHOM_GENERAL_ID

  AND [HISTORY_ID] = @HISTORY_ID      


GO

SET QUOTED_IDENTIFIER OFF 
GO
SET ANSI_NULLS ON 
GO

GRANT  EXECUTE  ON [DBO].[USER_UPDATE_CGHOM_GENERAL]  TO [TRANSACTORUSERS], [TRANSACTORPMUSERS]
GO
  
 
IF EXISTS (SELECT * FROM DBO.SYSOBJECTS WHERE ID = OBJECT_ID(N'[DBO].[USER_DELETE_CGHOM_GENERAL]') AND OBJECTPROPERTY(ID, N'ISPROCEDURE') = 1)
DROP PROCEDURE [DBO].[USER_DELETE_CGHOM_GENERAL]
GO
			
SET QUOTED_IDENTIFIER OFF 
GO
SET ANSI_NULLS ON 
GO

CREATE PROCEDURE DBO.USER_DELETE_CGHOM_GENERAL (

@CGHOM_GENERAL_ID [CHAR](32), 
@HISTORY_ID INT    
)	

AS

SET NOCOUNT ON

DELETE USER_CGHOM_GENERAL WHERE [CGHOM_GENERAL_ID] = @CGHOM_GENERAL_ID AND [HISTORY_ID] = @HISTORY_ID
  
GO

SET QUOTED_IDENTIFIER OFF 
GO
SET ANSI_NULLS ON 
GO

GRANT  EXECUTE  ON [DBO].[USER_DELETE_CGHOM_GENERAL]  TO [TRANSACTORUSERS], [TRANSACTORPMUSERS]
GO

IF EXISTS (SELECT * FROM DBO.SYSOBJECTS WHERE ID = OBJECT_ID(N'[DBO].[USER_DELETE_CGHOM]') AND OBJECTPROPERTY(ID, N'ISPROCEDURE') = 1)
DROP PROCEDURE [DBO].[USER_DELETE_CGHOM]
GO

SET QUOTED_IDENTIFIER OFF 
GO
SET ANSI_NULLS ON 
GO

CREATE PROCEDURE DBO.USER_DELETE_CGHOM

@POLICY_DETAILS_ID CHAR(32),
@HISTORY_ID INT

AS



DELETE USER_CGHOM_HED
WHERE CGHOM_HED_ID IN
(

SELECT CGHOM_HED_ID FROM USER_CGHOM_HED WHERE (POLICY_DETAILS_ID = @POLICY_DETAILS_ID AND HISTORY_ID = @HISTORY_ID)
				
)
AND HISTORY_ID = @HISTORY_ID

		

DELETE USER_CGHOM_PROPDET
WHERE CGHOM_PROPDET_ID IN
(

SELECT CGHOM_PROPDET_ID FROM USER_CGHOM_PROPDET WHERE (POLICY_DETAILS_ID = @POLICY_DETAILS_ID AND HISTORY_ID = @HISTORY_ID)
				
)
AND HISTORY_ID = @HISTORY_ID

		

DELETE USER_CGHOM_GENERAL
WHERE CGHOM_GENERAL_ID IN
(

SELECT CGHOM_GENERAL_ID FROM USER_CGHOM_GENERAL WHERE (POLICY_DETAILS_ID = @POLICY_DETAILS_ID AND HISTORY_ID = @HISTORY_ID)
				
)
AND HISTORY_ID = @HISTORY_ID

		

GO
SET QUOTED_IDENTIFIER OFF 
GO
SET ANSI_NULLS ON 
GO

GRANT  EXECUTE  ON [DBO].[USER_DELETE_CGHOM]  TO [TRANSACTORUSERS]
GO

GRANT  EXECUTE  ON [DBO].[USER_DELETE_CGHOM]  TO [TRANSACTORPMUSERS]
GO    
  
--User Link Tables
		
			
if exists (select * from dbo.sysobjects where id = object_id(N'[dbo].[USER_CGHOM_PROPDET_LINK]') and OBJECTPROPERTY(id, N'IsUserTable') = 1)
drop table [dbo].[USER_CGHOM_PROPDET_LINK]
GO

CREATE TABLE [dbo].[USER_CGHOM_PROPDET_LINK] (	
	[CGHOM_PROPDET_LINK_ID] [CHAR] (32) NOT NULL ,
	[HISTORY_ID] [INT] NOT NULL ,
	[POLICY_DETAILS_ID] [CHAR] (32) NOT NULL ,
	[CGHOM_PROPDET_ID] [CHAR] (32) NOT NULL ,
	[INSURED_PARTY_ID] [CHAR] (32) NOT NULL,
	[INSURED_PARTY_HISTORY_ID] [INT] NOT NULL
) ON [PRIMARY]
GO		

ALTER TABLE [dbo].[USER_CGHOM_PROPDET_LINK] WITH NOCHECK ADD 
	CONSTRAINT [PK_U_CGHOM_PROPDET_LINK] PRIMARY KEY  CLUSTERED 
	(
		[CGHOM_PROPDET_LINK_ID],
		[HISTORY_ID]
	)  ON [PRIMARY] 
GO

CREATE INDEX [IX_UCGHOM_PROPDET_LK_USE] ON [dbo].[USER_CGHOM_PROPDET_LINK]([CGHOM_PROPDET_ID], [HISTORY_ID]) ON [PRIMARY]
GO
CREATE INDEX [IX_UCGHOM_PROPDET_LK_POL] ON [dbo].[USER_CGHOM_PROPDET_LINK]([POLICY_DETAILS_ID], [HISTORY_ID]) ON [PRIMARY]
GO
CREATE INDEX [IX_UCGHOM_PROPDET_LK_CLI] ON [dbo].[USER_CGHOM_PROPDET_LINK]([INSURED_PARTY_ID], [INSURED_PARTY_HISTORY_ID]) ON [PRIMARY]
GO

GRANT  SELECT  ON [dbo].[USER_CGHOM_PROPDET_LINK]  TO [TRANSACTORUSERS]
GO
GRANT  SELECT  ON [dbo].[USER_CGHOM_PROPDET_LINK]  TO [TRANSACTORPMUSERS]
GO

ALTER TABLE [dbo].[USER_CGHOM_PROPDET_LINK] ADD 
	CONSTRAINT [FK_UCGHOM_PROPDET_LINK_USE] FOREIGN KEY 
	(
		[CGHOM_PROPDET_ID],
		[HISTORY_ID]
	) REFERENCES [dbo].[USER_CGHOM_PROPDET] (
		[CGHOM_PROPDET_ID],
		[HISTORY_ID]
	) NOT FOR REPLICATION
GO

ALTER TABLE [dbo].[USER_CGHOM_PROPDET_LINK] ADD 
	CONSTRAINT [FK_UCGHOM_PROPDET_LINK_POL] FOREIGN KEY 
	(
		[POLICY_DETAILS_ID],
		[HISTORY_ID]
	) REFERENCES [dbo].[CUSTOMER_POLICY_DETAILS] (
		[POLICY_DETAILS_ID],
		[HISTORY_ID]
	) NOT FOR REPLICATION
GO	

ALTER TABLE [dbo].[USER_CGHOM_PROPDET_LINK] ADD 
	CONSTRAINT [FK_UCGHOM_PROPDET_LINK_CLI] FOREIGN KEY 
	(
		[INSURED_PARTY_ID],
		[INSURED_PARTY_HISTORY_ID]
	) REFERENCES [dbo].[CUSTOMER_INSURED_PARTY] (
		[INSURED_PARTY_ID],
		[HISTORY_ID]
	) NOT FOR REPLICATION
GO	

IF EXISTS (SELECT * FROM DBO.SYSOBJECTS WHERE ID = OBJECT_ID(N'[DBO].[USER_SAVE_CGHOM_PROPDET_LINK]') AND OBJECTPROPERTY(ID, N'ISPROCEDURE') = 1)
DROP PROCEDURE [DBO].[USER_SAVE_CGHOM_PROPDET_LINK]
GO

SET QUOTED_IDENTIFIER OFF 
GO
SET ANSI_NULLS ON 
GO

CREATE PROCEDURE DBO.USER_SAVE_CGHOM_PROPDET_LINK

@CGHOM_PROPDET_LINK_ID CHAR(32),
@HISTORY_ID INT,
@POLICY_DETAILS_ID CHAR(32),
@CGHOM_PROPDET_ID CHAR(32),
@INSURED_PARTY_ID CHAR(32),
@INSURED_PARTY_HISTORY_ID INT
	
AS

INSERT INTO 
USER_CGHOM_PROPDET_LINK
(
	CGHOM_PROPDET_LINK_ID,
	HISTORY_ID,
	POLICY_DETAILS_ID,
	CGHOM_PROPDET_ID,
	INSURED_PARTY_ID,
	INSURED_PARTY_HISTORY_ID  
) VALUES (
	@CGHOM_PROPDET_LINK_ID,
	@HISTORY_ID,
	@POLICY_DETAILS_ID,
	@CGHOM_PROPDET_ID,
	@INSURED_PARTY_ID,
	@INSURED_PARTY_HISTORY_ID  
)
GO

GRANT  EXECUTE  ON [DBO].[USER_SAVE_CGHOM_PROPDET_LINK]  TO [TRANSACTORUSERS]
GO

GRANT  EXECUTE  ON [DBO].[USER_SAVE_CGHOM_PROPDET_LINK]  TO [TRANSACTORPMUSERS]
GO

IF EXISTS (SELECT * FROM DBO.SYSOBJECTS WHERE ID = OBJECT_ID(N'[DBO].[USER_READ_CGHOM_PROPDET_LINK]') AND OBJECTPROPERTY(ID, N'ISPROCEDURE') = 1)
DROP PROCEDURE [DBO].[USER_READ_CGHOM_PROPDET_LINK]
GO

CREATE PROCEDURE DBO.USER_READ_CGHOM_PROPDET_LINK

@CGHOM_PROPDET_ID CHAR(32),
@HISTORY_ID INT

AS

	SELECT
	[CGHOM_PROPDET_LINK_ID],
	[HISTORY_ID],
	[POLICY_DETAILS_ID],
	[CGHOM_PROPDET_ID],
	[INSURED_PARTY_ID],
  [INSURED_PARTY_HISTORY_ID]
FROM
	USER_CGHOM_PROPDET_LINK
WHERE
	CGHOM_PROPDET_ID = @CGHOM_PROPDET_ID
	AND HISTORY_ID = @HISTORY_ID

GO

GRANT  EXECUTE  ON [DBO].[USER_READ_CGHOM_PROPDET_LINK]  TO [TRANSACTORUSERS]
GO

GRANT  EXECUTE  ON [DBO].[USER_READ_CGHOM_PROPDET_LINK]  TO [TRANSACTORPMUSERS]
GO

IF EXISTS (SELECT * FROM DBO.SYSOBJECTS WHERE ID = OBJECT_ID(N'[DBO].[USER_UPDATE_CGHOM_PROPDET_LINK]') AND OBJECTPROPERTY(ID, N'ISPROCEDURE') = 1)
DROP PROCEDURE [DBO].[USER_UPDATE_CGHOM_PROPDET_LINK]
GO

CREATE PROCEDURE DBO.USER_UPDATE_CGHOM_PROPDET_LINK

@CGHOM_PROPDET_LINK_ID CHAR(32),
@HISTORY_ID INT,
@POLICY_DETAILS_ID CHAR(32),
@CGHOM_PROPDET_ID CHAR(32),
@INSURED_PARTY_ID CHAR(32),
@INSURED_PARTY_HISTORY_ID INT

AS

SET NOCOUNT ON

UPDATE
	USER_CGHOM_PROPDET_LINK
SET
	CGHOM_PROPDET_LINK_ID = @CGHOM_PROPDET_LINK_ID, 
	HISTORY_ID = @HISTORY_ID,
	POLICY_DETAILS_ID = @POLICY_DETAILS_ID,
	CGHOM_PROPDET_ID = @CGHOM_PROPDET_ID,
	INSURED_PARTY_ID = @INSURED_PARTY_ID,
	INSURED_PARTY_HISTORY_ID = @INSURED_PARTY_HISTORY_ID
WHERE
	[CGHOM_PROPDET_LINK_ID] = @CGHOM_PROPDET_LINK_ID 
	AND [HISTORY_ID] = @HISTORY_ID

GO

GRANT  EXECUTE  ON [dbo].[USER_UPDATE_CGHOM_PROPDET_LINK]  TO [Transactorusers]
GO

GRANT  EXECUTE  ON [dbo].[USER_UPDATE_CGHOM_PROPDET_LINK]  TO [Transactorpmusers]
GO


IF EXISTS (SELECT * FROM DBO.SYSOBJECTS WHERE ID = OBJECT_ID(N'[DBO].[USER_DELETE_CGHOM_PROPDET_LINK]') AND OBJECTPROPERTY(ID, N'ISPROCEDURE') = 1)
DROP PROCEDURE [DBO].[USER_DELETE_CGHOM_PROPDET_LINK]
GO

CREATE PROCEDURE DBO.USER_DELETE_CGHOM_PROPDET_LINK

@CGHOM_PROPDET_LINK_ID CHAR(32),
@HISTORY_ID INT

AS

SET NOCOUNT ON

DELETE
USER_CGHOM_PROPDET_LINK
WHERE
CGHOM_PROPDET_LINK_ID = @CGHOM_PROPDET_LINK_ID
AND HISTORY_ID = @HISTORY_ID

GO

GRANT  EXECUTE  ON [dbo].[USER_DELETE_CGHOM_PROPDET_LINK]  TO [Transactorusers]
GO

GRANT  EXECUTE  ON [dbo].[USER_DELETE_CGHOM_PROPDET_LINK]  TO [Transactorpmusers]
GO
			
IF EXISTS (SELECT * FROM DBO.SYSOBJECTS WHERE ID = OBJECT_ID(N'[DBO].[USER_DELETE_CGHOM_LINK]') AND OBJECTPROPERTY(ID, N'ISPROCEDURE') = 1)
DROP PROCEDURE [DBO].[USER_DELETE_CGHOM_LINK]
GO

SET QUOTED_IDENTIFIER OFF 
GO
SET ANSI_NULLS ON 
GO

CREATE PROCEDURE DBO.USER_DELETE_CGHOM_LINK

@POLICY_DETAILS_ID CHAR(32),
@HISTORY_ID INT

AS


DELETE USER_CGHOM_PROPDET_LINK WHERE (POLICY_DETAILS_ID = @POLICY_DETAILS_ID AND HISTORY_ID = @HISTORY_ID)
	
		
GO
SET QUOTED_IDENTIFIER OFF 
GO
SET ANSI_NULLS ON 
GO

GRANT  EXECUTE  ON [DBO].[USER_DELETE_CGHOM_LINK]  TO [TRANSACTORUSERS]
GO

GRANT  EXECUTE  ON [DBO].[USER_DELETE_CGHOM_LINK]  TO [TRANSACTORPMUSERS]
GO	
	
DELETE FROM SYSTEM_QUESTIONS WHERE PARENTID = 'UO_CGHOM_HED'
DELETE FROM SYSTEM_OBJECTS WHERE ID = 'UO_CGHOM_HED'
      
IF NOT EXISTS (SELECT ID FROM SYSTEM_OBJECTS WHERE ID = 'UO_CGHOM_HED')
INSERT INTO SYSTEM_OBJECTS (ID,DESCRIPTION,PARENTID,INSTANCE,OBJECT_ID,PRODUCTTYPE) VALUES ('UO_CGHOM_HED', 'Home Emergency Details (Home Emergency Cover)','Policy_Details','s',NULL,'210')
        
IF NOT EXISTS (SELECT ID FROM SYSTEM_QUESTIONS WHERE ID = 'UQ_CGHOM_HED_City')
 
INSERT INTO SYSTEM_QUESTIONS (ID,DESCRIPTION,PARENTID,EXCLUSIONS,TYPE,TESTDEFAULT,VARIABLETYPE,TABLENAME) VALUES ('UQ_CGHOM_HED_City','txtCity','UO_CGHOM_HED',NULL,'t',NULL,NULL,NULL)	

IF NOT EXISTS (SELECT ID FROM SYSTEM_QUESTIONS WHERE ID = 'UQ_CGHOM_HED_Locality')
 
INSERT INTO SYSTEM_QUESTIONS (ID,DESCRIPTION,PARENTID,EXCLUSIONS,TYPE,TESTDEFAULT,VARIABLETYPE,TABLENAME) VALUES ('UQ_CGHOM_HED_Locality','txtLocality','UO_CGHOM_HED',NULL,'t',NULL,NULL,NULL)	

IF NOT EXISTS (SELECT ID FROM SYSTEM_QUESTIONS WHERE ID = 'UQ_CGHOM_HED_Street')
 
INSERT INTO SYSTEM_QUESTIONS (ID,DESCRIPTION,PARENTID,EXCLUSIONS,TYPE,TESTDEFAULT,VARIABLETYPE,TABLENAME) VALUES ('UQ_CGHOM_HED_Street','txtStreet','UO_CGHOM_HED',NULL,'t',NULL,NULL,NULL)	

IF NOT EXISTS (SELECT ID FROM SYSTEM_QUESTIONS WHERE ID = 'UQ_CGHOM_HED_House')
 
INSERT INTO SYSTEM_QUESTIONS (ID,DESCRIPTION,PARENTID,EXCLUSIONS,TYPE,TESTDEFAULT,VARIABLETYPE,TABLENAME) VALUES ('UQ_CGHOM_HED_House','txtHouse','UO_CGHOM_HED',NULL,'t',NULL,NULL,NULL)	

IF NOT EXISTS (SELECT ID FROM SYSTEM_QUESTIONS WHERE ID = 'UQ_CGHOM_HED_Postcode')
 
INSERT INTO SYSTEM_QUESTIONS (ID,DESCRIPTION,PARENTID,EXCLUSIONS,TYPE,TESTDEFAULT,VARIABLETYPE,TABLENAME) VALUES ('UQ_CGHOM_HED_Postcode','txtPostcode','UO_CGHOM_HED',NULL,'t',NULL,NULL,NULL)	

IF NOT EXISTS (SELECT ID FROM SYSTEM_QUESTIONS WHERE ID = 'UQ_CGHOM_HED_Postcode_Town')
INSERT INTO SYSTEM_QUESTIONS (ID,DESCRIPTION,PARENTID,EXCLUSIONS,TYPE,TESTDEFAULT,VARIABLETYPE,TABLENAME) VALUES ('UQ_CGHOM_HED_Postcode_Town','txtPostcode Town','UO_CGHOM_HED',NULL,'t',NULL,NULL,NULL)
IF NOT EXISTS (SELECT ID FROM SYSTEM_QUESTIONS WHERE ID = 'UQ_CGHOM_HED_Postcode_Sector')
INSERT INTO SYSTEM_QUESTIONS (ID,DESCRIPTION,PARENTID,EXCLUSIONS,TYPE,TESTDEFAULT,VARIABLETYPE,TABLENAME) VALUES ('UQ_CGHOM_HED_Postcode_Sector','txtPostcode Sector','UO_CGHOM_HED',NULL,'n',NULL,NULL,NULL)
IF NOT EXISTS (SELECT ID FROM SYSTEM_QUESTIONS WHERE ID = 'UQ_CGHOM_HED_Postcode_TownAndSector')
INSERT INTO SYSTEM_QUESTIONS (ID,DESCRIPTION,PARENTID,EXCLUSIONS,TYPE,TESTDEFAULT,VARIABLETYPE,TABLENAME) VALUES ('UQ_CGHOM_HED_Postcode_TownAndSector','txtPostcode Town and Sector','UO_CGHOM_HED',NULL,'t',NULL,NULL,NULL)
IF NOT EXISTS (SELECT ID FROM SYSTEM_QUESTIONS WHERE ID = 'UQ_CGHOM_HED_Postcode_TownOnly')
INSERT INTO SYSTEM_QUESTIONS (ID,DESCRIPTION,PARENTID,EXCLUSIONS,TYPE,TESTDEFAULT,VARIABLETYPE,TABLENAME) VALUES ('UQ_CGHOM_HED_Postcode_TownOnly','txtPostcode Town Only','UO_CGHOM_HED',NULL,'t',NULL,NULL,NULL)
IF NOT EXISTS (SELECT ID FROM SYSTEM_QUESTIONS WHERE ID = 'UQ_CGHOM_HED_MH')
	
INSERT INTO SYSTEM_QUESTIONS (ID,DESCRIPTION,PARENTID,EXCLUSIONS,TYPE,TESTDEFAULT,VARIABLETYPE,TABLENAME) VALUES ('UQ_CGHOM_HED_MH','cboMH','UO_CGHOM_HED',NULL,'t',NULL,NULL, 'LIST_HEM_MH_COVER')
		IF NOT EXISTS (SELECT ID FROM SYSTEM_QUESTIONS WHERE ID = 'UQ_CGHOM_HED_TCara')
	
INSERT INTO SYSTEM_QUESTIONS (ID,DESCRIPTION,PARENTID,EXCLUSIONS,TYPE,TESTDEFAULT,VARIABLETYPE,TABLENAME) VALUES ('UQ_CGHOM_HED_TCara','cboTCara','UO_CGHOM_HED',NULL,'t',NULL,NULL, 'LIST_HEM_TC_MH')
		IF NOT EXISTS (SELECT ID FROM SYSTEM_QUESTIONS WHERE ID = 'UQ_CGHOM_HED_HC')
	
INSERT INTO SYSTEM_QUESTIONS (ID,DESCRIPTION,PARENTID,EXCLUSIONS,TYPE,TESTDEFAULT,VARIABLETYPE,TABLENAME) VALUES ('UQ_CGHOM_HED_HC','cboHC','UO_CGHOM_HED',NULL,'t',NULL,NULL, 'LIST_HEM_HH_HP_PH')
		IF NOT EXISTS (SELECT ID FROM SYSTEM_QUESTIONS WHERE ID = 'UQ_CGHOM_HED_MR')
	
INSERT INTO SYSTEM_QUESTIONS (ID,DESCRIPTION,PARENTID,EXCLUSIONS,TYPE,TESTDEFAULT,VARIABLETYPE,TABLENAME) VALUES ('UQ_CGHOM_HED_MR','cboMR','UO_CGHOM_HED',NULL,'t',NULL,NULL, 'LIST_HEM_MAIN_COVER')
		IF NOT EXISTS (SELECT ID FROM SYSTEM_QUESTIONS WHERE ID = 'UQ_CGHOM_HED_HPCover')
	
INSERT INTO SYSTEM_QUESTIONS (ID,DESCRIPTION,PARENTID,EXCLUSIONS,TYPE,TESTDEFAULT,VARIABLETYPE,TABLENAME) VALUES ('UQ_CGHOM_HED_HPCover','cboHPCover','UO_CGHOM_HED',NULL,'t',NULL,NULL, 'LIST_HEM_HP_COVER')
		
IF NOT EXISTS (SELECT ID FROM SYSTEM_QUESTIONS WHERE ID = 'UQ_CGHOM_HED_County')
 
INSERT INTO SYSTEM_QUESTIONS (ID,DESCRIPTION,PARENTID,EXCLUSIONS,TYPE,TESTDEFAULT,VARIABLETYPE,TABLENAME) VALUES ('UQ_CGHOM_HED_County','txtCounty','UO_CGHOM_HED',NULL,'t',NULL,NULL,NULL)	

IF NOT EXISTS (SELECT ID FROM SYSTEM_QUESTIONS WHERE ID = 'UQ_CGHOM_HED_PostSect')
 
INSERT INTO SYSTEM_QUESTIONS (ID,DESCRIPTION,PARENTID,EXCLUSIONS,TYPE,TESTDEFAULT,VARIABLETYPE,TABLENAME) VALUES ('UQ_CGHOM_HED_PostSect','txtPostSect','UO_CGHOM_HED',NULL,'t',NULL,NULL,NULL)	

IF NOT EXISTS (SELECT ID FROM SYSTEM_QUESTIONS WHERE ID = 'UQ_CGHOM_HED_Country')
 
INSERT INTO SYSTEM_QUESTIONS (ID,DESCRIPTION,PARENTID,EXCLUSIONS,TYPE,TESTDEFAULT,VARIABLETYPE,TABLENAME) VALUES ('UQ_CGHOM_HED_Country','txtCountry','UO_CGHOM_HED',NULL,'t',NULL,NULL,NULL)	

DELETE FROM SYSTEM_QUESTIONS WHERE PARENTID = 'UO_CGHOM_PROPDET'
DELETE FROM SYSTEM_OBJECTS WHERE ID = 'UO_CGHOM_PROPDET'
      
IF NOT EXISTS (SELECT ID FROM SYSTEM_OBJECTS WHERE ID = 'UO_CGHOM_PROPDET')
INSERT INTO SYSTEM_OBJECTS (ID,DESCRIPTION,PARENTID,INSTANCE,OBJECT_ID,PRODUCTTYPE) VALUES ('UO_CGHOM_PROPDET', 'Proposer Details (Home Emergency Cover)','Policy_Details','m',NULL,'210')
        IF NOT EXISTS (SELECT ID FROM SYSTEM_QUESTIONS WHERE ID = 'UQ_CGHOM_PROPDET_EmpStat')
	
INSERT INTO SYSTEM_QUESTIONS (ID,DESCRIPTION,PARENTID,EXCLUSIONS,TYPE,TESTDEFAULT,VARIABLETYPE,TABLENAME) VALUES ('UQ_CGHOM_PROPDET_EmpStat','cboEmpStat','UO_CGHOM_PROPDET',NULL,'t',NULL,NULL, 'LIST_EMPLOYMENT_STATUS')
		IF NOT EXISTS (SELECT ID FROM SYSTEM_QUESTIONS WHERE ID = 'UQ_CGHOM_PROPDET_Occupation')
	
INSERT INTO SYSTEM_QUESTIONS (ID,DESCRIPTION,PARENTID,EXCLUSIONS,TYPE,TESTDEFAULT,VARIABLETYPE,TABLENAME) VALUES ('UQ_CGHOM_PROPDET_Occupation','cboOccupation','UO_CGHOM_PROPDET',NULL,'t',NULL,NULL, 'LIST_OCCUPATION')
		IF NOT EXISTS (SELECT ID FROM SYSTEM_QUESTIONS WHERE ID = 'UQ_CGHOM_PROPDET_DOB')
INSERT INTO SYSTEM_QUESTIONS (ID,DESCRIPTION,PARENTID,EXCLUSIONS,TYPE,TESTDEFAULT,VARIABLETYPE,TABLENAME) VALUES ('UQ_CGHOM_PROPDET_DOB','mskDOB','UO_CGHOM_PROPDET',NULL,'d',NULL,NULL,NULL)

IF NOT EXISTS (SELECT ID FROM SYSTEM_QUESTIONS WHERE ID = 'UQ_CGHOM_PROPDET_Surname')
 
INSERT INTO SYSTEM_QUESTIONS (ID,DESCRIPTION,PARENTID,EXCLUSIONS,TYPE,TESTDEFAULT,VARIABLETYPE,TABLENAME) VALUES ('UQ_CGHOM_PROPDET_Surname','txtSurname','UO_CGHOM_PROPDET',NULL,'t',NULL,NULL,NULL)	

IF NOT EXISTS (SELECT ID FROM SYSTEM_QUESTIONS WHERE ID = 'UQ_CGHOM_PROPDET_Initial')
 
INSERT INTO SYSTEM_QUESTIONS (ID,DESCRIPTION,PARENTID,EXCLUSIONS,TYPE,TESTDEFAULT,VARIABLETYPE,TABLENAME) VALUES ('UQ_CGHOM_PROPDET_Initial','txtInitial','UO_CGHOM_PROPDET',NULL,'t',NULL,NULL,NULL)	

IF NOT EXISTS (SELECT ID FROM SYSTEM_QUESTIONS WHERE ID = 'UQ_CGHOM_PROPDET_Forename')
 
INSERT INTO SYSTEM_QUESTIONS (ID,DESCRIPTION,PARENTID,EXCLUSIONS,TYPE,TESTDEFAULT,VARIABLETYPE,TABLENAME) VALUES ('UQ_CGHOM_PROPDET_Forename','txtForename','UO_CGHOM_PROPDET',NULL,'t',NULL,NULL,NULL)	
IF NOT EXISTS (SELECT ID FROM SYSTEM_QUESTIONS WHERE ID = 'UQ_CGHOM_PROPDET_Title')
	
INSERT INTO SYSTEM_QUESTIONS (ID,DESCRIPTION,PARENTID,EXCLUSIONS,TYPE,TESTDEFAULT,VARIABLETYPE,TABLENAME) VALUES ('UQ_CGHOM_PROPDET_Title','cboTitle','UO_CGHOM_PROPDET',NULL,'t',NULL,NULL, 'LIST_TITLE')
		IF NOT EXISTS (SELECT ID FROM SYSTEM_QUESTIONS WHERE ID = 'UQ_CGHOM_PROPDET_EmpBus')
	
INSERT INTO SYSTEM_QUESTIONS (ID,DESCRIPTION,PARENTID,EXCLUSIONS,TYPE,TESTDEFAULT,VARIABLETYPE,TABLENAME) VALUES ('UQ_CGHOM_PROPDET_EmpBus','cboEmpBus','UO_CGHOM_PROPDET',NULL,'t',NULL,NULL, 'LIST_EMPLOYERS_BUS')
		
DELETE FROM SYSTEM_QUESTIONS WHERE PARENTID = 'UO_CGHOM_General'
DELETE FROM SYSTEM_OBJECTS WHERE ID = 'UO_CGHOM_General'
      
IF NOT EXISTS (SELECT ID FROM SYSTEM_OBJECTS WHERE ID = 'UO_CGHOM_General')
INSERT INTO SYSTEM_OBJECTS (ID,DESCRIPTION,PARENTID,INSTANCE,OBJECT_ID,PRODUCTTYPE) VALUES ('UO_CGHOM_General', 'General Questions (Home Emergency Cover)','Policy_Details','s',NULL,'210')
        
IF NOT EXISTS (SELECT ID FROM SYSTEM_QUESTIONS WHERE ID = 'UQ_CGHOM_General_Details')
 
INSERT INTO SYSTEM_QUESTIONS (ID,DESCRIPTION,PARENTID,EXCLUSIONS,TYPE,TESTDEFAULT,VARIABLETYPE,TABLENAME) VALUES ('UQ_CGHOM_General_Details','Details','UO_CGHOM_General',NULL,'t',NULL,NULL,NULL)	
IF NOT EXISTS (SELECT ID FROM SYSTEM_QUESTIONS WHERE ID = 'UQ_CGHOM_General_Requested')
INSERT INTO SYSTEM_QUESTIONS (ID,DESCRIPTION,PARENTID,EXCLUSIONS,TYPE,TESTDEFAULT,VARIABLETYPE,TABLENAME) VALUES ('UQ_CGHOM_General_Requested','Requested','UO_CGHOM_General',NULL,'b',NULL,NULL,NULL)
IF NOT EXISTS (SELECT ID FROM SYSTEM_QUESTIONS WHERE ID = 'UQ_CGHOM_General_Convicted')
INSERT INTO SYSTEM_QUESTIONS (ID,DESCRIPTION,PARENTID,EXCLUSIONS,TYPE,TESTDEFAULT,VARIABLETYPE,TABLENAME) VALUES ('UQ_CGHOM_General_Convicted','Convicted','UO_CGHOM_General',NULL,'b',NULL,NULL,NULL)
IF NOT EXISTS (SELECT ID FROM SYSTEM_QUESTIONS WHERE ID = 'UQ_CGHOM_General_Refused')
INSERT INTO SYSTEM_QUESTIONS (ID,DESCRIPTION,PARENTID,EXCLUSIONS,TYPE,TESTDEFAULT,VARIABLETYPE,TABLENAME) VALUES ('UQ_CGHOM_General_Refused','Refused','UO_CGHOM_General',NULL,'b',NULL,NULL,NULL)

--User Clone/Copy
					
	
IF EXISTS (SELECT * FROM DBO.SYSOBJECTS WHERE ID = OBJECT_ID(N'[DBO].[USER_CLONE_CGHOM]') AND OBJECTPROPERTY(ID, N'ISPROCEDURE') = 1)
DROP PROCEDURE [DBO].[USER_CLONE_CGHOM]
GO

SET QUOTED_IDENTIFIER OFF 
GO
SET ANSI_NULLS ON 
GO

CREATE PROCEDURE DBO.USER_CLONE_CGHOM

@POLICY_DETAILS_ID CHAR(32),
@HISTORY_ID INT,
@NEWHISTORY_ID INT

AS


INSERT USER_CGHOM_HED         
(
	CGHOM_HED_ID,     
	HISTORY_ID,
	POLICY_DETAILS_ID,
				
	[CITY],
				
	[LOCALITY],
				
	[STREET],
				
	[HOUSE],
				
	[POSTCODE],
	[MH_ID],
	[TCARA_ID],
	[HC_ID],
	[MR_ID],
	[HPCOVER_ID],
				
	[COUNTY],
				
	[POSTSECT],
				
	[COUNTRY],
	[USERINSTANCE]
)
SELECT	[CGHOM_HED_ID],
	@NEWHISTORY_ID,
	[POLICY_DETAILS_ID],
				
	[CITY],
				
	[LOCALITY],
				
	[STREET],
				
	[HOUSE],
				
	[POSTCODE],
	[MH_ID],
	[TCARA_ID],
	[HC_ID],
	[MR_ID],
	[HPCOVER_ID],
				
	[COUNTY],
				
	[POSTSECT],
				
	[COUNTRY],
	[USERINSTANCE]
FROM USER_CGHOM_HED WHERE (POLICY_DETAILS_ID = @POLICY_DETAILS_ID AND HISTORY_ID = @HISTORY_ID)
			
INSERT USER_CGHOM_PROPDET         
(
	CGHOM_PROPDET_ID,     
	HISTORY_ID,
	POLICY_DETAILS_ID,
	[EMPSTAT_ID],
	[OCCUPATION_ID],
	[DOB],
				
	[SURNAME],
				
	[INITIAL],
				
	[FORENAME],
	[TITLE_ID],
	[EMPBUS_ID],
	[USERINSTANCE]
)
SELECT	[CGHOM_PROPDET_ID],
	@NEWHISTORY_ID,
	[POLICY_DETAILS_ID],
	[EMPSTAT_ID],
	[OCCUPATION_ID],
	[DOB],
				
	[SURNAME],
				
	[INITIAL],
				
	[FORENAME],
	[TITLE_ID],
	[EMPBUS_ID],
	[USERINSTANCE]
FROM USER_CGHOM_PROPDET WHERE (POLICY_DETAILS_ID = @POLICY_DETAILS_ID AND HISTORY_ID = @HISTORY_ID)
			
INSERT USER_CGHOM_General         
(
	CGHOM_General_ID,     
	HISTORY_ID,
	POLICY_DETAILS_ID,
				
	[DETAILS],
	[REQUESTED],
	[CONVICTED],
	[REFUSED],
	[USERINSTANCE]
)
SELECT	[CGHOM_General_ID],
	@NEWHISTORY_ID,
	[POLICY_DETAILS_ID],
				
	[DETAILS],
	[REQUESTED],
	[CONVICTED],
	[REFUSED],
	[USERINSTANCE]
FROM USER_CGHOM_General WHERE (POLICY_DETAILS_ID = @POLICY_DETAILS_ID AND HISTORY_ID = @HISTORY_ID)
			
				
INSERT USER_CGHOM_PROPDET_LINK 
SELECT	[CGHOM_PROPDET_LINK_ID],
	@NEWHISTORY_ID,
	[POLICY_DETAILS_ID],
	[CGHOM_PROPDET_ID],
	[INSURED_PARTY_ID],
	[INSURED_PARTY_HISTORY_ID]  
FROM USER_CGHOM_PROPDET_LINK WHERE (POLICY_DETAILS_ID = @POLICY_DETAILS_ID AND HISTORY_ID = @HISTORY_ID)		
		

GO
SET QUOTED_IDENTIFIER OFF 
GO
SET ANSI_NULLS ON 
GO

GRANT  EXECUTE  ON [DBO].[USER_CLONE_CGHOM]  TO [TRANSACTORUSERS]
GO

GRANT  EXECUTE  ON [DBO].[USER_CLONE_CGHOM]  TO [TRANSACTORPMUSERS]
GO  

		
IF EXISTS (SELECT * FROM DBO.SYSOBJECTS WHERE ID = OBJECT_ID(N'[DBO].[USER_COPY_CGHOM]') AND OBJECTPROPERTY(ID, N'ISPROCEDURE') = 1)
DROP PROCEDURE [DBO].[USER_COPY_CGHOM]
GO

SET QUOTED_IDENTIFIER OFF 
GO
SET ANSI_NULLS ON 
GO

CREATE PROCEDURE DBO.USER_COPY_CGHOM

@POLICY_DETAILS_ID CHAR(32),
@HISTORY_ID INT,
@NEW_POLICY_DETAILS_ID CHAR(32),
@NEW_HISTORY_ID INT

AS

DECLARE @NEW_ID char(32)

--No parent, no child.				
INSERT USER_CGHOM_HED                 
(
	CGHOM_HED_ID,     
	HISTORY_ID,
	POLICY_DETAILS_ID,
				
	[CITY],
				
	[LOCALITY],
				
	[STREET],
				
	[HOUSE],
				
	[POSTCODE],
	[MH_ID],
	[TCARA_ID],
	[HC_ID],
	[MR_ID],
	[HPCOVER_ID],
				
	[COUNTY],
				
	[POSTSECT],
				
	[COUNTRY],
	[USERINSTANCE]
)                                
SELECT	Replace(NewID(), '-', ''),
	@NEW_HISTORY_ID,
	@NEW_POLICY_DETAILS_ID,
				
	[CITY],
				
	[LOCALITY],
				
	[STREET],
				
	[HOUSE],
				
	[POSTCODE],
	[MH_ID],
	[TCARA_ID],
	[HC_ID],
	[MR_ID],
	[HPCOVER_ID],
				
	[COUNTY],
				
	[POSTSECT],
				
	[COUNTRY],
	[USERINSTANCE]
FROM USER_CGHOM_HED WHERE (POLICY_DETAILS_ID = @POLICY_DETAILS_ID AND HISTORY_ID = @HISTORY_ID)						
							
--No parent, no child.				
INSERT USER_CGHOM_PROPDET                 
(
	CGHOM_PROPDET_ID,     
	HISTORY_ID,
	POLICY_DETAILS_ID,
	[EMPSTAT_ID],
	[OCCUPATION_ID],
	[DOB],
				
	[SURNAME],
				
	[INITIAL],
				
	[FORENAME],
	[TITLE_ID],
	[EMPBUS_ID],
	[USERINSTANCE]
)                                
SELECT	Replace(NewID(), '-', ''),
	@NEW_HISTORY_ID,
	@NEW_POLICY_DETAILS_ID,
	[EMPSTAT_ID],
	[OCCUPATION_ID],
	[DOB],
				
	[SURNAME],
				
	[INITIAL],
				
	[FORENAME],
	[TITLE_ID],
	[EMPBUS_ID],
	[USERINSTANCE]
FROM USER_CGHOM_PROPDET WHERE (POLICY_DETAILS_ID = @POLICY_DETAILS_ID AND HISTORY_ID = @HISTORY_ID)						
							
--No parent, no child.				
INSERT USER_CGHOM_General                 
(
	CGHOM_General_ID,     
	HISTORY_ID,
	POLICY_DETAILS_ID,
				
	[DETAILS],
	[REQUESTED],
	[CONVICTED],
	[REFUSED],
	[USERINSTANCE]
)                                
SELECT	Replace(NewID(), '-', ''),
	@NEW_HISTORY_ID,
	@NEW_POLICY_DETAILS_ID,
				
	[DETAILS],
	[REQUESTED],
	[CONVICTED],
	[REFUSED],
	[USERINSTANCE]
FROM USER_CGHOM_General WHERE (POLICY_DETAILS_ID = @POLICY_DETAILS_ID AND HISTORY_ID = @HISTORY_ID)						
							


GO
SET QUOTED_IDENTIFIER OFF 
GO
SET ANSI_NULLS ON 
GO

GRANT  EXECUTE  ON [DBO].[USER_COPY_CGHOM]  TO [TRANSACTORUSERS]
GO

GRANT  EXECUTE  ON [DBO].[USER_COPY_CGHOM]  TO [TRANSACTORPMUSERS]
GO  
					
--SumInsured
		
DELETE System_Claim_Liability_Fields WHERE ProductType_ID = '210'
		
--Historical Claims
		