	
--CREATE RM Fields

--Get next available ProductTypeID
if not exists(select PRODUCTTYPE_ID from SYSTEM_LIST_PRODUCTTYPE where PRODUCTTYPE_ID = '212')
Insert Into SYSTEM_LIST_PRODUCTTYPE (PRODUCTTYPE_ID,PRODUCTTYPE_DEBUG,DELETED) Values ('212','Gadget and Leisure Equipment',0)

IF NOT EXISTS (SELECT PRODUCTTYPE_ID FROM SYSTEM_LIST_PRODUCTTYPE_ALIAS WHERE PRODUCTTYPE_ID = '212')
INSERT SYSTEM_LIST_PRODUCTTYPE_ALIAS VALUES ('212', 'GADG', '0')   
    
IF NOT EXISTS (SELECT PRODUCTTYPE_ID FROM SYSTEM_LIST_PRODUCTTYPE_VERSION WHERE PRODUCTTYPE_ID = '212' AND TYPE = '1' AND VERSION = 1)
BEGIN
  INSERT SYSTEM_LIST_PRODUCTTYPE_VERSION VALUES ('212', '1', getdate(), '1', '1')
  UPDATE SYSTEM_LIST_PRODUCTTYPE_VERSION SET LIVE = 0 WHERE PRODUCTTYPE_ID = '212' AND TYPE = '1' AND VERSION < 1
END
GO    
      

--Create Navigation Tables
    	

if exists (select * from dbo.sysobjects where id = object_id(N'[dbo].[NAV_PERM_GADG_NEW]') and OBJECTPROPERTY(id, N'IsUserTable') = 1)
	drop table [dbo].[NAV_PERM_GADG_NEW]
GO
if exists (select * from dbo.sysobjects where id = object_id(N'[dbo].[NAV_FIELDS_GADG_NEW]') and OBJECTPROPERTY(id, N'IsUserTable') = 1)
	drop table [dbo].[NAV_FIELDS_GADG_NEW]
GO
if exists (select * from dbo.sysobjects where id = object_id(N'[dbo].[NAV_FORMS_GADG_NEW]') and OBJECTPROPERTY(id, N'IsUserTable') = 1)
	drop table [dbo].[NAV_FORMS_GADG_NEW]
GO

CREATE TABLE [DBO].[NAV_FIELDS_GADG_NEW] (
	[NAV_GADG_NEW_ID] [CHAR] (8) NOT NULL ,
	[PARENTID] [CHAR] (8) NOT NULL ,
	[FIELDNAME] [VARCHAR] (40) NULL ,
	[ENABLED_044] [BIT] NOT NULL ,
	[NAV_GADG_NEW_044] [VARCHAR] (50) NULL ,
	[SCRIPT_044] [VARCHAR] (255) NULL ,
	[MANDATORY_044] [BIT] NULL ,
	[MANDATORY_MESSAGE_044] [VARCHAR] (255) NULL ,
	[DEFAULT_VALUE_044] [VARCHAR] (100) NULL ,
	[DEFAULT_DATATYPE_044] [VARCHAR] (1) NULL ,
	[TAB_INDEX_044] [INT] NULL 
) ON [PRIMARY]
GO

ALTER TABLE [DBO].[NAV_FIELDS_GADG_NEW] WITH NOCHECK ADD 
	CONSTRAINT [PK_NAV_FIELDS_GADG_NEW] PRIMARY KEY  CLUSTERED 
	(
		[NAV_GADG_NEW_ID]
	)  ON [PRIMARY] 
GO

GRANT  SELECT , UPDATE ON [DBO].[NAV_FIELDS_GADG_NEW]  TO [TRANSACTORPMUSERS]
GO

GRANT  SELECT ON [DBO].[NAV_FIELDS_GADG_NEW]  TO [TRANSACTORUSERS]
GO	

CREATE TABLE [DBO].[NAV_FORMS_GADG_NEW] (
	[NAV_GADG_NEW_ID] [CHAR] (8) NOT NULL ,
	[NAV_GADG_NEW] [VARCHAR] (50) NULL ,
	[MOVEABLE] [BIT] NOT NULL ,
	[ENABLED_044] [BIT] NOT NULL ,
	[SEQUENCE_044] [INT] NOT NULL ,
	[NAV_GADG_NEW_044] [VARCHAR] (50) NULL ,
	[NAV_TBL_TAG_044] [VARCHAR] (255) NULL 
) ON [PRIMARY]
GO

ALTER TABLE [DBO].[NAV_FORMS_GADG_NEW] WITH NOCHECK ADD 
	CONSTRAINT [PK_NAV_FORMS_GADG_NEW] PRIMARY KEY  CLUSTERED 
	(
		[NAV_GADG_NEW_ID]
	)  ON [PRIMARY] 
GO

GRANT SELECT, UPDATE ON [DBO].[NAV_FORMS_GADG_NEW] TO [TRANSACTORPMUSERS]
GO

GRANT SELECT ON [DBO].[NAV_FORMS_GADG_NEW] TO [TRANSACTORUSERS]
GO

CREATE TABLE [DBO].[NAV_PERM_GADG_NEW] (
	[PERM_GADG_NEW_ID] [CHAR] (36) NOT NULL ,
	[NAV_GADG_NEW_ID] [CHAR] (8) NOT NULL ,
	[ROLE_ID] [INT] NOT NULL 
) ON [PRIMARY]
GO

ALTER TABLE [DBO].[NAV_PERM_GADG_NEW] WITH NOCHECK ADD 
	CONSTRAINT [PK_NAV_PERM_GADG_NEW] PRIMARY KEY  CLUSTERED 
	(
		[PERM_GADG_NEW_ID]
	)  ON [PRIMARY] 
GO

CREATE  UNIQUE  INDEX [IDX_NAV_PERM_GADG_NEW] ON [DBO].[NAV_PERM_GADG_NEW]([NAV_GADG_NEW_ID], [ROLE_ID]) ON [PRIMARY]
GO

GRANT SELECT, UPDATE, INSERT, DELETE ON [DBO].[NAV_PERM_GADG_NEW]  TO [TRANSACTORUSERS]
GO

ALTER TABLE [DBO].[NAV_FIELDS_GADG_NEW] ADD 
	CONSTRAINT [FK_PNFNFIGADG_NEW] FOREIGN KEY 
	(
		[PARENTID]
	) REFERENCES [DBO].[NAV_FORMS_GADG_NEW] (
		[NAV_GADG_NEW_ID]
	) NOT FOR REPLICATION
GO

ALTER TABLE [DBO].[NAV_PERM_GADG_NEW] ADD 
	CONSTRAINT [FK_NFINPGADG_NEW] FOREIGN KEY 
	(
		[NAV_GADG_NEW_ID]
	) REFERENCES [DBO].[NAV_FIELDS_GADG_NEW] (
		[NAV_GADG_NEW_ID]
	) NOT FOR REPLICATION,
	CONSTRAINT [FK_SR_NPGADG_NEW] FOREIGN KEY 
	(
		[ROLE_ID]
	) REFERENCES [DBO].[SYSTEM_ROLE] (
		[ROLE_ID]
	) NOT FOR REPLICATION
GO		

	
if exists (select * from dbo.sysobjects where id = object_id(N'[dbo].[NAV_PERM_GADG_PROPDET_NEW]') and OBJECTPROPERTY(id, N'IsUserTable') = 1)
	drop table [dbo].[NAV_PERM_GADG_PROPDET_NEW]
GO
if exists (select * from dbo.sysobjects where id = object_id(N'[dbo].[NAV_FIELDS_GADG_PROPDET_NEW]') and OBJECTPROPERTY(id, N'IsUserTable') = 1)
	drop table [dbo].[NAV_FIELDS_GADG_PROPDET_NEW]
GO
if exists (select * from dbo.sysobjects where id = object_id(N'[dbo].[NAV_FORMS_GADG_PROPDET_NEW]') and OBJECTPROPERTY(id, N'IsUserTable') = 1)
	drop table [dbo].[NAV_FORMS_GADG_PROPDET_NEW]
GO
              
IF NOT EXISTS (SELECT * FROM DBO.SYSOBJECTS WHERE ID = OBJECT_ID(N'[DBO].[NAV_FIELDS_GADG_PROPDET_NEW]') AND OBJECTPROPERTY(ID, N'ISUSERTABLE') = 1)
BEGIN
  CREATE TABLE [DBO].[NAV_FIELDS_GADG_PROPDET_NEW] (
	  [NAV_GADG_PROPDET_NEW_ID] [CHAR] (8) NOT NULL ,
	  [PARENTID] [CHAR] (8) NOT NULL ,
	  [FIELDNAME] [VARCHAR] (40) NULL ,
	  [ENABLED_044] [BIT] NOT NULL ,
	  [NAV_GADG_PROPDET_NEW_044] [VARCHAR] (50) NULL ,
	  [SCRIPT_044] [VARCHAR] (255) NULL ,
	  [MANDATORY_044] [BIT] NULL ,
	  [MANDATORY_MESSAGE_044] [VARCHAR] (255) NULL ,
	  [DEFAULT_VALUE_044] [VARCHAR] (100) NULL ,
	  [DEFAULT_DATATYPE_044] [VARCHAR] (1) NULL ,
	  [TAB_INDEX_044] [INT] NULL 
  ) ON [PRIMARY]

  ALTER TABLE [DBO].[NAV_FIELDS_GADG_PROPDET_NEW] WITH NOCHECK ADD 
	  CONSTRAINT [PK_NAV_FIELDS_GADG_PROPDET_NEW] PRIMARY KEY  CLUSTERED 
	  (
		  [NAV_GADG_PROPDET_NEW_ID]
	  )  ON [PRIMARY] 

  GRANT  SELECT , UPDATE ON [DBO].[NAV_FIELDS_GADG_PROPDET_NEW]  TO [TRANSACTORPMUSERS]
  GRANT  SELECT ON [DBO].[NAV_FIELDS_GADG_PROPDET_NEW]  TO [TRANSACTORUSERS]
END
GO    
  
IF NOT EXISTS (SELECT * FROM DBO.SYSOBJECTS WHERE ID = OBJECT_ID(N'[DBO].[NAV_FORMS_GADG_PROPDET_NEW]') AND OBJECTPROPERTY(ID, N'ISUSERTABLE') = 1)
BEGIN
  CREATE TABLE [DBO].[NAV_FORMS_GADG_PROPDET_NEW] (
	  [NAV_GADG_PROPDET_NEW_ID] [CHAR] (8) NOT NULL ,
	  [NAV_GADG_PROPDET_NEW] [VARCHAR] (50) NULL ,
	  [MOVEABLE] [BIT] NOT NULL ,
	  [ENABLED_044] [BIT] NOT NULL ,
	  [SEQUENCE_044] [INT] NOT NULL ,
	  [NAV_GADG_PROPDET_NEW_044] [VARCHAR] (50) NULL ,
	  [NAV_TBL_TAG_044] [VARCHAR] (255) NULL 
  ) ON [PRIMARY]

  ALTER TABLE [DBO].[NAV_FORMS_GADG_PROPDET_NEW] WITH NOCHECK ADD 
	  CONSTRAINT [PK_NAV_FORMS_GADG_PROPDET_NEW] PRIMARY KEY  CLUSTERED 
	  (
		  [NAV_GADG_PROPDET_NEW_ID]
	  )  ON [PRIMARY] 

  GRANT SELECT, UPDATE ON [DBO].[NAV_FORMS_GADG_PROPDET_NEW] TO [TRANSACTORPMUSERS]
  GRANT SELECT ON [DBO].[NAV_FORMS_GADG_PROPDET_NEW] TO [TRANSACTORUSERS]
END
GO	      
    
IF NOT EXISTS (SELECT * FROM DBO.SYSOBJECTS WHERE ID = OBJECT_ID(N'[DBO].[NAV_PERM_GADG_PROPDET_NEW]') AND OBJECTPROPERTY(ID, N'ISUSERTABLE') = 1)
BEGIN
  CREATE TABLE [DBO].[NAV_PERM_GADG_PROPDET_NEW] (
	  [PERM_GADG_PROPDET_NEW_ID] [CHAR] (36) NOT NULL ,
	  [NAV_GADG_PROPDET_NEW_ID] [CHAR] (8) NOT NULL ,
	  [ROLE_ID] [INT] NOT NULL 
  ) ON [PRIMARY]

  ALTER TABLE [DBO].[NAV_PERM_GADG_PROPDET_NEW] WITH NOCHECK ADD 
	  CONSTRAINT [PK_NAV_PERM_GADG_PROPDET_NEW] PRIMARY KEY  CLUSTERED 
	  (
		  [PERM_GADG_PROPDET_NEW_ID]
	  )  ON [PRIMARY] 

  CREATE  UNIQUE  INDEX [IDX_NAV_PERM_GADG_PROPDET_NEW] ON [DBO].[NAV_PERM_GADG_PROPDET_NEW]([NAV_GADG_PROPDET_NEW_ID], [ROLE_ID]) ON [PRIMARY]

  GRANT SELECT, UPDATE, INSERT, DELETE ON [DBO].[NAV_PERM_GADG_PROPDET_NEW]  TO [TRANSACTORUSERS]
END
GO
  
IF NOT EXISTS (SELECT * FROM DBO.SYSOBJECTS WHERE ID = OBJECT_ID(N'[DBO].[FK_NFNFIGADG_PROPDET_NEW]') AND OBJECTPROPERTY(ID, N'ISCONSTRAINT') = 1)
ALTER TABLE [DBO].[NAV_FIELDS_GADG_PROPDET_NEW] ADD 
	CONSTRAINT [FK_NFNFIGADG_PROPDET_NEW] FOREIGN KEY 
	(
		[PARENTID]
	) REFERENCES [DBO].[NAV_FORMS_GADG_PROPDET_NEW] (
		[NAV_GADG_PROPDET_NEW_ID]
	) NOT FOR REPLICATION
GO

IF NOT EXISTS (SELECT * FROM DBO.SYSOBJECTS WHERE ID = OBJECT_ID(N'[DBO].[FK_NFINPGADG_PROPDET_NEW]') AND OBJECTPROPERTY(ID, N'ISCONSTRAINT') = 1)
ALTER TABLE [DBO].[NAV_PERM_GADG_PROPDET_NEW] ADD 
	CONSTRAINT [FK_NFINPGADG_PROPDET_NEW] FOREIGN KEY 
	(
		[NAV_GADG_PROPDET_NEW_ID]
	) REFERENCES [DBO].[NAV_FIELDS_GADG_PROPDET_NEW] (
		[NAV_GADG_PROPDET_NEW_ID]
	) NOT FOR REPLICATION

IF NOT EXISTS (SELECT * FROM DBO.SYSOBJECTS WHERE ID = OBJECT_ID(N'[DBO].[FK_SR_NPGADG_PROPDET_NEW]') AND OBJECTPROPERTY(ID, N'ISCONSTRAINT') = 1)
ALTER TABLE [DBO].[NAV_PERM_GADG_PROPDET_NEW] ADD 
	CONSTRAINT [FK_SR_NPGADG_PROPDET_NEW] FOREIGN KEY 
	(
		[ROLE_ID]
	) REFERENCES [DBO].[SYSTEM_ROLE] (
		[ROLE_ID]
	) NOT FOR REPLICATION
GO    
  	

if exists (select * from dbo.sysobjects where id = object_id(N'[dbo].[NAV_PERM_GADG_ADD]') and OBJECTPROPERTY(id, N'IsUserTable') = 1)
	drop table [dbo].[NAV_PERM_GADG_ADD]
GO
if exists (select * from dbo.sysobjects where id = object_id(N'[dbo].[NAV_FIELDS_GADG_ADD]') and OBJECTPROPERTY(id, N'IsUserTable') = 1)
	drop table [dbo].[NAV_FIELDS_GADG_ADD]
GO
if exists (select * from dbo.sysobjects where id = object_id(N'[dbo].[NAV_FORMS_GADG_ADD]') and OBJECTPROPERTY(id, N'IsUserTable') = 1)
	drop table [dbo].[NAV_FORMS_GADG_ADD]
GO

CREATE TABLE [DBO].[NAV_FIELDS_GADG_ADD] (
	[NAV_GADG_ADD_ID] [CHAR] (8) NOT NULL ,
	[PARENTID] [CHAR] (8) NOT NULL ,
	[FIELDNAME] [VARCHAR] (40) NULL ,
	[ENABLED_044] [BIT] NOT NULL ,
	[NAV_GADG_ADD_044] [VARCHAR] (50) NULL ,
	[SCRIPT_044] [VARCHAR] (255) NULL ,
	[MANDATORY_044] [BIT] NULL ,
	[MANDATORY_MESSAGE_044] [VARCHAR] (255) NULL ,
	[DEFAULT_VALUE_044] [VARCHAR] (100) NULL ,
	[DEFAULT_DATATYPE_044] [VARCHAR] (1) NULL ,
	[TAB_INDEX_044] [INT] NULL 
) ON [PRIMARY]
GO

ALTER TABLE [DBO].[NAV_FIELDS_GADG_ADD] WITH NOCHECK ADD 
	CONSTRAINT [PK_NAV_FIELDS_GADG_ADD] PRIMARY KEY  CLUSTERED 
	(
		[NAV_GADG_ADD_ID]
	)  ON [PRIMARY] 
GO

GRANT  SELECT , UPDATE ON [DBO].[NAV_FIELDS_GADG_ADD]  TO [TRANSACTORPMUSERS]
GO

GRANT  SELECT ON [DBO].[NAV_FIELDS_GADG_ADD]  TO [TRANSACTORUSERS]
GO	

CREATE TABLE [DBO].[NAV_FORMS_GADG_ADD] (
	[NAV_GADG_ADD_ID] [CHAR] (8) NOT NULL ,
	[NAV_GADG_ADD] [VARCHAR] (50) NULL ,
	[MOVEABLE] [BIT] NOT NULL ,
	[ENABLED_044] [BIT] NOT NULL ,
	[SEQUENCE_044] [INT] NOT NULL ,
	[NAV_GADG_ADD_044] [VARCHAR] (50) NULL ,
	[NAV_TBL_TAG_044] [VARCHAR] (255) NULL 
) ON [PRIMARY]
GO

ALTER TABLE [DBO].[NAV_FORMS_GADG_ADD] WITH NOCHECK ADD 
	CONSTRAINT [PK_NAV_FORMS_GADG_ADD] PRIMARY KEY  CLUSTERED 
	(
		[NAV_GADG_ADD_ID]
	)  ON [PRIMARY] 
GO

GRANT SELECT, UPDATE ON [DBO].[NAV_FORMS_GADG_ADD] TO [TRANSACTORPMUSERS]
GO

GRANT SELECT ON [DBO].[NAV_FORMS_GADG_ADD] TO [TRANSACTORUSERS]
GO

CREATE TABLE [DBO].[NAV_PERM_GADG_ADD] (
	[PERM_GADG_ADD_ID] [CHAR] (36) NOT NULL ,
	[NAV_GADG_ADD_ID] [CHAR] (8) NOT NULL ,
	[ROLE_ID] [INT] NOT NULL 
) ON [PRIMARY]
GO

ALTER TABLE [DBO].[NAV_PERM_GADG_ADD] WITH NOCHECK ADD 
	CONSTRAINT [PK_NAV_PERM_GADG_ADD] PRIMARY KEY  CLUSTERED 
	(
		[PERM_GADG_ADD_ID]
	)  ON [PRIMARY] 
GO

CREATE  UNIQUE  INDEX [IDX_NAV_PERM_GADG_ADD] ON [DBO].[NAV_PERM_GADG_ADD]([NAV_GADG_ADD_ID], [ROLE_ID]) ON [PRIMARY]
GO

GRANT SELECT, UPDATE, INSERT, DELETE ON [DBO].[NAV_PERM_GADG_ADD]  TO [TRANSACTORUSERS]
GO

ALTER TABLE [DBO].[NAV_FIELDS_GADG_ADD] ADD 
	CONSTRAINT [FK_PNFNFIGADG_ADD] FOREIGN KEY 
	(
		[PARENTID]
	) REFERENCES [DBO].[NAV_FORMS_GADG_ADD] (
		[NAV_GADG_ADD_ID]
	) NOT FOR REPLICATION
GO

ALTER TABLE [DBO].[NAV_PERM_GADG_ADD] ADD 
	CONSTRAINT [FK_NFINPGADG_ADD] FOREIGN KEY 
	(
		[NAV_GADG_ADD_ID]
	) REFERENCES [DBO].[NAV_FIELDS_GADG_ADD] (
		[NAV_GADG_ADD_ID]
	) NOT FOR REPLICATION,
	CONSTRAINT [FK_SR_NPGADG_ADD] FOREIGN KEY 
	(
		[ROLE_ID]
	) REFERENCES [DBO].[SYSTEM_ROLE] (
		[ROLE_ID]
	) NOT FOR REPLICATION
GO		

	
if exists (select * from dbo.sysobjects where id = object_id(N'[dbo].[NAV_PERM_GADG_PROPDET_ADD]') and OBJECTPROPERTY(id, N'IsUserTable') = 1)
	drop table [dbo].[NAV_PERM_GADG_PROPDET_ADD]
GO
if exists (select * from dbo.sysobjects where id = object_id(N'[dbo].[NAV_FIELDS_GADG_PROPDET_ADD]') and OBJECTPROPERTY(id, N'IsUserTable') = 1)
	drop table [dbo].[NAV_FIELDS_GADG_PROPDET_ADD]
GO
if exists (select * from dbo.sysobjects where id = object_id(N'[dbo].[NAV_FORMS_GADG_PROPDET_ADD]') and OBJECTPROPERTY(id, N'IsUserTable') = 1)
	drop table [dbo].[NAV_FORMS_GADG_PROPDET_ADD]
GO
              
IF NOT EXISTS (SELECT * FROM DBO.SYSOBJECTS WHERE ID = OBJECT_ID(N'[DBO].[NAV_FIELDS_GADG_PROPDET_ADD]') AND OBJECTPROPERTY(ID, N'ISUSERTABLE') = 1)
BEGIN
  CREATE TABLE [DBO].[NAV_FIELDS_GADG_PROPDET_ADD] (
	  [NAV_GADG_PROPDET_ADD_ID] [CHAR] (8) NOT NULL ,
	  [PARENTID] [CHAR] (8) NOT NULL ,
	  [FIELDNAME] [VARCHAR] (40) NULL ,
	  [ENABLED_044] [BIT] NOT NULL ,
	  [NAV_GADG_PROPDET_ADD_044] [VARCHAR] (50) NULL ,
	  [SCRIPT_044] [VARCHAR] (255) NULL ,
	  [MANDATORY_044] [BIT] NULL ,
	  [MANDATORY_MESSAGE_044] [VARCHAR] (255) NULL ,
	  [DEFAULT_VALUE_044] [VARCHAR] (100) NULL ,
	  [DEFAULT_DATATYPE_044] [VARCHAR] (1) NULL ,
	  [TAB_INDEX_044] [INT] NULL 
  ) ON [PRIMARY]

  ALTER TABLE [DBO].[NAV_FIELDS_GADG_PROPDET_ADD] WITH NOCHECK ADD 
	  CONSTRAINT [PK_NAV_FIELDS_GADG_PROPDET_ADD] PRIMARY KEY  CLUSTERED 
	  (
		  [NAV_GADG_PROPDET_ADD_ID]
	  )  ON [PRIMARY] 

  GRANT  SELECT , UPDATE ON [DBO].[NAV_FIELDS_GADG_PROPDET_ADD]  TO [TRANSACTORPMUSERS]
  GRANT  SELECT ON [DBO].[NAV_FIELDS_GADG_PROPDET_ADD]  TO [TRANSACTORUSERS]
END
GO    
  
IF NOT EXISTS (SELECT * FROM DBO.SYSOBJECTS WHERE ID = OBJECT_ID(N'[DBO].[NAV_FORMS_GADG_PROPDET_ADD]') AND OBJECTPROPERTY(ID, N'ISUSERTABLE') = 1)
BEGIN
  CREATE TABLE [DBO].[NAV_FORMS_GADG_PROPDET_ADD] (
	  [NAV_GADG_PROPDET_ADD_ID] [CHAR] (8) NOT NULL ,
	  [NAV_GADG_PROPDET_ADD] [VARCHAR] (50) NULL ,
	  [MOVEABLE] [BIT] NOT NULL ,
	  [ENABLED_044] [BIT] NOT NULL ,
	  [SEQUENCE_044] [INT] NOT NULL ,
	  [NAV_GADG_PROPDET_ADD_044] [VARCHAR] (50) NULL ,
	  [NAV_TBL_TAG_044] [VARCHAR] (255) NULL 
  ) ON [PRIMARY]

  ALTER TABLE [DBO].[NAV_FORMS_GADG_PROPDET_ADD] WITH NOCHECK ADD 
	  CONSTRAINT [PK_NAV_FORMS_GADG_PROPDET_ADD] PRIMARY KEY  CLUSTERED 
	  (
		  [NAV_GADG_PROPDET_ADD_ID]
	  )  ON [PRIMARY] 

  GRANT SELECT, UPDATE ON [DBO].[NAV_FORMS_GADG_PROPDET_ADD] TO [TRANSACTORPMUSERS]
  GRANT SELECT ON [DBO].[NAV_FORMS_GADG_PROPDET_ADD] TO [TRANSACTORUSERS]
END
GO	      
    
IF NOT EXISTS (SELECT * FROM DBO.SYSOBJECTS WHERE ID = OBJECT_ID(N'[DBO].[NAV_PERM_GADG_PROPDET_ADD]') AND OBJECTPROPERTY(ID, N'ISUSERTABLE') = 1)
BEGIN
  CREATE TABLE [DBO].[NAV_PERM_GADG_PROPDET_ADD] (
	  [PERM_GADG_PROPDET_ADD_ID] [CHAR] (36) NOT NULL ,
	  [NAV_GADG_PROPDET_ADD_ID] [CHAR] (8) NOT NULL ,
	  [ROLE_ID] [INT] NOT NULL 
  ) ON [PRIMARY]

  ALTER TABLE [DBO].[NAV_PERM_GADG_PROPDET_ADD] WITH NOCHECK ADD 
	  CONSTRAINT [PK_NAV_PERM_GADG_PROPDET_ADD] PRIMARY KEY  CLUSTERED 
	  (
		  [PERM_GADG_PROPDET_ADD_ID]
	  )  ON [PRIMARY] 

  CREATE  UNIQUE  INDEX [IDX_NAV_PERM_GADG_PROPDET_ADD] ON [DBO].[NAV_PERM_GADG_PROPDET_ADD]([NAV_GADG_PROPDET_ADD_ID], [ROLE_ID]) ON [PRIMARY]

  GRANT SELECT, UPDATE, INSERT, DELETE ON [DBO].[NAV_PERM_GADG_PROPDET_ADD]  TO [TRANSACTORUSERS]
END
GO
  
IF NOT EXISTS (SELECT * FROM DBO.SYSOBJECTS WHERE ID = OBJECT_ID(N'[DBO].[FK_NFNFIGADG_PROPDET_ADD]') AND OBJECTPROPERTY(ID, N'ISCONSTRAINT') = 1)
ALTER TABLE [DBO].[NAV_FIELDS_GADG_PROPDET_ADD] ADD 
	CONSTRAINT [FK_NFNFIGADG_PROPDET_ADD] FOREIGN KEY 
	(
		[PARENTID]
	) REFERENCES [DBO].[NAV_FORMS_GADG_PROPDET_ADD] (
		[NAV_GADG_PROPDET_ADD_ID]
	) NOT FOR REPLICATION
GO

IF NOT EXISTS (SELECT * FROM DBO.SYSOBJECTS WHERE ID = OBJECT_ID(N'[DBO].[FK_NFINPGADG_PROPDET_ADD]') AND OBJECTPROPERTY(ID, N'ISCONSTRAINT') = 1)
ALTER TABLE [DBO].[NAV_PERM_GADG_PROPDET_ADD] ADD 
	CONSTRAINT [FK_NFINPGADG_PROPDET_ADD] FOREIGN KEY 
	(
		[NAV_GADG_PROPDET_ADD_ID]
	) REFERENCES [DBO].[NAV_FIELDS_GADG_PROPDET_ADD] (
		[NAV_GADG_PROPDET_ADD_ID]
	) NOT FOR REPLICATION

IF NOT EXISTS (SELECT * FROM DBO.SYSOBJECTS WHERE ID = OBJECT_ID(N'[DBO].[FK_SR_NPGADG_PROPDET_ADD]') AND OBJECTPROPERTY(ID, N'ISCONSTRAINT') = 1)
ALTER TABLE [DBO].[NAV_PERM_GADG_PROPDET_ADD] ADD 
	CONSTRAINT [FK_SR_NPGADG_PROPDET_ADD] FOREIGN KEY 
	(
		[ROLE_ID]
	) REFERENCES [DBO].[SYSTEM_ROLE] (
		[ROLE_ID]
	) NOT FOR REPLICATION
GO    
  	

if exists (select * from dbo.sysobjects where id = object_id(N'[dbo].[NAV_PERM_GADG_IND]') and OBJECTPROPERTY(id, N'IsUserTable') = 1)
	drop table [dbo].[NAV_PERM_GADG_IND]
GO
if exists (select * from dbo.sysobjects where id = object_id(N'[dbo].[NAV_FIELDS_GADG_IND]') and OBJECTPROPERTY(id, N'IsUserTable') = 1)
	drop table [dbo].[NAV_FIELDS_GADG_IND]
GO
if exists (select * from dbo.sysobjects where id = object_id(N'[dbo].[NAV_FORMS_GADG_IND]') and OBJECTPROPERTY(id, N'IsUserTable') = 1)
	drop table [dbo].[NAV_FORMS_GADG_IND]
GO

CREATE TABLE [DBO].[NAV_FIELDS_GADG_IND] (
	[NAV_GADG_IND_ID] [CHAR] (8) NOT NULL ,
	[PARENTID] [CHAR] (8) NOT NULL ,
	[FIELDNAME] [VARCHAR] (40) NULL ,
	[ENABLED_044] [BIT] NOT NULL ,
	[NAV_GADG_IND_044] [VARCHAR] (50) NULL ,
	[SCRIPT_044] [VARCHAR] (255) NULL ,
	[MANDATORY_044] [BIT] NULL ,
	[MANDATORY_MESSAGE_044] [VARCHAR] (255) NULL ,
	[DEFAULT_VALUE_044] [VARCHAR] (100) NULL ,
	[DEFAULT_DATATYPE_044] [VARCHAR] (1) NULL ,
	[TAB_INDEX_044] [INT] NULL 
) ON [PRIMARY]
GO

ALTER TABLE [DBO].[NAV_FIELDS_GADG_IND] WITH NOCHECK ADD 
	CONSTRAINT [PK_NAV_FIELDS_GADG_IND] PRIMARY KEY  CLUSTERED 
	(
		[NAV_GADG_IND_ID]
	)  ON [PRIMARY] 
GO

GRANT  SELECT , UPDATE ON [DBO].[NAV_FIELDS_GADG_IND]  TO [TRANSACTORPMUSERS]
GO

GRANT  SELECT ON [DBO].[NAV_FIELDS_GADG_IND]  TO [TRANSACTORUSERS]
GO	

CREATE TABLE [DBO].[NAV_FORMS_GADG_IND] (
	[NAV_GADG_IND_ID] [CHAR] (8) NOT NULL ,
	[NAV_GADG_IND] [VARCHAR] (50) NULL ,
	[MOVEABLE] [BIT] NOT NULL ,
	[ENABLED_044] [BIT] NOT NULL ,
	[SEQUENCE_044] [INT] NOT NULL ,
	[NAV_GADG_IND_044] [VARCHAR] (50) NULL ,
	[NAV_TBL_TAG_044] [VARCHAR] (255) NULL 
) ON [PRIMARY]
GO

ALTER TABLE [DBO].[NAV_FORMS_GADG_IND] WITH NOCHECK ADD 
	CONSTRAINT [PK_NAV_FORMS_GADG_IND] PRIMARY KEY  CLUSTERED 
	(
		[NAV_GADG_IND_ID]
	)  ON [PRIMARY] 
GO

GRANT SELECT, UPDATE ON [DBO].[NAV_FORMS_GADG_IND] TO [TRANSACTORPMUSERS]
GO

GRANT SELECT ON [DBO].[NAV_FORMS_GADG_IND] TO [TRANSACTORUSERS]
GO

CREATE TABLE [DBO].[NAV_PERM_GADG_IND] (
	[PERM_GADG_IND_ID] [CHAR] (36) NOT NULL ,
	[NAV_GADG_IND_ID] [CHAR] (8) NOT NULL ,
	[ROLE_ID] [INT] NOT NULL 
) ON [PRIMARY]
GO

ALTER TABLE [DBO].[NAV_PERM_GADG_IND] WITH NOCHECK ADD 
	CONSTRAINT [PK_NAV_PERM_GADG_IND] PRIMARY KEY  CLUSTERED 
	(
		[PERM_GADG_IND_ID]
	)  ON [PRIMARY] 
GO

CREATE  UNIQUE  INDEX [IDX_NAV_PERM_GADG_IND] ON [DBO].[NAV_PERM_GADG_IND]([NAV_GADG_IND_ID], [ROLE_ID]) ON [PRIMARY]
GO

GRANT SELECT, UPDATE, INSERT, DELETE ON [DBO].[NAV_PERM_GADG_IND]  TO [TRANSACTORUSERS]
GO

ALTER TABLE [DBO].[NAV_FIELDS_GADG_IND] ADD 
	CONSTRAINT [FK_PNFNFIGADG_IND] FOREIGN KEY 
	(
		[PARENTID]
	) REFERENCES [DBO].[NAV_FORMS_GADG_IND] (
		[NAV_GADG_IND_ID]
	) NOT FOR REPLICATION
GO

ALTER TABLE [DBO].[NAV_PERM_GADG_IND] ADD 
	CONSTRAINT [FK_NFINPGADG_IND] FOREIGN KEY 
	(
		[NAV_GADG_IND_ID]
	) REFERENCES [DBO].[NAV_FIELDS_GADG_IND] (
		[NAV_GADG_IND_ID]
	) NOT FOR REPLICATION,
	CONSTRAINT [FK_SR_NPGADG_IND] FOREIGN KEY 
	(
		[ROLE_ID]
	) REFERENCES [DBO].[SYSTEM_ROLE] (
		[ROLE_ID]
	) NOT FOR REPLICATION
GO		

		

if exists (select * from dbo.sysobjects where id = object_id(N'[dbo].[NAV_PERM_GADG_QUICK]') and OBJECTPROPERTY(id, N'IsUserTable') = 1)
	drop table [dbo].[NAV_PERM_GADG_QUICK]
GO
if exists (select * from dbo.sysobjects where id = object_id(N'[dbo].[NAV_FIELDS_GADG_QUICK]') and OBJECTPROPERTY(id, N'IsUserTable') = 1)
	drop table [dbo].[NAV_FIELDS_GADG_QUICK]
GO
if exists (select * from dbo.sysobjects where id = object_id(N'[dbo].[NAV_FORMS_GADG_QUICK]') and OBJECTPROPERTY(id, N'IsUserTable') = 1)
	drop table [dbo].[NAV_FORMS_GADG_QUICK]
GO

CREATE TABLE [DBO].[NAV_FIELDS_GADG_QUICK] (
	[NAV_GADG_QUICK_ID] [CHAR] (8) NOT NULL ,
	[PARENTID] [CHAR] (8) NOT NULL ,
	[FIELDNAME] [VARCHAR] (40) NULL ,
	[ENABLED_044] [BIT] NOT NULL ,
	[NAV_GADG_QUICK_044] [VARCHAR] (50) NULL ,
	[SCRIPT_044] [VARCHAR] (255) NULL ,
	[MANDATORY_044] [BIT] NULL ,
	[MANDATORY_MESSAGE_044] [VARCHAR] (255) NULL ,
	[DEFAULT_VALUE_044] [VARCHAR] (100) NULL ,
	[DEFAULT_DATATYPE_044] [VARCHAR] (1) NULL ,
	[TAB_INDEX_044] [INT] NULL 
) ON [PRIMARY]
GO

ALTER TABLE [DBO].[NAV_FIELDS_GADG_QUICK] WITH NOCHECK ADD 
	CONSTRAINT [PK_NAV_FIELDS_GADG_QUICK] PRIMARY KEY  CLUSTERED 
	(
		[NAV_GADG_QUICK_ID]
	)  ON [PRIMARY] 
GO

GRANT  SELECT , UPDATE ON [DBO].[NAV_FIELDS_GADG_QUICK]  TO [TRANSACTORPMUSERS]
GO

GRANT  SELECT ON [DBO].[NAV_FIELDS_GADG_QUICK]  TO [TRANSACTORUSERS]
GO	

CREATE TABLE [DBO].[NAV_FORMS_GADG_QUICK] (
	[NAV_GADG_QUICK_ID] [CHAR] (8) NOT NULL ,
	[NAV_GADG_QUICK] [VARCHAR] (50) NULL ,
	[MOVEABLE] [BIT] NOT NULL ,
	[ENABLED_044] [BIT] NOT NULL ,
	[SEQUENCE_044] [INT] NOT NULL ,
	[NAV_GADG_QUICK_044] [VARCHAR] (50) NULL ,
	[NAV_TBL_TAG_044] [VARCHAR] (255) NULL 
) ON [PRIMARY]
GO

ALTER TABLE [DBO].[NAV_FORMS_GADG_QUICK] WITH NOCHECK ADD 
	CONSTRAINT [PK_NAV_FORMS_GADG_QUICK] PRIMARY KEY  CLUSTERED 
	(
		[NAV_GADG_QUICK_ID]
	)  ON [PRIMARY] 
GO

GRANT SELECT, UPDATE ON [DBO].[NAV_FORMS_GADG_QUICK] TO [TRANSACTORPMUSERS]
GO

GRANT SELECT ON [DBO].[NAV_FORMS_GADG_QUICK] TO [TRANSACTORUSERS]
GO

CREATE TABLE [DBO].[NAV_PERM_GADG_QUICK] (
	[PERM_GADG_QUICK_ID] [CHAR] (36) NOT NULL ,
	[NAV_GADG_QUICK_ID] [CHAR] (8) NOT NULL ,
	[ROLE_ID] [INT] NOT NULL 
) ON [PRIMARY]
GO

ALTER TABLE [DBO].[NAV_PERM_GADG_QUICK] WITH NOCHECK ADD 
	CONSTRAINT [PK_NAV_PERM_GADG_QUICK] PRIMARY KEY  CLUSTERED 
	(
		[PERM_GADG_QUICK_ID]
	)  ON [PRIMARY] 
GO

CREATE  UNIQUE  INDEX [IDX_NAV_PERM_GADG_QUICK] ON [DBO].[NAV_PERM_GADG_QUICK]([NAV_GADG_QUICK_ID], [ROLE_ID]) ON [PRIMARY]
GO

GRANT SELECT, UPDATE, INSERT, DELETE ON [DBO].[NAV_PERM_GADG_QUICK]  TO [TRANSACTORUSERS]
GO

ALTER TABLE [DBO].[NAV_FIELDS_GADG_QUICK] ADD 
	CONSTRAINT [FK_PNFNFIGADG_QUICK] FOREIGN KEY 
	(
		[PARENTID]
	) REFERENCES [DBO].[NAV_FORMS_GADG_QUICK] (
		[NAV_GADG_QUICK_ID]
	) NOT FOR REPLICATION
GO

ALTER TABLE [DBO].[NAV_PERM_GADG_QUICK] ADD 
	CONSTRAINT [FK_NFINPGADG_QUICK] FOREIGN KEY 
	(
		[NAV_GADG_QUICK_ID]
	) REFERENCES [DBO].[NAV_FIELDS_GADG_QUICK] (
		[NAV_GADG_QUICK_ID]
	) NOT FOR REPLICATION,
	CONSTRAINT [FK_SR_NPGADG_QUICK] FOREIGN KEY 
	(
		[ROLE_ID]
	) REFERENCES [DBO].[SYSTEM_ROLE] (
		[ROLE_ID]
	) NOT FOR REPLICATION
GO		

		

if exists (select * from dbo.sysobjects where id = object_id(N'[dbo].[NAV_PERM_GADG_PST]') and OBJECTPROPERTY(id, N'IsUserTable') = 1)
	drop table [dbo].[NAV_PERM_GADG_PST]
GO
if exists (select * from dbo.sysobjects where id = object_id(N'[dbo].[NAV_FIELDS_GADG_PST]') and OBJECTPROPERTY(id, N'IsUserTable') = 1)
	drop table [dbo].[NAV_FIELDS_GADG_PST]
GO
if exists (select * from dbo.sysobjects where id = object_id(N'[dbo].[NAV_FORMS_GADG_PST]') and OBJECTPROPERTY(id, N'IsUserTable') = 1)
	drop table [dbo].[NAV_FORMS_GADG_PST]
GO

CREATE TABLE [DBO].[NAV_FIELDS_GADG_PST] (
	[NAV_GADG_PST_ID] [CHAR] (8) NOT NULL ,
	[PARENTID] [CHAR] (8) NOT NULL ,
	[FIELDNAME] [VARCHAR] (40) NULL ,
	[ENABLED_044] [BIT] NOT NULL ,
	[NAV_GADG_PST_044] [VARCHAR] (50) NULL ,
	[SCRIPT_044] [VARCHAR] (255) NULL ,
	[MANDATORY_044] [BIT] NULL ,
	[MANDATORY_MESSAGE_044] [VARCHAR] (255) NULL ,
	[DEFAULT_VALUE_044] [VARCHAR] (100) NULL ,
	[DEFAULT_DATATYPE_044] [VARCHAR] (1) NULL ,
	[TAB_INDEX_044] [INT] NULL 
) ON [PRIMARY]
GO

ALTER TABLE [DBO].[NAV_FIELDS_GADG_PST] WITH NOCHECK ADD 
	CONSTRAINT [PK_NAV_FIELDS_GADG_PST] PRIMARY KEY  CLUSTERED 
	(
		[NAV_GADG_PST_ID]
	)  ON [PRIMARY] 
GO

GRANT  SELECT , UPDATE ON [DBO].[NAV_FIELDS_GADG_PST]  TO [TRANSACTORPMUSERS]
GO

GRANT  SELECT ON [DBO].[NAV_FIELDS_GADG_PST]  TO [TRANSACTORUSERS]
GO	

CREATE TABLE [DBO].[NAV_FORMS_GADG_PST] (
	[NAV_GADG_PST_ID] [CHAR] (8) NOT NULL ,
	[NAV_GADG_PST] [VARCHAR] (50) NULL ,
	[MOVEABLE] [BIT] NOT NULL ,
	[ENABLED_044] [BIT] NOT NULL ,
	[SEQUENCE_044] [INT] NOT NULL ,
	[NAV_GADG_PST_044] [VARCHAR] (50) NULL ,
	[NAV_TBL_TAG_044] [VARCHAR] (255) NULL 
) ON [PRIMARY]
GO

ALTER TABLE [DBO].[NAV_FORMS_GADG_PST] WITH NOCHECK ADD 
	CONSTRAINT [PK_NAV_FORMS_GADG_PST] PRIMARY KEY  CLUSTERED 
	(
		[NAV_GADG_PST_ID]
	)  ON [PRIMARY] 
GO

GRANT SELECT, UPDATE ON [DBO].[NAV_FORMS_GADG_PST] TO [TRANSACTORPMUSERS]
GO

GRANT SELECT ON [DBO].[NAV_FORMS_GADG_PST] TO [TRANSACTORUSERS]
GO

CREATE TABLE [DBO].[NAV_PERM_GADG_PST] (
	[PERM_GADG_PST_ID] [CHAR] (36) NOT NULL ,
	[NAV_GADG_PST_ID] [CHAR] (8) NOT NULL ,
	[ROLE_ID] [INT] NOT NULL 
) ON [PRIMARY]
GO

ALTER TABLE [DBO].[NAV_PERM_GADG_PST] WITH NOCHECK ADD 
	CONSTRAINT [PK_NAV_PERM_GADG_PST] PRIMARY KEY  CLUSTERED 
	(
		[PERM_GADG_PST_ID]
	)  ON [PRIMARY] 
GO

CREATE  UNIQUE  INDEX [IDX_NAV_PERM_GADG_PST] ON [DBO].[NAV_PERM_GADG_PST]([NAV_GADG_PST_ID], [ROLE_ID]) ON [PRIMARY]
GO

GRANT SELECT, UPDATE, INSERT, DELETE ON [DBO].[NAV_PERM_GADG_PST]  TO [TRANSACTORUSERS]
GO

ALTER TABLE [DBO].[NAV_FIELDS_GADG_PST] ADD 
	CONSTRAINT [FK_PNFNFIGADG_PST] FOREIGN KEY 
	(
		[PARENTID]
	) REFERENCES [DBO].[NAV_FORMS_GADG_PST] (
		[NAV_GADG_PST_ID]
	) NOT FOR REPLICATION
GO

ALTER TABLE [DBO].[NAV_PERM_GADG_PST] ADD 
	CONSTRAINT [FK_NFINPGADG_PST] FOREIGN KEY 
	(
		[NAV_GADG_PST_ID]
	) REFERENCES [DBO].[NAV_FIELDS_GADG_PST] (
		[NAV_GADG_PST_ID]
	) NOT FOR REPLICATION,
	CONSTRAINT [FK_SR_NPGADG_PST] FOREIGN KEY 
	(
		[ROLE_ID]
	) REFERENCES [DBO].[SYSTEM_ROLE] (
		[ROLE_ID]
	) NOT FOR REPLICATION
GO		

		
   		
--Insert into Navigation Tables		
		    
--Client Details
INSERT INTO Nav_Forms_GADG_NEW( Nav_GADG_NEW_ID, Nav_GADG_NEW, MoveAble, Enabled_044, Sequence_044, Nav_GADG_NEW_044, Nav_Tbl_Tag_044) VALUES ( '3RVQ3M51', 'QE139', 0, 1, 1, 'Client Details', NULL)
INSERT INTO Nav_Fields_GADG_NEW( Nav_GADG_NEW_ID, ParentID, FieldName, Enabled_044, Nav_GADG_NEW_044, Script_044, Mandatory_044, Mandatory_Message_044, Default_Value_044, Default_Datatype_044, Tab_Index_044) VALUES ( '3RVQ3M52', '3RVQ3M51', 'QE139_Opt_Company', 1, 'Company', NULL, 1, 'Please select Company', NULL, 'b', NULL)
INSERT INTO Nav_Fields_GADG_NEW( Nav_GADG_NEW_ID, ParentID, FieldName, Enabled_044, Nav_GADG_NEW_044, Script_044, Mandatory_044, Mandatory_Message_044, Default_Value_044, Default_Datatype_044, Tab_Index_044) VALUES ( '3RVQ3M53', '3RVQ3M51', 'QE139_Opt_Individual', 1, 'Private individual', NULL, 1, 'Please select Individual', NULL, 'b', NULL)
INSERT INTO Nav_Fields_GADG_NEW( Nav_GADG_NEW_ID, ParentID, FieldName, Enabled_044, Nav_GADG_NEW_044, Script_044, Mandatory_044, Mandatory_Message_044, Default_Value_044, Default_Datatype_044, Tab_Index_044) VALUES ( '3RVQ3M54', '3RVQ3M51', 'QE139_Cbo_Title', 1, 'Title', NULL, 1, 'Please select a title', NULL, 't', NULL)
INSERT INTO Nav_Fields_GADG_NEW( Nav_GADG_NEW_ID, ParentID, FieldName, Enabled_044, Nav_GADG_NEW_044, Script_044, Mandatory_044, Mandatory_Message_044, Default_Value_044, Default_Datatype_044, Tab_Index_044) VALUES ( '3RVQ3M55', '3RVQ3M51', 'QE139_Txt_Surname', 1, 'Surname', NULL, 1, 'Please enter a surname', NULL, 't', NULL)
INSERT INTO Nav_Fields_GADG_NEW( Nav_GADG_NEW_ID, ParentID, FieldName, Enabled_044, Nav_GADG_NEW_044, Script_044, Mandatory_044, Mandatory_Message_044, Default_Value_044, Default_Datatype_044, Tab_Index_044) VALUES ( '3RVQ3M56', '3RVQ3M51', 'QE139_Txt_Initials', 1, 'Initials', NULL, 0, NULL, NULL, 't', NULL)
INSERT INTO Nav_Fields_GADG_NEW( Nav_GADG_NEW_ID, ParentID, FieldName, Enabled_044, Nav_GADG_NEW_044, Script_044, Mandatory_044, Mandatory_Message_044, Default_Value_044, Default_Datatype_044, Tab_Index_044) VALUES ( '3RVQ3M57', '3RVQ3M51', 'QE139_Txt_Forename', 1, 'Forename', NULL, 1, 'Please enter a forename', NULL, 't', NULL)
INSERT INTO Nav_Fields_GADG_NEW( Nav_GADG_NEW_ID, ParentID, FieldName, Enabled_044, Nav_GADG_NEW_044, Script_044, Mandatory_044, Mandatory_Message_044, Default_Value_044, Default_Datatype_044, Tab_Index_044) VALUES ( '3RVQ3M67', '3RVQ3M51', 'QE139_Txt_Honours', 1, 'Honours', NULL, 0, NULL, NULL, 't', NULL)
INSERT INTO Nav_Fields_GADG_NEW( Nav_GADG_NEW_ID, ParentID, FieldName, Enabled_044, Nav_GADG_NEW_044, Script_044, Mandatory_044, Mandatory_Message_044, Default_Value_044, Default_Datatype_044, Tab_Index_044) VALUES ( '3RVQ3M68', '3RVQ3M51', 'QE139_Chk_Proposer', 1, 'Proposer', NULL, 1, 'Please select proposer', NULL, 'b', NULL)
INSERT INTO Nav_Fields_GADG_NEW( Nav_GADG_NEW_ID, ParentID, FieldName, Enabled_044, Nav_GADG_NEW_044, Script_044, Mandatory_044, Mandatory_Message_044, Default_Value_044, Default_Datatype_044, Tab_Index_044) VALUES ( '3RVQ3M69', '3RVQ3M51', 'QE139_Chk_Deceased', 1, 'Deceased', NULL, 1, 'Please select deceased', NULL, 'b', NULL)
INSERT INTO Nav_Fields_GADG_NEW( Nav_GADG_NEW_ID, ParentID, FieldName, Enabled_044, Nav_GADG_NEW_044, Script_044, Mandatory_044, Mandatory_Message_044, Default_Value_044, Default_Datatype_044, Tab_Index_044) VALUES ( '3RVQ3M60', '3RVQ3M51', 'QE139_Cbo_DwellingType', 1, 'Dwelling type', NULL, 1, 'Please select dwelling type', NULL, 't', NULL)
INSERT INTO Nav_Fields_GADG_NEW( Nav_GADG_NEW_ID, ParentID, FieldName, Enabled_044, Nav_GADG_NEW_044, Script_044, Mandatory_044, Mandatory_Message_044, Default_Value_044, Default_Datatype_044, Tab_Index_044) VALUES ( '3RVQ3M61', '3RVQ3M51', 'QE139_Cbo_Dwelling', 1, 'Dwelling', NULL, 1, 'Please select dwelling', NULL, 't', NULL)
INSERT INTO Nav_Fields_GADG_NEW( Nav_GADG_NEW_ID, ParentID, FieldName, Enabled_044, Nav_GADG_NEW_044, Script_044, Mandatory_044, Mandatory_Message_044, Default_Value_044, Default_Datatype_044, Tab_Index_044) VALUES ( '3RVQ3M62', '3RVQ3M51', 'QE139_Txt_Country', 1, 'Country', NULL, 0, NULL, NULL, 't', NULL)
INSERT INTO Nav_Fields_GADG_NEW( Nav_GADG_NEW_ID, ParentID, FieldName, Enabled_044, Nav_GADG_NEW_044, Script_044, Mandatory_044, Mandatory_Message_044, Default_Value_044, Default_Datatype_044, Tab_Index_044) VALUES ( '3RVQ3M63', '3RVQ3M51', 'QE139_Txt_County', 1, 'County', NULL, 0, NULL, NULL, 't', NULL)
INSERT INTO Nav_Fields_GADG_NEW( Nav_GADG_NEW_ID, ParentID, FieldName, Enabled_044, Nav_GADG_NEW_044, Script_044, Mandatory_044, Mandatory_Message_044, Default_Value_044, Default_Datatype_044, Tab_Index_044) VALUES ( '3RVQ3M64', '3RVQ3M51', 'QE139_Txt_City', 1, 'City', NULL, 1, 'Please enter a city', NULL, 't', NULL)
INSERT INTO Nav_Fields_GADG_NEW( Nav_GADG_NEW_ID, ParentID, FieldName, Enabled_044, Nav_GADG_NEW_044, Script_044, Mandatory_044, Mandatory_Message_044, Default_Value_044, Default_Datatype_044, Tab_Index_044) VALUES ( '3RVQ3M65', '3RVQ3M51', 'QE139_Txt_Locality', 1, 'Locality', NULL, 0, NULL, NULL, 't', NULL)
INSERT INTO Nav_Fields_GADG_NEW( Nav_GADG_NEW_ID, ParentID, FieldName, Enabled_044, Nav_GADG_NEW_044, Script_044, Mandatory_044, Mandatory_Message_044, Default_Value_044, Default_Datatype_044, Tab_Index_044) VALUES ( '3RVQ3M66', '3RVQ3M51', 'QE139_Txt_Street', 1, 'Street', NULL, 1, 'Please enter a street', NULL, 't', NULL)
INSERT INTO Nav_Fields_GADG_NEW( Nav_GADG_NEW_ID, ParentID, FieldName, Enabled_044, Nav_GADG_NEW_044, Script_044, Mandatory_044, Mandatory_Message_044, Default_Value_044, Default_Datatype_044, Tab_Index_044) VALUES ( '3RVQ3M76', '3RVQ3M51', 'QE139_Txt_House', 1, 'House', NULL, 1, 'Please enter a house', NULL, 't', NULL)
INSERT INTO Nav_Fields_GADG_NEW( Nav_GADG_NEW_ID, ParentID, FieldName, Enabled_044, Nav_GADG_NEW_044, Script_044, Mandatory_044, Mandatory_Message_044, Default_Value_044, Default_Datatype_044, Tab_Index_044) VALUES ( '3RVQ3M77', '3RVQ3M51', 'QE139_Txt_Postcode', 1, 'Postcode', NULL, 1, 'Please enter a postcode', NULL, 't', NULL)
INSERT INTO Nav_Fields_GADG_NEW( Nav_GADG_NEW_ID, ParentID, FieldName, Enabled_044, Nav_GADG_NEW_044, Script_044, Mandatory_044, Mandatory_Message_044, Default_Value_044, Default_Datatype_044, Tab_Index_044) VALUES ( '3RVQ3M78', '3RVQ3M51', 'QE139_Opt_Sex', 1, 'Sex', NULL, 1, 'Please enter a sex', NULL, 'b', NULL)
INSERT INTO Nav_Fields_GADG_NEW( Nav_GADG_NEW_ID, ParentID, FieldName, Enabled_044, Nav_GADG_NEW_044, Script_044, Mandatory_044, Mandatory_Message_044, Default_Value_044, Default_Datatype_044, Tab_Index_044) VALUES ( '3RVQ3M79', '3RVQ3M51', 'QE139_Cbo_TelephoneType', 1, 'Telephone type', NULL, 0, NULL, NULL, 't', NULL)
INSERT INTO Nav_Fields_GADG_NEW( Nav_GADG_NEW_ID, ParentID, FieldName, Enabled_044, Nav_GADG_NEW_044, Script_044, Mandatory_044, Mandatory_Message_044, Default_Value_044, Default_Datatype_044, Tab_Index_044) VALUES ( '3RVQ3M70', '3RVQ3M51', 'QE139_Chk_ExDirectory', 1, 'Ex directory', NULL, 0, NULL, NULL, 'b', NULL)
INSERT INTO Nav_Fields_GADG_NEW( Nav_GADG_NEW_ID, ParentID, FieldName, Enabled_044, Nav_GADG_NEW_044, Script_044, Mandatory_044, Mandatory_Message_044, Default_Value_044, Default_Datatype_044, Tab_Index_044) VALUES ( '3RVQ3M71', '3RVQ3M51', 'QE139_Txt_Extension', 1, 'Telephone extension', NULL, 0, NULL, NULL, 't', NULL)
INSERT INTO Nav_Fields_GADG_NEW( Nav_GADG_NEW_ID, ParentID, FieldName, Enabled_044, Nav_GADG_NEW_044, Script_044, Mandatory_044, Mandatory_Message_044, Default_Value_044, Default_Datatype_044, Tab_Index_044) VALUES ( '3RVQ3M72', '3RVQ3M51', 'QE139_Txt_Number', 1, 'Telephone number', NULL, 0, NULL, NULL, 't', NULL)
INSERT INTO Nav_Fields_GADG_NEW( Nav_GADG_NEW_ID, ParentID, FieldName, Enabled_044, Nav_GADG_NEW_044, Script_044, Mandatory_044, Mandatory_Message_044, Default_Value_044, Default_Datatype_044, Tab_Index_044) VALUES ( '3RVQ3M73', '3RVQ3M51', 'QE139_Lvw_Telephone', 1, 'Telephone list', NULL, 0, NULL, NULL, 'n', NULL)
INSERT INTO Nav_Fields_GADG_NEW( Nav_GADG_NEW_ID, ParentID, FieldName, Enabled_044, Nav_GADG_NEW_044, Script_044, Mandatory_044, Mandatory_Message_044, Default_Value_044, Default_Datatype_044, Tab_Index_044) VALUES ( '3RVQ3M74', '3RVQ3M51', 'QE139_Txt_SecurityAnswer', 1, 'Security Answer', NULL, 0, NULL, NULL, 't', NULL)
INSERT INTO Nav_Fields_GADG_NEW( Nav_GADG_NEW_ID, ParentID, FieldName, Enabled_044, Nav_GADG_NEW_044, Script_044, Mandatory_044, Mandatory_Message_044, Default_Value_044, Default_Datatype_044, Tab_Index_044) VALUES ( '3RVQ3M84', '3RVQ3M51', 'QE139_Cbo_Security_Question', 1, 'Security Question', NULL, 0, NULL, NULL, 't', NULL)
INSERT INTO Nav_Fields_GADG_NEW( Nav_GADG_NEW_ID, ParentID, FieldName, Enabled_044, Nav_GADG_NEW_044, Script_044, Mandatory_044, Mandatory_Message_044, Default_Value_044, Default_Datatype_044, Tab_Index_044) VALUES ( '3RVQ3M85', '3RVQ3M51', 'QE139_Chk_RenewalQuote', 1, 'Prior Policy Renewal', NULL, 0, NULL, NULL, 'b', NULL)
INSERT INTO Nav_Fields_GADG_NEW( Nav_GADG_NEW_ID, ParentID, FieldName, Enabled_044, Nav_GADG_NEW_044, Script_044, Mandatory_044, Mandatory_Message_044, Default_Value_044, Default_Datatype_044, Tab_Index_044) VALUES ( '3RVQ3M86', '3RVQ3M51', 'QE139_Chk_Instalments', 1, 'Instalments', NULL, 0, NULL, NULL, 'b', NULL)
INSERT INTO Nav_Fields_GADG_NEW( Nav_GADG_NEW_ID, ParentID, FieldName, Enabled_044, Nav_GADG_NEW_044, Script_044, Mandatory_044, Mandatory_Message_044, Default_Value_044, Default_Datatype_044, Tab_Index_044) VALUES ( '3RVQ3M87', '3RVQ3M51', 'QE139_Txt_Email', 1, 'Email', NULL, 0, NULL, NULL, 't', NULL)
INSERT INTO Nav_Fields_GADG_NEW( Nav_GADG_NEW_ID, ParentID, FieldName, Enabled_044, Nav_GADG_NEW_044, Script_044, Mandatory_044, Mandatory_Message_044, Default_Value_044, Default_Datatype_044, Tab_Index_044) VALUES ( '3RVQ3M88', '3RVQ3M51', 'QE139_Msk_DOB', 1, 'Date of Birth', NULL, 0, NULL, NULL, 'd', NULL)
INSERT INTO Nav_Fields_GADG_NEW( Nav_GADG_NEW_ID, ParentID, FieldName, Enabled_044, Nav_GADG_NEW_044, Script_044, Mandatory_044, Mandatory_Message_044, Default_Value_044, Default_Datatype_044, Tab_Index_044) VALUES ( '3RVQ3M89', '3RVQ3M51', 'QE139_Txt_Confirm', 1, 'Confirm password', NULL, 0, NULL, NULL, 't', NULL)
INSERT INTO Nav_Fields_GADG_NEW( Nav_GADG_NEW_ID, ParentID, FieldName, Enabled_044, Nav_GADG_NEW_044, Script_044, Mandatory_044, Mandatory_Message_044, Default_Value_044, Default_Datatype_044, Tab_Index_044) VALUES ( '3RVQ3M80', '3RVQ3M51', 'QE139_Txt_Password', 1, 'Password', NULL, 0, NULL, NULL, 't', NULL)
INSERT INTO Nav_Fields_GADG_NEW( Nav_GADG_NEW_ID, ParentID, FieldName, Enabled_044, Nav_GADG_NEW_044, Script_044, Mandatory_044, Mandatory_Message_044, Default_Value_044, Default_Datatype_044, Tab_Index_044) VALUES ( '3RVQ3M81', '3RVQ3M51', 'QE139_Txt_MaidenName', 1, 'Maiden name', NULL, 0, NULL, NULL, 't', NULL)
INSERT INTO Nav_Fields_GADG_NEW( Nav_GADG_NEW_ID, ParentID, FieldName, Enabled_044, Nav_GADG_NEW_044, Script_044, Mandatory_044, Mandatory_Message_044, Default_Value_044, Default_Datatype_044, Tab_Index_044) VALUES ( '3RVQ3M82', '3RVQ3M51', 'QE139_Cbo_Country', 1, 'Country', NULL, 0, NULL, NULL, 't', NULL)
INSERT INTO Nav_Fields_GADG_NEW( Nav_GADG_NEW_ID, ParentID, FieldName, Enabled_044, Nav_GADG_NEW_044, Script_044, Mandatory_044, Mandatory_Message_044, Default_Value_044, Default_Datatype_044, Tab_Index_044) VALUES ( '3RVQ3M83', '3RVQ3M51', 'QE139_Txt_InputTaxCredit', 1, 'Input Tax Credit', NULL, 0, NULL, NULL, 't', NULL)
INSERT INTO Nav_Fields_GADG_NEW( Nav_GADG_NEW_ID, ParentID, FieldName, Enabled_044, Nav_GADG_NEW_044, Script_044, Mandatory_044, Mandatory_Message_044, Default_Value_044, Default_Datatype_044, Tab_Index_044) VALUES ( '3RVQ3M93', '3RVQ3M51', 'QE139_Cmd_IND', 1, 'Telephone Add', NULL, 0, NULL, NULL, 'b', NULL)
INSERT INTO Nav_Fields_GADG_NEW( Nav_GADG_NEW_ID, ParentID, FieldName, Enabled_044, Nav_GADG_NEW_044, Script_044, Mandatory_044, Mandatory_Message_044, Default_Value_044, Default_Datatype_044, Tab_Index_044) VALUES ( '3RVQ3M94', '3RVQ3M51', 'QE139_Cmd_Remove', 1, 'Telephone Remove', NULL, 0, NULL, NULL, 'b', NULL)
INSERT INTO Nav_Fields_GADG_NEW( Nav_GADG_NEW_ID, ParentID, FieldName, Enabled_044, Nav_GADG_NEW_044, Script_044, Mandatory_044, Mandatory_Message_044, Default_Value_044, Default_Datatype_044, Tab_Index_044) VALUES ( '3RVQ3M95', '3RVQ3M51', 'QE139_Cmd_Search', 1, 'Postcode Search', NULL, 0, NULL, NULL, 'b', NULL)
INSERT INTO Nav_Fields_GADG_NEW( Nav_GADG_NEW_ID, ParentID, FieldName, Enabled_044, Nav_GADG_NEW_044, Script_044, Mandatory_044, Mandatory_Message_044, Default_Value_044, Default_Datatype_044, Tab_Index_044) VALUES ( '3RVQ3M96', '3RVQ3M51', 'QE139_Msk_DateEstablished', 1, 'Date Established', NULL, 0, NULL, NULL, 'd', NULL)

--Contact and Marketing
INSERT INTO Nav_Forms_GADG_NEW( Nav_GADG_NEW_ID, Nav_GADG_NEW, MoveAble, Enabled_044, Sequence_044, Nav_GADG_NEW_044, Nav_Tbl_Tag_044) VALUES ( '3RVQ3M97', 'QE140', 1, 1, 2, 'Contact and Marketing Details', NULL)
INSERT INTO Nav_Fields_GADG_NEW( Nav_GADG_NEW_ID, ParentID, FieldName, Enabled_044, Nav_GADG_NEW_044, Script_044, Mandatory_044, Mandatory_Message_044, Default_Value_044, Default_Datatype_044, Tab_Index_044) VALUES ( '3RVQ3M98', '3RVQ3M97', 'QE140_Chk_TelephoneThird', 1, 'Allow telephone contact from third party', NULL, 0, NULL, '0', 'b', NULL)
INSERT INTO Nav_Fields_GADG_NEW( Nav_GADG_NEW_ID, ParentID, FieldName, Enabled_044, Nav_GADG_NEW_044, Script_044, Mandatory_044, Mandatory_Message_044, Default_Value_044, Default_Datatype_044, Tab_Index_044) VALUES ( '3RVQ3M99', '3RVQ3M97', 'QE140_Chk_TelephoneAffinity', 1, 'Allow telephone contact from affinity', NULL, 0, NULL, '0', 'b', NULL)
INSERT INTO Nav_Fields_GADG_NEW( Nav_GADG_NEW_ID, ParentID, FieldName, Enabled_044, Nav_GADG_NEW_044, Script_044, Mandatory_044, Mandatory_Message_044, Default_Value_044, Default_Datatype_044, Tab_Index_044) VALUES ( '3RVQ3M90', '3RVQ3M97', 'QE140_Chk_TelephoneAdministrator', 1, 'Allow telephone contact from administrator', NULL, 0, NULL, '0', 'b', NULL)
INSERT INTO Nav_Fields_GADG_NEW( Nav_GADG_NEW_ID, ParentID, FieldName, Enabled_044, Nav_GADG_NEW_044, Script_044, Mandatory_044, Mandatory_Message_044, Default_Value_044, Default_Datatype_044, Tab_Index_044) VALUES ( '3RVQ3M91', '3RVQ3M97', 'QE140_Chk_MailingThird', 1, 'Allow mailings from third party', NULL, 0, NULL, '0', 'b', NULL)
INSERT INTO Nav_Fields_GADG_NEW( Nav_GADG_NEW_ID, ParentID, FieldName, Enabled_044, Nav_GADG_NEW_044, Script_044, Mandatory_044, Mandatory_Message_044, Default_Value_044, Default_Datatype_044, Tab_Index_044) VALUES ( '3RVQ3M92', '3RVQ3M97', 'QE140_Chk_MailingAffinity', 1, 'Allow mailings from affinity', NULL, 0, NULL, '0', 'b', NULL)
INSERT INTO Nav_Fields_GADG_NEW( Nav_GADG_NEW_ID, ParentID, FieldName, Enabled_044, Nav_GADG_NEW_044, Script_044, Mandatory_044, Mandatory_Message_044, Default_Value_044, Default_Datatype_044, Tab_Index_044) VALUES ( '3RVQ3MA2', '3RVQ3M97', 'QE140_Chk_MailingAdministrator', 1, 'Allow mailings from administrator', NULL, 0, NULL, '0', 'b', NULL)
INSERT INTO Nav_Fields_GADG_NEW( Nav_GADG_NEW_ID, ParentID, FieldName, Enabled_044, Nav_GADG_NEW_044, Script_044, Mandatory_044, Mandatory_Message_044, Default_Value_044, Default_Datatype_044, Tab_Index_044) VALUES ( '3RVQ3MA3', '3RVQ3M97', 'QE140_Txt_RecommendedBy', 1, 'Referred By', NULL, 0, NULL, NULL, 't', NULL)
INSERT INTO Nav_Fields_GADG_NEW( Nav_GADG_NEW_ID, ParentID, FieldName, Enabled_044, Nav_GADG_NEW_044, Script_044, Mandatory_044, Mandatory_Message_044, Default_Value_044, Default_Datatype_044, Tab_Index_044) VALUES ( '3RVQ3MA4', '3RVQ3M97', 'QE140_Txt_Reference', 1, 'Reference', NULL, 0, NULL, NULL, 't', NULL)
INSERT INTO Nav_Fields_GADG_NEW( Nav_GADG_NEW_ID, ParentID, FieldName, Enabled_044, Nav_GADG_NEW_044, Script_044, Mandatory_044, Mandatory_Message_044, Default_Value_044, Default_Datatype_044, Tab_Index_044) VALUES ( '3RVQ3MA5', '3RVQ3M97', 'QE140_Cbo_Campaign', 1, 'Marketing source campaign', NULL, 0, NULL, NULL, 't', NULL)
INSERT INTO Nav_Fields_GADG_NEW( Nav_GADG_NEW_ID, ParentID, FieldName, Enabled_044, Nav_GADG_NEW_044, Script_044, Mandatory_044, Mandatory_Message_044, Default_Value_044, Default_Datatype_044, Tab_Index_044) VALUES ( '3RVQ3MA6', '3RVQ3M97', 'QE140_Cbo_Activity', 1, 'Marketing source activity', NULL, 0, NULL, NULL, 't', NULL)
INSERT INTO Nav_Fields_GADG_NEW( Nav_GADG_NEW_ID, ParentID, FieldName, Enabled_044, Nav_GADG_NEW_044, Script_044, Mandatory_044, Mandatory_Message_044, Default_Value_044, Default_Datatype_044, Tab_Index_044) VALUES ( '3RVQ3MA7', '3RVQ3M97', 'QE140_Cbo_Source', 1, 'Marketing source of business', NULL, 0, NULL, NULL, 't', NULL)
INSERT INTO Nav_Fields_GADG_NEW( Nav_GADG_NEW_ID, ParentID, FieldName, Enabled_044, Nav_GADG_NEW_044, Script_044, Mandatory_044, Mandatory_Message_044, Default_Value_044, Default_Datatype_044, Tab_Index_044) VALUES ( '3RVQ3MA8', '3RVQ3M97', 'QE140_Chk_StopCorrespondence', 1, 'Stop Correspondence', NULL, 0, NULL, '0', 'b', NULL)
INSERT INTO Nav_Fields_GADG_NEW( Nav_GADG_NEW_ID, ParentID, FieldName, Enabled_044, Nav_GADG_NEW_044, Script_044, Mandatory_044, Mandatory_Message_044, Default_Value_044, Default_Datatype_044, Tab_Index_044) VALUES ( '3RVQ3MA9', '3RVQ3M97', 'QE140_Cbo_Preferred', 1, 'Preferred contact method', NULL, 0, NULL, NULL, 't', NULL)
--Target Premium
INSERT INTO Nav_Forms_GADG_NEW( Nav_GADG_NEW_ID, Nav_GADG_NEW, MoveAble, Enabled_044, Sequence_044, Nav_GADG_NEW_044, Nav_Tbl_Tag_044) VALUES ( '3RVQ3MA0', 'QE141', 1, 1, 3, 'Target Premium', NULL)
INSERT INTO Nav_Fields_GADG_NEW( Nav_GADG_NEW_ID, ParentID, FieldName, Enabled_044, Nav_GADG_NEW_044, Script_044, Mandatory_044, Mandatory_Message_044, Default_Value_044, Default_Datatype_044, Tab_Index_044) VALUES ( '3RVQ3MB0', '3RVQ3MA0', 'QE141_Cbo_Insurer', 1, 'Best quote given by', NULL, 0, NULL, NULL, 't', NULL)
INSERT INTO Nav_Fields_GADG_NEW( Nav_GADG_NEW_ID, ParentID, FieldName, Enabled_044, Nav_GADG_NEW_044, Script_044, Mandatory_044, Mandatory_Message_044, Default_Value_044, Default_Datatype_044, Tab_Index_044) VALUES ( '3RVQ3MB1', '3RVQ3MA0', 'QE141_Msk_CurrentRenewalDate', 1, 'Current renewal date', NULL, 0, NULL, NULL, 'd', NULL)
INSERT INTO Nav_Fields_GADG_NEW( Nav_GADG_NEW_ID, ParentID, FieldName, Enabled_044, Nav_GADG_NEW_044, Script_044, Mandatory_044, Mandatory_Message_044, Default_Value_044, Default_Datatype_044, Tab_Index_044) VALUES ( '3RVQ3MB2', '3RVQ3MA0', 'QE141_CFd_Premium', 1, 'Previously quoted premium', NULL, 0, NULL, NULL, 'n', NULL)
--Cross Sales
INSERT INTO Nav_Forms_GADG_NEW( Nav_GADG_NEW_ID, Nav_GADG_NEW, MoveAble, Enabled_044, Sequence_044, Nav_GADG_NEW_044, Nav_Tbl_Tag_044) VALUES ( '3RVQ3MB3', 'QE107', 1, 1, 4, 'Cross Sales', NULL)
INSERT INTO Nav_Fields_GADG_NEW( Nav_GADG_NEW_ID, ParentID, FieldName, Enabled_044, Nav_GADG_NEW_044, Script_044, Mandatory_044, Mandatory_Message_044, Default_Value_044, Default_Datatype_044, Tab_Index_044) VALUES ( '3RVQ3MB4', '3RVQ3MB3', 'QE107_Cmb_Product', 1, 'Product', NULL, 0, NULL, NULL, 't', NULL)
INSERT INTO Nav_Fields_GADG_NEW( Nav_GADG_NEW_ID, ParentID, FieldName, Enabled_044, Nav_GADG_NEW_044, Script_044, Mandatory_044, Mandatory_Message_044, Default_Value_044, Default_Datatype_044, Tab_Index_044) VALUES ( '3RVQ3MB5', '3RVQ3MB3', 'QE107_Msk_RenewalDate', 1, 'Renewal Date', NULL, 0, NULL, NULL, 'd', NULL)
INSERT INTO Nav_Fields_GADG_NEW( Nav_GADG_NEW_ID, ParentID, FieldName, Enabled_044, Nav_GADG_NEW_044, Script_044, Mandatory_044, Mandatory_Message_044, Default_Value_044, Default_Datatype_044, Tab_Index_044) VALUES ( '3RVQ3MB6', '3RVQ3MB3', 'QE107_CFd_Premium', 1, 'Premium', NULL, 0, NULL, NULL, 'n', NULL)
INSERT INTO Nav_Fields_GADG_NEW( Nav_GADG_NEW_ID, ParentID, FieldName, Enabled_044, Nav_GADG_NEW_044, Script_044, Mandatory_044, Mandatory_Message_044, Default_Value_044, Default_Datatype_044, Tab_Index_044) VALUES ( '3RVQ3MB7', '3RVQ3MB3', 'QE107_Cmd_Add', 1, 'Add', NULL, 0, NULL, NULL, 'b', NULL)
INSERT INTO Nav_Fields_GADG_NEW( Nav_GADG_NEW_ID, ParentID, FieldName, Enabled_044, Nav_GADG_NEW_044, Script_044, Mandatory_044, Mandatory_Message_044, Default_Value_044, Default_Datatype_044, Tab_Index_044) VALUES ( '3RVQ3MB8', '3RVQ3MB3', 'QE107_Cmd_Remove', 1, 'Remove', NULL, 0, NULL, NULL, 'b', NULL)
INSERT INTO Nav_Fields_GADG_NEW( Nav_GADG_NEW_ID, ParentID, FieldName, Enabled_044, Nav_GADG_NEW_044, Script_044, Mandatory_044, Mandatory_Message_044, Default_Value_044, Default_Datatype_044, Tab_Index_044) VALUES ( '3RVQ3MB9', '3RVQ3MB3', 'QE107_Lvw_Products', 1, 'Product List', NULL, 0, NULL, NULL, 'n', NULL)
INSERT INTO Nav_Fields_GADG_NEW( Nav_GADG_NEW_ID, ParentID, FieldName, Enabled_044, Nav_GADG_NEW_044, Script_044, Mandatory_044, Mandatory_Message_044, Default_Value_044, Default_Datatype_044, Tab_Index_044) VALUES ( '3RVQ3MC9', '3RVQ3MB3', 'QE107_Cmb_Rating', 1, 'Rating', NULL, 0, NULL, NULL, 't', NULL)
--Extensions of Cover
INSERT INTO Nav_Forms_GADG_NEW( Nav_GADG_NEW_ID, Nav_GADG_NEW, MoveAble, Enabled_044, Sequence_044, Nav_GADG_NEW_044, Nav_Tbl_Tag_044) VALUES ( '3RVQ3MC0', 'QE151', 1, 0, 5, 'Extensions of Cover', NULL)
INSERT INTO Nav_Fields_GADG_NEW( Nav_GADG_NEW_ID, ParentID, FieldName, Enabled_044, Nav_GADG_NEW_044, Script_044, Mandatory_044, Mandatory_Message_044, Default_Value_044, Default_Datatype_044, Tab_Index_044) VALUES ( '3RVQ3MC1', '3RVQ3MC0', 'QE151_Lvw_AddOn', 1, 'Extension List', NULL, 0, NULL, NULL, 'n', NULL)
--Add Ons
INSERT INTO Nav_Forms_GADG_NEW( Nav_GADG_NEW_ID, Nav_GADG_NEW, MoveAble, Enabled_044, Sequence_044, Nav_GADG_NEW_044, Nav_Tbl_Tag_044) VALUES ( '3RVQ3MC2', 'QE165', 1, 0, 6, 'Add Ons', NULL)
INSERT INTO Nav_Fields_GADG_NEW( Nav_GADG_NEW_ID, ParentID, FieldName, Enabled_044, Nav_GADG_NEW_044, Script_044, Mandatory_044, Mandatory_Message_044, Default_Value_044, Default_Datatype_044, Tab_Index_044) VALUES ( '3RVQ3MC3', '3RVQ3MC2', 'QE165_Lvw_AddOn', 1, 'Add On List', NULL, 0, NULL, NULL, 'n', NULL)
--Policy Length
INSERT INTO Nav_Forms_GADG_NEW( Nav_GADG_NEW_ID, Nav_GADG_NEW, MoveAble, Enabled_044, Sequence_044, Nav_GADG_NEW_044, Nav_Tbl_Tag_044) VALUES ( '3RVQ3MC4', 'frmQE_PolicyLength', 1, 0, 7, 'Policy Length Details', NULL)
INSERT INTO Nav_Forms_GADG_NEW( Nav_GADG_NEW_ID, Nav_GADG_NEW, MoveAble, Enabled_044, Sequence_044, Nav_GADG_NEW_044, Nav_Tbl_Tag_044) VALUES ( '3RVQ3MC5', 'QE90', 1, 0, 8, 'Payment Plan', NULL)
--FSA
INSERT INTO Nav_Forms_GADG_NEW( Nav_GADG_NEW_ID, Nav_GADG_NEW, MoveAble, Enabled_044, Sequence_044, Nav_GADG_NEW_044, Nav_Tbl_Tag_044) VALUES ( '3RVQ3MC6', 'frmQE_FSAGeneral', 1, 0, 9, 'General FSA Declaration', NULL)      
    
--Summary
INSERT INTO Nav_Forms_GADG_NEW( Nav_GADG_NEW_ID, Nav_GADG_NEW, MoveAble, Enabled_044, Sequence_044, Nav_GADG_NEW_044, Nav_Tbl_Tag_044) VALUES ( '3RVQ3MC7', 'QS99', 1, 1, 14, 'Gadget and Leisure Equipment Summary', NULL)
GO
  
INSERT INTO Nav_Forms_GADG_NEW( Nav_GADG_NEW_ID, Nav_GADG_NEW, MoveAble, Enabled_044, Sequence_044, Nav_GADG_NEW_044, Nav_Tbl_Tag_044) VALUES ( '3RVQ3MD3', 'TES_Screen_Builder\\GADG\frmGDLE.tst', 1, 1, 12, 'Gadget and Leisure Cover Details', NULL)
                          
INSERT INTO Nav_Fields_GADG_NEW( Nav_GADG_NEW_ID, ParentID, FieldName, Enabled_044, Nav_GADG_NEW_044, Script_044, Mandatory_044, Mandatory_Message_044, Default_Value_044, Default_Datatype_044, Tab_Index_044) VALUES ( '3RVQ3MD4', '3RVQ3MD3', 'chkEuro', 1, 'chkEuro', NULL, 0, NULL, NULL, 'b', NULL)
			
INSERT INTO Nav_Fields_GADG_NEW( Nav_GADG_NEW_ID, ParentID, FieldName, Enabled_044, Nav_GADG_NEW_044, Script_044, Mandatory_044, Mandatory_Message_044, Default_Value_044, Default_Datatype_044, Tab_Index_044) VALUES ( '3RVQ3MD5', '3RVQ3MD3', 'cboVisitingFamily', 1, 'cboVisitingFamily', NULL, 0, NULL, NULL, 't', NULL)
			
INSERT INTO Nav_Fields_GADG_NEW( Nav_GADG_NEW_ID, ParentID, FieldName, Enabled_044, Nav_GADG_NEW_044, Script_044, Mandatory_044, Mandatory_Message_044, Default_Value_044, Default_Datatype_044, Tab_Index_044) VALUES ( '3RVQ3MD6', '3RVQ3MD3', 'cboGadget', 1, 'cboGadget', NULL, 0, NULL, NULL, 't', NULL)
			
INSERT INTO Nav_Fields_GADG_NEW( Nav_GADG_NEW_ID, ParentID, FieldName, Enabled_044, Nav_GADG_NEW_044, Script_044, Mandatory_044, Mandatory_Message_044, Default_Value_044, Default_Datatype_044, Tab_Index_044) VALUES ( '3RVQ3ME6', '3RVQ3MD3', 'cboLeisure', 1, 'cboLeisure', NULL, 0, NULL, NULL, 't', NULL)
			
INSERT INTO Nav_Fields_GADG_NEW( Nav_GADG_NEW_ID, ParentID, FieldName, Enabled_044, Nav_GADG_NEW_044, Script_044, Mandatory_044, Mandatory_Message_044, Default_Value_044, Default_Datatype_044, Tab_Index_044) VALUES ( '3RVQ3ME7', '3RVQ3MD3', 'cboProduct', 1, 'cboProduct', NULL, 0, NULL, NULL, 't', NULL)
			
INSERT INTO Nav_Forms_GADG_NEW( Nav_GADG_NEW_ID, Nav_GADG_NEW,MoveAble, Enabled_044, Sequence_044, Nav_GADG_NEW_044, Nav_Tbl_Tag_044) VALUES ( '3RVQ3ME8', '&+GADG_PROPDET_NEW', 1, 1, 11, 'Proposer Details', NULL)
                        
INSERT INTO Nav_Forms_GADG_PROPDET_NEW( Nav_GADG_PROPDET_NEW_ID, Nav_GADG_PROPDET_NEW, MoveAble, Enabled_044, Sequence_044, Nav_GADG_PROPDET_NEW_044, Nav_Tbl_Tag_044) VALUES ( '3RVQ3ME9', 'TES_Screen_Builder\\GADG\frmPROPDET.tst', 1, 1, 9, 'Proposer Details', NULL)
							
INSERT INTO Nav_Fields_GADG_PROPDET_NEW( Nav_GADG_PROPDET_NEW_ID, ParentID, FieldName, Enabled_044, Nav_GADG_PROPDET_NEW_044, Script_044, Mandatory_044, Mandatory_Message_044, Default_Value_044, Default_Datatype_044, Tab_Index_044) VALUES ( '3RVQ3ME0', '3RVQ3ME9', 'cboEmpStat', 1, 'cboEmpStat', NULL, 0, NULL, NULL, 't', NULL)
			
INSERT INTO Nav_Fields_GADG_PROPDET_NEW( Nav_GADG_PROPDET_NEW_ID, ParentID, FieldName, Enabled_044, Nav_GADG_PROPDET_NEW_044, Script_044, Mandatory_044, Mandatory_Message_044, Default_Value_044, Default_Datatype_044, Tab_Index_044) VALUES ( '3RVQ3ME1', '3RVQ3ME9', 'cboEmpBus', 1, 'cboEmpBus', NULL, 0, NULL, NULL, 't', NULL)
			
INSERT INTO Nav_Fields_GADG_PROPDET_NEW( Nav_GADG_PROPDET_NEW_ID, ParentID, FieldName, Enabled_044, Nav_GADG_PROPDET_NEW_044, Script_044, Mandatory_044, Mandatory_Message_044, Default_Value_044, Default_Datatype_044, Tab_Index_044) VALUES ( '3RVQ3ME2', '3RVQ3ME9', 'cboOccupation', 1, 'cboOccupation', NULL, 0, NULL, NULL, 't', NULL)
			
INSERT INTO Nav_Fields_GADG_PROPDET_NEW( Nav_GADG_PROPDET_NEW_ID, ParentID, FieldName, Enabled_044, Nav_GADG_PROPDET_NEW_044, Script_044, Mandatory_044, Mandatory_Message_044, Default_Value_044, Default_Datatype_044, Tab_Index_044) VALUES ( '3RVQ3ME3', '3RVQ3ME9', 'mskDOB', 1, 'mskDOB', NULL, 0, NULL, NULL, 'd', NULL)
			
INSERT INTO Nav_Fields_GADG_PROPDET_NEW( Nav_GADG_PROPDET_NEW_ID, ParentID, FieldName, Enabled_044, Nav_GADG_PROPDET_NEW_044, Script_044, Mandatory_044, Mandatory_Message_044, Default_Value_044, Default_Datatype_044, Tab_Index_044) VALUES ( '3RVQ3ME4', '3RVQ3ME9', 'txtSurname', 1, 'txtSurname', NULL, 0, NULL, NULL, 't', NULL)
					
INSERT INTO Nav_Fields_GADG_PROPDET_NEW( Nav_GADG_PROPDET_NEW_ID, ParentID, FieldName, Enabled_044, Nav_GADG_PROPDET_NEW_044, Script_044, Mandatory_044, Mandatory_Message_044, Default_Value_044, Default_Datatype_044, Tab_Index_044) VALUES ( '3RVQ3ME5', '3RVQ3ME9', 'txtInitial', 1, 'txtInitial', NULL, 0, NULL, NULL, 't', NULL)
					
INSERT INTO Nav_Fields_GADG_PROPDET_NEW( Nav_GADG_PROPDET_NEW_ID, ParentID, FieldName, Enabled_044, Nav_GADG_PROPDET_NEW_044, Script_044, Mandatory_044, Mandatory_Message_044, Default_Value_044, Default_Datatype_044, Tab_Index_044) VALUES ( '3RVQ3MF5', '3RVQ3ME9', 'txtForename', 1, 'txtForename', NULL, 0, NULL, NULL, 't', NULL)
					
INSERT INTO Nav_Fields_GADG_PROPDET_NEW( Nav_GADG_PROPDET_NEW_ID, ParentID, FieldName, Enabled_044, Nav_GADG_PROPDET_NEW_044, Script_044, Mandatory_044, Mandatory_Message_044, Default_Value_044, Default_Datatype_044, Tab_Index_044) VALUES ( '3RVQ3MF6', '3RVQ3ME9', 'cboTitle', 1, 'cboTitle', NULL, 0, NULL, NULL, 't', NULL)
			
INSERT INTO Nav_Forms_GADG_NEW( Nav_GADG_NEW_ID, Nav_GADG_NEW, MoveAble, Enabled_044, Sequence_044, Nav_GADG_NEW_044, Nav_Tbl_Tag_044) VALUES ( '3RVQ3MF7', 'TES_Screen_Builder\\GADG\frmGeneral.tst', 1, 1, 13, 'General Questions', NULL)
                          
INSERT INTO Nav_Fields_GADG_NEW( Nav_GADG_NEW_ID, ParentID, FieldName, Enabled_044, Nav_GADG_NEW_044, Script_044, Mandatory_044, Mandatory_Message_044, Default_Value_044, Default_Datatype_044, Tab_Index_044) VALUES ( '3RVQ3MF8', '3RVQ3MF7', 'txtDetails', 1, 'Details', NULL, 0, NULL, NULL, 't', NULL)
					
INSERT INTO Nav_Fields_GADG_NEW( Nav_GADG_NEW_ID, ParentID, FieldName, Enabled_044, Nav_GADG_NEW_044, Script_044, Mandatory_044, Mandatory_Message_044, Default_Value_044, Default_Datatype_044, Tab_Index_044) VALUES ( '3RVQ3MF9', '3RVQ3MF7', 'chkRequested', 1, 'Requested', NULL, 0, NULL, NULL, 'b', NULL)
			
INSERT INTO Nav_Fields_GADG_NEW( Nav_GADG_NEW_ID, ParentID, FieldName, Enabled_044, Nav_GADG_NEW_044, Script_044, Mandatory_044, Mandatory_Message_044, Default_Value_044, Default_Datatype_044, Tab_Index_044) VALUES ( '3RVQ3MF0', '3RVQ3MF7', 'chkConvicted', 1, 'Convicted', NULL, 0, NULL, NULL, 'b', NULL)
			
INSERT INTO Nav_Fields_GADG_NEW( Nav_GADG_NEW_ID, ParentID, FieldName, Enabled_044, Nav_GADG_NEW_044, Script_044, Mandatory_044, Mandatory_Message_044, Default_Value_044, Default_Datatype_044, Tab_Index_044) VALUES ( '3RVQ3MF1', '3RVQ3MF7', 'chkRefused', 1, 'Refused', NULL, 0, NULL, NULL, 'b', NULL)
			
    
  GO  
    
--Client Details
INSERT INTO Nav_Forms_GADG_ADD( Nav_GADG_ADD_ID, Nav_GADG_ADD, MoveAble, Enabled_044, Sequence_044, Nav_GADG_ADD_044, Nav_Tbl_Tag_044) VALUES ( '3RVQ3MF2', 'QE139', 0, 0, 1, 'Client Details', NULL)
INSERT INTO Nav_Fields_GADG_ADD( Nav_GADG_ADD_ID, ParentID, FieldName, Enabled_044, Nav_GADG_ADD_044, Script_044, Mandatory_044, Mandatory_Message_044, Default_Value_044, Default_Datatype_044, Tab_Index_044) VALUES ( '3RVQ3MF3', '3RVQ3MF2', 'QE139_Opt_Company', 1, 'Company', NULL, 1, 'Please select Company', NULL, 'b', NULL)
INSERT INTO Nav_Fields_GADG_ADD( Nav_GADG_ADD_ID, ParentID, FieldName, Enabled_044, Nav_GADG_ADD_044, Script_044, Mandatory_044, Mandatory_Message_044, Default_Value_044, Default_Datatype_044, Tab_Index_044) VALUES ( '3RVQ3MF4', '3RVQ3MF2', 'QE139_Opt_Individual', 1, 'Private individual', NULL, 1, 'Please select Individual', NULL, 'b', NULL)
INSERT INTO Nav_Fields_GADG_ADD( Nav_GADG_ADD_ID, ParentID, FieldName, Enabled_044, Nav_GADG_ADD_044, Script_044, Mandatory_044, Mandatory_Message_044, Default_Value_044, Default_Datatype_044, Tab_Index_044) VALUES ( '3RVQ3MG4', '3RVQ3MF2', 'QE139_Cbo_Title', 1, 'Title', NULL, 1, 'Please select a title', NULL, 't', NULL)
INSERT INTO Nav_Fields_GADG_ADD( Nav_GADG_ADD_ID, ParentID, FieldName, Enabled_044, Nav_GADG_ADD_044, Script_044, Mandatory_044, Mandatory_Message_044, Default_Value_044, Default_Datatype_044, Tab_Index_044) VALUES ( '3RVQ3MG5', '3RVQ3MF2', 'QE139_Txt_Surname', 1, 'Surname', NULL, 1, 'Please enter a surname', NULL, 't', NULL)
INSERT INTO Nav_Fields_GADG_ADD( Nav_GADG_ADD_ID, ParentID, FieldName, Enabled_044, Nav_GADG_ADD_044, Script_044, Mandatory_044, Mandatory_Message_044, Default_Value_044, Default_Datatype_044, Tab_Index_044) VALUES ( '3RVQ3MG6', '3RVQ3MF2', 'QE139_Txt_Initials', 1, 'Initials', NULL, 0, NULL, NULL, 't', NULL)
INSERT INTO Nav_Fields_GADG_ADD( Nav_GADG_ADD_ID, ParentID, FieldName, Enabled_044, Nav_GADG_ADD_044, Script_044, Mandatory_044, Mandatory_Message_044, Default_Value_044, Default_Datatype_044, Tab_Index_044) VALUES ( '3RVQ3MG7', '3RVQ3MF2', 'QE139_Txt_Forename', 1, 'Forename', NULL, 1, 'Please enter a forename', NULL, 't', NULL)
INSERT INTO Nav_Fields_GADG_ADD( Nav_GADG_ADD_ID, ParentID, FieldName, Enabled_044, Nav_GADG_ADD_044, Script_044, Mandatory_044, Mandatory_Message_044, Default_Value_044, Default_Datatype_044, Tab_Index_044) VALUES ( '3RVQ3MG8', '3RVQ3MF2', 'QE139_Txt_Honours', 1, 'Honours', NULL, 0, NULL, NULL, 't', NULL)
INSERT INTO Nav_Fields_GADG_ADD( Nav_GADG_ADD_ID, ParentID, FieldName, Enabled_044, Nav_GADG_ADD_044, Script_044, Mandatory_044, Mandatory_Message_044, Default_Value_044, Default_Datatype_044, Tab_Index_044) VALUES ( '3RVQ3MG9', '3RVQ3MF2', 'QE139_Chk_Proposer', 1, 'Proposer', NULL, 1, 'Please select proposer', NULL, 'b', NULL)
INSERT INTO Nav_Fields_GADG_ADD( Nav_GADG_ADD_ID, ParentID, FieldName, Enabled_044, Nav_GADG_ADD_044, Script_044, Mandatory_044, Mandatory_Message_044, Default_Value_044, Default_Datatype_044, Tab_Index_044) VALUES ( '3RVQ3MG0', '3RVQ3MF2', 'QE139_Chk_Deceased', 1, 'Deceased', NULL, 1, 'Please select deceased', NULL, 'b', NULL)
INSERT INTO Nav_Fields_GADG_ADD( Nav_GADG_ADD_ID, ParentID, FieldName, Enabled_044, Nav_GADG_ADD_044, Script_044, Mandatory_044, Mandatory_Message_044, Default_Value_044, Default_Datatype_044, Tab_Index_044) VALUES ( '3RVQ3MG1', '3RVQ3MF2', 'QE139_Cbo_DwellingType', 1, 'Dwelling type', NULL, 1, 'Please select dwelling type', NULL, 't', NULL)
INSERT INTO Nav_Fields_GADG_ADD( Nav_GADG_ADD_ID, ParentID, FieldName, Enabled_044, Nav_GADG_ADD_044, Script_044, Mandatory_044, Mandatory_Message_044, Default_Value_044, Default_Datatype_044, Tab_Index_044) VALUES ( '3RVQ3MG2', '3RVQ3MF2', 'QE139_Cbo_Dwelling', 1, 'Dwelling', NULL, 1, 'Please select dwelling', NULL, 't', NULL)
INSERT INTO Nav_Fields_GADG_ADD( Nav_GADG_ADD_ID, ParentID, FieldName, Enabled_044, Nav_GADG_ADD_044, Script_044, Mandatory_044, Mandatory_Message_044, Default_Value_044, Default_Datatype_044, Tab_Index_044) VALUES ( '3RVQ3MH2', '3RVQ3MF2', 'QE139_Txt_Country', 1, 'Country', NULL, 0, NULL, NULL, 't', NULL)
INSERT INTO Nav_Fields_GADG_ADD( Nav_GADG_ADD_ID, ParentID, FieldName, Enabled_044, Nav_GADG_ADD_044, Script_044, Mandatory_044, Mandatory_Message_044, Default_Value_044, Default_Datatype_044, Tab_Index_044) VALUES ( '3RVQ3MH3', '3RVQ3MF2', 'QE139_Txt_County', 1, 'County', NULL, 0, NULL, NULL, 't', NULL)
INSERT INTO Nav_Fields_GADG_ADD( Nav_GADG_ADD_ID, ParentID, FieldName, Enabled_044, Nav_GADG_ADD_044, Script_044, Mandatory_044, Mandatory_Message_044, Default_Value_044, Default_Datatype_044, Tab_Index_044) VALUES ( '3RVQ3MH4', '3RVQ3MF2', 'QE139_Txt_City', 1, 'City', NULL, 1, 'Please enter a city', NULL, 't', NULL)
INSERT INTO Nav_Fields_GADG_ADD( Nav_GADG_ADD_ID, ParentID, FieldName, Enabled_044, Nav_GADG_ADD_044, Script_044, Mandatory_044, Mandatory_Message_044, Default_Value_044, Default_Datatype_044, Tab_Index_044) VALUES ( '3RVQ3MH5', '3RVQ3MF2', 'QE139_Txt_Locality', 1, 'Locality', NULL, 0, NULL, NULL, 't', NULL)
INSERT INTO Nav_Fields_GADG_ADD( Nav_GADG_ADD_ID, ParentID, FieldName, Enabled_044, Nav_GADG_ADD_044, Script_044, Mandatory_044, Mandatory_Message_044, Default_Value_044, Default_Datatype_044, Tab_Index_044) VALUES ( '3RVQ3MH6', '3RVQ3MF2', 'QE139_Txt_Street', 1, 'Street', NULL, 1, 'Please enter a street', NULL, 't', NULL)
INSERT INTO Nav_Fields_GADG_ADD( Nav_GADG_ADD_ID, ParentID, FieldName, Enabled_044, Nav_GADG_ADD_044, Script_044, Mandatory_044, Mandatory_Message_044, Default_Value_044, Default_Datatype_044, Tab_Index_044) VALUES ( '3RVQ3MH7', '3RVQ3MF2', 'QE139_Txt_House', 1, 'House', NULL, 1, 'Please enter a house', NULL, 't', NULL)
INSERT INTO Nav_Fields_GADG_ADD( Nav_GADG_ADD_ID, ParentID, FieldName, Enabled_044, Nav_GADG_ADD_044, Script_044, Mandatory_044, Mandatory_Message_044, Default_Value_044, Default_Datatype_044, Tab_Index_044) VALUES ( '3RVQ3MH8', '3RVQ3MF2', 'QE139_Txt_Postcode', 1, 'Postcode', NULL, 1, 'Please enter a postcode', NULL, 't', NULL)
INSERT INTO Nav_Fields_GADG_ADD( Nav_GADG_ADD_ID, ParentID, FieldName, Enabled_044, Nav_GADG_ADD_044, Script_044, Mandatory_044, Mandatory_Message_044, Default_Value_044, Default_Datatype_044, Tab_Index_044) VALUES ( '3RVQ3MH9', '3RVQ3MF2', 'QE139_Opt_Sex', 1, 'Sex', NULL, 1, 'Please enter a sex', NULL, 'b', NULL)
INSERT INTO Nav_Fields_GADG_ADD( Nav_GADG_ADD_ID, ParentID, FieldName, Enabled_044, Nav_GADG_ADD_044, Script_044, Mandatory_044, Mandatory_Message_044, Default_Value_044, Default_Datatype_044, Tab_Index_044) VALUES ( '3RVQ3MH0', '3RVQ3MF2', 'QE139_Cbo_TelephoneType', 1, 'Telephone type', NULL, 0, NULL, NULL, 't', NULL)
INSERT INTO Nav_Fields_GADG_ADD( Nav_GADG_ADD_ID, ParentID, FieldName, Enabled_044, Nav_GADG_ADD_044, Script_044, Mandatory_044, Mandatory_Message_044, Default_Value_044, Default_Datatype_044, Tab_Index_044) VALUES ( '3RVQ3MH1', '3RVQ3MF2', 'QE139_Chk_ExDirectory', 1, 'Ex directory', NULL, 0, NULL, NULL, 'b', NULL)
INSERT INTO Nav_Fields_GADG_ADD( Nav_GADG_ADD_ID, ParentID, FieldName, Enabled_044, Nav_GADG_ADD_044, Script_044, Mandatory_044, Mandatory_Message_044, Default_Value_044, Default_Datatype_044, Tab_Index_044) VALUES ( '3RVQ3MI1', '3RVQ3MF2', 'QE139_Txt_Extension', 1, 'Telephone extension', NULL, 0, NULL, NULL, 't', NULL)
INSERT INTO Nav_Fields_GADG_ADD( Nav_GADG_ADD_ID, ParentID, FieldName, Enabled_044, Nav_GADG_ADD_044, Script_044, Mandatory_044, Mandatory_Message_044, Default_Value_044, Default_Datatype_044, Tab_Index_044) VALUES ( '3RVQ3MI2', '3RVQ3MF2', 'QE139_Txt_Number', 1, 'Telephone number', NULL, 0, NULL, NULL, 't', NULL)
INSERT INTO Nav_Fields_GADG_ADD( Nav_GADG_ADD_ID, ParentID, FieldName, Enabled_044, Nav_GADG_ADD_044, Script_044, Mandatory_044, Mandatory_Message_044, Default_Value_044, Default_Datatype_044, Tab_Index_044) VALUES ( '3RVQ3MI3', '3RVQ3MF2', 'QE139_Lvw_Telephone', 1, 'Telephone list', NULL, 0, NULL, NULL, 'n', NULL)
INSERT INTO Nav_Fields_GADG_ADD( Nav_GADG_ADD_ID, ParentID, FieldName, Enabled_044, Nav_GADG_ADD_044, Script_044, Mandatory_044, Mandatory_Message_044, Default_Value_044, Default_Datatype_044, Tab_Index_044) VALUES ( '3RVQ3MI4', '3RVQ3MF2', 'QE139_Txt_SecurityAnswer', 1, 'Security Answer', NULL, 0, NULL, NULL, 't', NULL)
INSERT INTO Nav_Fields_GADG_ADD( Nav_GADG_ADD_ID, ParentID, FieldName, Enabled_044, Nav_GADG_ADD_044, Script_044, Mandatory_044, Mandatory_Message_044, Default_Value_044, Default_Datatype_044, Tab_Index_044) VALUES ( '3RVQ3MI5', '3RVQ3MF2', 'QE139_Cbo_Security_Question', 1, 'Security Question', NULL, 0, NULL, NULL, 't', NULL)
INSERT INTO Nav_Fields_GADG_ADD( Nav_GADG_ADD_ID, ParentID, FieldName, Enabled_044, Nav_GADG_ADD_044, Script_044, Mandatory_044, Mandatory_Message_044, Default_Value_044, Default_Datatype_044, Tab_Index_044) VALUES ( '3RVQ3MI6', '3RVQ3MF2', 'QE139_Chk_RenewalQuote', 1, 'Prior Policy Renewal', NULL, 0, NULL, NULL, 'b', NULL)
INSERT INTO Nav_Fields_GADG_ADD( Nav_GADG_ADD_ID, ParentID, FieldName, Enabled_044, Nav_GADG_ADD_044, Script_044, Mandatory_044, Mandatory_Message_044, Default_Value_044, Default_Datatype_044, Tab_Index_044) VALUES ( '3RVQ3MI7', '3RVQ3MF2', 'QE139_Chk_Instalments', 1, 'Instalments', NULL, 0, NULL, NULL, 'b', NULL)
INSERT INTO Nav_Fields_GADG_ADD( Nav_GADG_ADD_ID, ParentID, FieldName, Enabled_044, Nav_GADG_ADD_044, Script_044, Mandatory_044, Mandatory_Message_044, Default_Value_044, Default_Datatype_044, Tab_Index_044) VALUES ( '3RVQ3MI8', '3RVQ3MF2', 'QE139_Txt_Email', 1, 'Email', NULL, 0, NULL, NULL, 't', NULL)
INSERT INTO Nav_Fields_GADG_ADD( Nav_GADG_ADD_ID, ParentID, FieldName, Enabled_044, Nav_GADG_ADD_044, Script_044, Mandatory_044, Mandatory_Message_044, Default_Value_044, Default_Datatype_044, Tab_Index_044) VALUES ( '3RVQ3MI9', '3RVQ3MF2', 'QE139_Msk_DOB', 1, 'Date of Birth', NULL, 0, NULL, NULL, 'd', NULL)
INSERT INTO Nav_Fields_GADG_ADD( Nav_GADG_ADD_ID, ParentID, FieldName, Enabled_044, Nav_GADG_ADD_044, Script_044, Mandatory_044, Mandatory_Message_044, Default_Value_044, Default_Datatype_044, Tab_Index_044) VALUES ( '3RVQ3MI0', '3RVQ3MF2', 'QE139_Txt_Confirm', 1, 'Confirm password', NULL, 0, NULL, NULL, 't', NULL)
INSERT INTO Nav_Fields_GADG_ADD( Nav_GADG_ADD_ID, ParentID, FieldName, Enabled_044, Nav_GADG_ADD_044, Script_044, Mandatory_044, Mandatory_Message_044, Default_Value_044, Default_Datatype_044, Tab_Index_044) VALUES ( '3RVQ3MJ0', '3RVQ3MF2', 'QE139_Txt_Password', 1, 'Password', NULL, 0, NULL, NULL, 't', NULL)
INSERT INTO Nav_Fields_GADG_ADD( Nav_GADG_ADD_ID, ParentID, FieldName, Enabled_044, Nav_GADG_ADD_044, Script_044, Mandatory_044, Mandatory_Message_044, Default_Value_044, Default_Datatype_044, Tab_Index_044) VALUES ( '3RVQ3MJ1', '3RVQ3MF2', 'QE139_Txt_MaidenName', 1, 'Maiden name', NULL, 0, NULL, NULL, 't', NULL)
INSERT INTO Nav_Fields_GADG_ADD( Nav_GADG_ADD_ID, ParentID, FieldName, Enabled_044, Nav_GADG_ADD_044, Script_044, Mandatory_044, Mandatory_Message_044, Default_Value_044, Default_Datatype_044, Tab_Index_044) VALUES ( '3RVQ3MJ2', '3RVQ3MF2', 'QE139_Cbo_Country', 1, 'Country', NULL, 0, NULL, NULL, 't', NULL)
INSERT INTO Nav_Fields_GADG_ADD( Nav_GADG_ADD_ID, ParentID, FieldName, Enabled_044, Nav_GADG_ADD_044, Script_044, Mandatory_044, Mandatory_Message_044, Default_Value_044, Default_Datatype_044, Tab_Index_044) VALUES ( '3RVQ3MJ3', '3RVQ3MF2', 'QE139_Txt_InputTaxCredit', 1, 'Input Tax Credit', NULL, 0, NULL, NULL, 't', NULL)
INSERT INTO Nav_Fields_GADG_ADD( Nav_GADG_ADD_ID, ParentID, FieldName, Enabled_044, Nav_GADG_ADD_044, Script_044, Mandatory_044, Mandatory_Message_044, Default_Value_044, Default_Datatype_044, Tab_Index_044) VALUES ( '3RVQ3MJ4', '3RVQ3MF2', 'QE139_Cmd_IND', 1, 'Telephone Add', NULL, 0, NULL, NULL, 'b', NULL)
INSERT INTO Nav_Fields_GADG_ADD( Nav_GADG_ADD_ID, ParentID, FieldName, Enabled_044, Nav_GADG_ADD_044, Script_044, Mandatory_044, Mandatory_Message_044, Default_Value_044, Default_Datatype_044, Tab_Index_044) VALUES ( '3RVQ3MJ5', '3RVQ3MF2', 'QE139_Cmd_Remove', 1, 'Telephone Remove', NULL, 0, NULL, NULL, 'b', NULL)
INSERT INTO Nav_Fields_GADG_ADD( Nav_GADG_ADD_ID, ParentID, FieldName, Enabled_044, Nav_GADG_ADD_044, Script_044, Mandatory_044, Mandatory_Message_044, Default_Value_044, Default_Datatype_044, Tab_Index_044) VALUES ( '3RVQ3MJ6', '3RVQ3MF2', 'QE139_Cmd_Search', 1, 'Postcode Search', NULL, 0, NULL, NULL, 'b', NULL)
INSERT INTO Nav_Fields_GADG_ADD( Nav_GADG_ADD_ID, ParentID, FieldName, Enabled_044, Nav_GADG_ADD_044, Script_044, Mandatory_044, Mandatory_Message_044, Default_Value_044, Default_Datatype_044, Tab_Index_044) VALUES ( '3RVQ3MJ7', '3RVQ3MF2', 'QE139_Msk_DateEstablished', 1, 'Date Established', NULL, 0, NULL, NULL, 'd', NULL)

--Contact and Marketing
INSERT INTO Nav_Forms_GADG_ADD( Nav_GADG_ADD_ID, Nav_GADG_ADD, MoveAble, Enabled_044, Sequence_044, Nav_GADG_ADD_044, Nav_Tbl_Tag_044) VALUES ( '3RVQ3MJ8', 'QE140', 1, 1, 2, 'Contact and Marketing Details', NULL)
INSERT INTO Nav_Fields_GADG_ADD( Nav_GADG_ADD_ID, ParentID, FieldName, Enabled_044, Nav_GADG_ADD_044, Script_044, Mandatory_044, Mandatory_Message_044, Default_Value_044, Default_Datatype_044, Tab_Index_044) VALUES ( '3RVQ3MK8', '3RVQ3MJ8', 'QE140_Chk_TelephoneThird', 1, 'Allow telephone contact from third party', NULL, 0, NULL, '0', 'b', NULL)
INSERT INTO Nav_Fields_GADG_ADD( Nav_GADG_ADD_ID, ParentID, FieldName, Enabled_044, Nav_GADG_ADD_044, Script_044, Mandatory_044, Mandatory_Message_044, Default_Value_044, Default_Datatype_044, Tab_Index_044) VALUES ( '3RVQ3MK9', '3RVQ3MJ8', 'QE140_Chk_TelephoneAffinity', 1, 'Allow telephone contact from affinity', NULL, 0, NULL, '0', 'b', NULL)
INSERT INTO Nav_Fields_GADG_ADD( Nav_GADG_ADD_ID, ParentID, FieldName, Enabled_044, Nav_GADG_ADD_044, Script_044, Mandatory_044, Mandatory_Message_044, Default_Value_044, Default_Datatype_044, Tab_Index_044) VALUES ( '3RVQ3MK0', '3RVQ3MJ8', 'QE140_Chk_TelephoneAdministrator', 1, 'Allow telephone contact from administrator', NULL, 0, NULL, '0', 'b', NULL)
INSERT INTO Nav_Fields_GADG_ADD( Nav_GADG_ADD_ID, ParentID, FieldName, Enabled_044, Nav_GADG_ADD_044, Script_044, Mandatory_044, Mandatory_Message_044, Default_Value_044, Default_Datatype_044, Tab_Index_044) VALUES ( '3RVQ3MK1', '3RVQ3MJ8', 'QE140_Chk_MailingThird', 1, 'Allow mailings from third party', NULL, 0, NULL, '0', 'b', NULL)
INSERT INTO Nav_Fields_GADG_ADD( Nav_GADG_ADD_ID, ParentID, FieldName, Enabled_044, Nav_GADG_ADD_044, Script_044, Mandatory_044, Mandatory_Message_044, Default_Value_044, Default_Datatype_044, Tab_Index_044) VALUES ( '3RVQ3MK2', '3RVQ3MJ8', 'QE140_Chk_MailingAffinity', 1, 'Allow mailings from affinity', NULL, 0, NULL, '0', 'b', NULL)
INSERT INTO Nav_Fields_GADG_ADD( Nav_GADG_ADD_ID, ParentID, FieldName, Enabled_044, Nav_GADG_ADD_044, Script_044, Mandatory_044, Mandatory_Message_044, Default_Value_044, Default_Datatype_044, Tab_Index_044) VALUES ( '3RVQ3MK3', '3RVQ3MJ8', 'QE140_Chk_MailingAdministrator', 1, 'Allow mailings from administrator', NULL, 0, NULL, '0', 'b', NULL)
INSERT INTO Nav_Fields_GADG_ADD( Nav_GADG_ADD_ID, ParentID, FieldName, Enabled_044, Nav_GADG_ADD_044, Script_044, Mandatory_044, Mandatory_Message_044, Default_Value_044, Default_Datatype_044, Tab_Index_044) VALUES ( '3RVQ3MK4', '3RVQ3MJ8', 'QE140_Txt_RecommendedBy', 1, 'Referred By', NULL, 0, NULL, NULL, 't', NULL)
INSERT INTO Nav_Fields_GADG_ADD( Nav_GADG_ADD_ID, ParentID, FieldName, Enabled_044, Nav_GADG_ADD_044, Script_044, Mandatory_044, Mandatory_Message_044, Default_Value_044, Default_Datatype_044, Tab_Index_044) VALUES ( '3RVQ3MK5', '3RVQ3MJ8', 'QE140_Txt_Reference', 1, 'Reference', NULL, 0, NULL, NULL, 't', NULL)
INSERT INTO Nav_Fields_GADG_ADD( Nav_GADG_ADD_ID, ParentID, FieldName, Enabled_044, Nav_GADG_ADD_044, Script_044, Mandatory_044, Mandatory_Message_044, Default_Value_044, Default_Datatype_044, Tab_Index_044) VALUES ( '3RVQ3MK6', '3RVQ3MJ8', 'QE140_Cbo_Campaign', 1, 'Marketing source campaign', NULL, 0, NULL, NULL, 't', NULL)
INSERT INTO Nav_Fields_GADG_ADD( Nav_GADG_ADD_ID, ParentID, FieldName, Enabled_044, Nav_GADG_ADD_044, Script_044, Mandatory_044, Mandatory_Message_044, Default_Value_044, Default_Datatype_044, Tab_Index_044) VALUES ( '3RVQ3MK7', '3RVQ3MJ8', 'QE140_Cbo_Activity', 1, 'Marketing source activity', NULL, 0, NULL, NULL, 't', NULL)
INSERT INTO Nav_Fields_GADG_ADD( Nav_GADG_ADD_ID, ParentID, FieldName, Enabled_044, Nav_GADG_ADD_044, Script_044, Mandatory_044, Mandatory_Message_044, Default_Value_044, Default_Datatype_044, Tab_Index_044) VALUES ( '3RVQ3ML7', '3RVQ3MJ8', 'QE140_Cbo_Source', 1, 'Marketing source of business', NULL, 0, NULL, NULL, 't', NULL)
INSERT INTO Nav_Fields_GADG_ADD( Nav_GADG_ADD_ID, ParentID, FieldName, Enabled_044, Nav_GADG_ADD_044, Script_044, Mandatory_044, Mandatory_Message_044, Default_Value_044, Default_Datatype_044, Tab_Index_044) VALUES ( '3RVQ3ML8', '3RVQ3MJ8', 'QE140_Chk_StopCorrespondence', 1, 'Stop Correspondence', NULL, 0, NULL, '0', 'b', NULL)
INSERT INTO Nav_Fields_GADG_ADD( Nav_GADG_ADD_ID, ParentID, FieldName, Enabled_044, Nav_GADG_ADD_044, Script_044, Mandatory_044, Mandatory_Message_044, Default_Value_044, Default_Datatype_044, Tab_Index_044) VALUES ( '3RVQ3ML9', '3RVQ3MJ8', 'QE140_Cbo_Preferred', 1, 'Preferred contact method', NULL, 0, NULL, NULL, 't', NULL)
--Target Premium
INSERT INTO Nav_Forms_GADG_ADD( Nav_GADG_ADD_ID, Nav_GADG_ADD, MoveAble, Enabled_044, Sequence_044, Nav_GADG_ADD_044, Nav_Tbl_Tag_044) VALUES ( '3RVQ3ML0', 'QE141', 1, 1, 3, 'Target Premium', NULL)
INSERT INTO Nav_Fields_GADG_ADD( Nav_GADG_ADD_ID, ParentID, FieldName, Enabled_044, Nav_GADG_ADD_044, Script_044, Mandatory_044, Mandatory_Message_044, Default_Value_044, Default_Datatype_044, Tab_Index_044) VALUES ( '3RVQ3ML1', '3RVQ3ML0', 'QE141_Cbo_Insurer', 1, 'Best quote given by', NULL, 0, NULL, NULL, 't', NULL)
INSERT INTO Nav_Fields_GADG_ADD( Nav_GADG_ADD_ID, ParentID, FieldName, Enabled_044, Nav_GADG_ADD_044, Script_044, Mandatory_044, Mandatory_Message_044, Default_Value_044, Default_Datatype_044, Tab_Index_044) VALUES ( '3RVQ3ML2', '3RVQ3ML0', 'QE141_Msk_CurrentRenewalDate', 1, 'Current renewal date', NULL, 0, NULL, NULL, 'd', NULL)
INSERT INTO Nav_Fields_GADG_ADD( Nav_GADG_ADD_ID, ParentID, FieldName, Enabled_044, Nav_GADG_ADD_044, Script_044, Mandatory_044, Mandatory_Message_044, Default_Value_044, Default_Datatype_044, Tab_Index_044) VALUES ( '3RVQ3ML3', '3RVQ3ML0', 'QE141_CFd_Premium', 1, 'Previously quoted premium', NULL, 0, NULL, NULL, 'n', NULL)
--Cross Sales
INSERT INTO Nav_Forms_GADG_ADD( Nav_GADG_ADD_ID, Nav_GADG_ADD, MoveAble, Enabled_044, Sequence_044, Nav_GADG_ADD_044, Nav_Tbl_Tag_044) VALUES ( '3RVQ3ML4', 'QE107', 1, 1, 4, 'Cross Sales', NULL)
INSERT INTO Nav_Fields_GADG_ADD( Nav_GADG_ADD_ID, ParentID, FieldName, Enabled_044, Nav_GADG_ADD_044, Script_044, Mandatory_044, Mandatory_Message_044, Default_Value_044, Default_Datatype_044, Tab_Index_044) VALUES ( '3RVQ3ML5', '3RVQ3ML4', 'QE107_Cmb_Product', 1, 'Product', NULL, 0, NULL, NULL, 't', NULL)
INSERT INTO Nav_Fields_GADG_ADD( Nav_GADG_ADD_ID, ParentID, FieldName, Enabled_044, Nav_GADG_ADD_044, Script_044, Mandatory_044, Mandatory_Message_044, Default_Value_044, Default_Datatype_044, Tab_Index_044) VALUES ( '3RVQ3MM5', '3RVQ3ML4', 'QE107_Msk_RenewalDate', 1, 'Renewal Date', NULL, 0, NULL, NULL, 'd', NULL)
INSERT INTO Nav_Fields_GADG_ADD( Nav_GADG_ADD_ID, ParentID, FieldName, Enabled_044, Nav_GADG_ADD_044, Script_044, Mandatory_044, Mandatory_Message_044, Default_Value_044, Default_Datatype_044, Tab_Index_044) VALUES ( '3RVQ3MM6', '3RVQ3ML4', 'QE107_CFd_Premium', 1, 'Premium', NULL, 0, NULL, NULL, 'n', NULL)
INSERT INTO Nav_Fields_GADG_ADD( Nav_GADG_ADD_ID, ParentID, FieldName, Enabled_044, Nav_GADG_ADD_044, Script_044, Mandatory_044, Mandatory_Message_044, Default_Value_044, Default_Datatype_044, Tab_Index_044) VALUES ( '3RVQ3MM7', '3RVQ3ML4', 'QE107_Cmd_Add', 1, 'Add', NULL, 0, NULL, NULL, 'b', NULL)
INSERT INTO Nav_Fields_GADG_ADD( Nav_GADG_ADD_ID, ParentID, FieldName, Enabled_044, Nav_GADG_ADD_044, Script_044, Mandatory_044, Mandatory_Message_044, Default_Value_044, Default_Datatype_044, Tab_Index_044) VALUES ( '3RVQ3MM8', '3RVQ3ML4', 'QE107_Cmd_Remove', 1, 'Remove', NULL, 0, NULL, NULL, 'b', NULL)
INSERT INTO Nav_Fields_GADG_ADD( Nav_GADG_ADD_ID, ParentID, FieldName, Enabled_044, Nav_GADG_ADD_044, Script_044, Mandatory_044, Mandatory_Message_044, Default_Value_044, Default_Datatype_044, Tab_Index_044) VALUES ( '3RVQ3MM9', '3RVQ3ML4', 'QE107_Lvw_Products', 1, 'Product List', NULL, 0, NULL, NULL, 'n', NULL)
INSERT INTO Nav_Fields_GADG_ADD( Nav_GADG_ADD_ID, ParentID, FieldName, Enabled_044, Nav_GADG_ADD_044, Script_044, Mandatory_044, Mandatory_Message_044, Default_Value_044, Default_Datatype_044, Tab_Index_044) VALUES ( '3RVQ3MM0', '3RVQ3ML4', 'QE107_Cmb_Rating', 1, 'Rating', NULL, 0, NULL, NULL, 't', NULL)
--Extensions of Cover
INSERT INTO Nav_Forms_GADG_ADD( Nav_GADG_ADD_ID, Nav_GADG_ADD, MoveAble, Enabled_044, Sequence_044, Nav_GADG_ADD_044, Nav_Tbl_Tag_044) VALUES ( '3RVQ3MM1', 'QE151', 1, 0, 5, 'Extensions of Cover', NULL)
INSERT INTO Nav_Fields_GADG_ADD( Nav_GADG_ADD_ID, ParentID, FieldName, Enabled_044, Nav_GADG_ADD_044, Script_044, Mandatory_044, Mandatory_Message_044, Default_Value_044, Default_Datatype_044, Tab_Index_044) VALUES ( '3RVQ3MM2', '3RVQ3MM1', 'QE151_Lvw_AddOn', 1, 'Extension List', NULL, 0, NULL, NULL, 'n', NULL)
--Add Ons
INSERT INTO Nav_Forms_GADG_ADD( Nav_GADG_ADD_ID, Nav_GADG_ADD, MoveAble, Enabled_044, Sequence_044, Nav_GADG_ADD_044, Nav_Tbl_Tag_044) VALUES ( '3RVQ3MM3', 'QE165', 1, 0, 6, 'Add Ons', NULL)
INSERT INTO Nav_Fields_GADG_ADD( Nav_GADG_ADD_ID, ParentID, FieldName, Enabled_044, Nav_GADG_ADD_044, Script_044, Mandatory_044, Mandatory_Message_044, Default_Value_044, Default_Datatype_044, Tab_Index_044) VALUES ( '3RVQ3MM4', '3RVQ3MM3', 'QE165_Lvw_AddOn', 1, 'Add On List', NULL, 0, NULL, NULL, 'n', NULL)
--Policy Length
INSERT INTO Nav_Forms_GADG_ADD( Nav_GADG_ADD_ID, Nav_GADG_ADD, MoveAble, Enabled_044, Sequence_044, Nav_GADG_ADD_044, Nav_Tbl_Tag_044) VALUES ( '3RVQ3MN4', 'frmQE_PolicyLength', 1, 0, 7, 'Policy Length Details', NULL)
INSERT INTO Nav_Forms_GADG_ADD( Nav_GADG_ADD_ID, Nav_GADG_ADD, MoveAble, Enabled_044, Sequence_044, Nav_GADG_ADD_044, Nav_Tbl_Tag_044) VALUES ( '3RVQ3MN5', 'QE90', 1, 0, 8, 'Payment Plan', NULL)
--FSA
INSERT INTO Nav_Forms_GADG_ADD( Nav_GADG_ADD_ID, Nav_GADG_ADD, MoveAble, Enabled_044, Sequence_044, Nav_GADG_ADD_044, Nav_Tbl_Tag_044) VALUES ( '3RVQ3MN6', 'frmQE_FSAGeneral', 1, 0, 9, 'General FSA Declaration', NULL)      
    
--Summary
INSERT INTO Nav_Forms_GADG_ADD( Nav_GADG_ADD_ID, Nav_GADG_ADD, MoveAble, Enabled_044, Sequence_044, Nav_GADG_ADD_044, Nav_Tbl_Tag_044) VALUES ( '3RVQ3MN7', 'QS99', 1, 1, 14, 'Gadget and Leisure Equipment Summary', NULL)
GO
  
INSERT INTO Nav_Forms_GADG_ADD( Nav_GADG_ADD_ID, Nav_GADG_ADD, MoveAble, Enabled_044, Sequence_044, Nav_GADG_ADD_044, Nav_Tbl_Tag_044) VALUES ( '3RVQ3MN8', 'TES_Screen_Builder\\GADG\frmGDLE.tst', 1, 1, 12, 'Gadget and Leisure Cover Details', NULL)
                          
INSERT INTO Nav_Fields_GADG_ADD( Nav_GADG_ADD_ID, ParentID, FieldName, Enabled_044, Nav_GADG_ADD_044, Script_044, Mandatory_044, Mandatory_Message_044, Default_Value_044, Default_Datatype_044, Tab_Index_044) VALUES ( '3RVQ3MN9', '3RVQ3MN8', 'chkEuro', 1, 'chkEuro', NULL, 0, NULL, NULL, 'b', NULL)
			
INSERT INTO Nav_Fields_GADG_ADD( Nav_GADG_ADD_ID, ParentID, FieldName, Enabled_044, Nav_GADG_ADD_044, Script_044, Mandatory_044, Mandatory_Message_044, Default_Value_044, Default_Datatype_044, Tab_Index_044) VALUES ( '3RVQ3MN0', '3RVQ3MN8', 'cboVisitingFamily', 1, 'cboVisitingFamily', NULL, 0, NULL, NULL, 't', NULL)
			
INSERT INTO Nav_Fields_GADG_ADD( Nav_GADG_ADD_ID, ParentID, FieldName, Enabled_044, Nav_GADG_ADD_044, Script_044, Mandatory_044, Mandatory_Message_044, Default_Value_044, Default_Datatype_044, Tab_Index_044) VALUES ( '3RVQ3MN1', '3RVQ3MN8', 'cboGadget', 1, 'cboGadget', NULL, 0, NULL, NULL, 't', NULL)
			
INSERT INTO Nav_Fields_GADG_ADD( Nav_GADG_ADD_ID, ParentID, FieldName, Enabled_044, Nav_GADG_ADD_044, Script_044, Mandatory_044, Mandatory_Message_044, Default_Value_044, Default_Datatype_044, Tab_Index_044) VALUES ( '3RVQ3MN2', '3RVQ3MN8', 'cboLeisure', 1, 'cboLeisure', NULL, 0, NULL, NULL, 't', NULL)
			
INSERT INTO Nav_Fields_GADG_ADD( Nav_GADG_ADD_ID, ParentID, FieldName, Enabled_044, Nav_GADG_ADD_044, Script_044, Mandatory_044, Mandatory_Message_044, Default_Value_044, Default_Datatype_044, Tab_Index_044) VALUES ( '3RVQ3MN3', '3RVQ3MN8', 'cboProduct', 1, 'cboProduct', NULL, 0, NULL, NULL, 't', NULL)
			
INSERT INTO Nav_Forms_GADG_ADD( Nav_GADG_ADD_ID, Nav_GADG_ADD,MoveAble, Enabled_044, Sequence_044, Nav_GADG_ADD_044, Nav_Tbl_Tag_044) VALUES ( '3RVQ3MO3', '&+GADG_PROPDET_ADD', 1, 1, 11, 'Proposer Details', NULL)
                        
INSERT INTO Nav_Forms_GADG_PROPDET_ADD( Nav_GADG_PROPDET_ADD_ID, Nav_GADG_PROPDET_ADD, MoveAble, Enabled_044, Sequence_044, Nav_GADG_PROPDET_ADD_044, Nav_Tbl_Tag_044) VALUES ( '3RVQ3MO4', 'TES_Screen_Builder\\GADG\frmPROPDET.tst', 1, 1, 9, 'Proposer Details', NULL)
							
INSERT INTO Nav_Fields_GADG_PROPDET_ADD( Nav_GADG_PROPDET_ADD_ID, ParentID, FieldName, Enabled_044, Nav_GADG_PROPDET_ADD_044, Script_044, Mandatory_044, Mandatory_Message_044, Default_Value_044, Default_Datatype_044, Tab_Index_044) VALUES ( '3RVQ3MO5', '3RVQ3MO4', 'cboEmpStat', 1, 'cboEmpStat', NULL, 0, NULL, NULL, 't', NULL)
			
INSERT INTO Nav_Fields_GADG_PROPDET_ADD( Nav_GADG_PROPDET_ADD_ID, ParentID, FieldName, Enabled_044, Nav_GADG_PROPDET_ADD_044, Script_044, Mandatory_044, Mandatory_Message_044, Default_Value_044, Default_Datatype_044, Tab_Index_044) VALUES ( '3RVQ3MO6', '3RVQ3MO4', 'cboEmpBus', 1, 'cboEmpBus', NULL, 0, NULL, NULL, 't', NULL)
			
INSERT INTO Nav_Fields_GADG_PROPDET_ADD( Nav_GADG_PROPDET_ADD_ID, ParentID, FieldName, Enabled_044, Nav_GADG_PROPDET_ADD_044, Script_044, Mandatory_044, Mandatory_Message_044, Default_Value_044, Default_Datatype_044, Tab_Index_044) VALUES ( '3RVQ3MO7', '3RVQ3MO4', 'cboOccupation', 1, 'cboOccupation', NULL, 0, NULL, NULL, 't', NULL)
			
INSERT INTO Nav_Fields_GADG_PROPDET_ADD( Nav_GADG_PROPDET_ADD_ID, ParentID, FieldName, Enabled_044, Nav_GADG_PROPDET_ADD_044, Script_044, Mandatory_044, Mandatory_Message_044, Default_Value_044, Default_Datatype_044, Tab_Index_044) VALUES ( '3RVQ3MO8', '3RVQ3MO4', 'mskDOB', 1, 'mskDOB', NULL, 0, NULL, NULL, 'd', NULL)
			
INSERT INTO Nav_Fields_GADG_PROPDET_ADD( Nav_GADG_PROPDET_ADD_ID, ParentID, FieldName, Enabled_044, Nav_GADG_PROPDET_ADD_044, Script_044, Mandatory_044, Mandatory_Message_044, Default_Value_044, Default_Datatype_044, Tab_Index_044) VALUES ( '3RVQ3MO9', '3RVQ3MO4', 'txtSurname', 1, 'txtSurname', NULL, 0, NULL, NULL, 't', NULL)
					
INSERT INTO Nav_Fields_GADG_PROPDET_ADD( Nav_GADG_PROPDET_ADD_ID, ParentID, FieldName, Enabled_044, Nav_GADG_PROPDET_ADD_044, Script_044, Mandatory_044, Mandatory_Message_044, Default_Value_044, Default_Datatype_044, Tab_Index_044) VALUES ( '3RVQ3MO0', '3RVQ3MO4', 'txtInitial', 1, 'txtInitial', NULL, 0, NULL, NULL, 't', NULL)
					
INSERT INTO Nav_Fields_GADG_PROPDET_ADD( Nav_GADG_PROPDET_ADD_ID, ParentID, FieldName, Enabled_044, Nav_GADG_PROPDET_ADD_044, Script_044, Mandatory_044, Mandatory_Message_044, Default_Value_044, Default_Datatype_044, Tab_Index_044) VALUES ( '3RVQ3MO1', '3RVQ3MO4', 'txtForename', 1, 'txtForename', NULL, 0, NULL, NULL, 't', NULL)
					
INSERT INTO Nav_Fields_GADG_PROPDET_ADD( Nav_GADG_PROPDET_ADD_ID, ParentID, FieldName, Enabled_044, Nav_GADG_PROPDET_ADD_044, Script_044, Mandatory_044, Mandatory_Message_044, Default_Value_044, Default_Datatype_044, Tab_Index_044) VALUES ( '3RVQ3MP1', '3RVQ3MO4', 'cboTitle', 1, 'cboTitle', NULL, 0, NULL, NULL, 't', NULL)
			
INSERT INTO Nav_Forms_GADG_ADD( Nav_GADG_ADD_ID, Nav_GADG_ADD, MoveAble, Enabled_044, Sequence_044, Nav_GADG_ADD_044, Nav_Tbl_Tag_044) VALUES ( '3RVQ3MP2', 'TES_Screen_Builder\\GADG\frmGeneral.tst', 1, 1, 13, 'General Questions', NULL)
                          
INSERT INTO Nav_Fields_GADG_ADD( Nav_GADG_ADD_ID, ParentID, FieldName, Enabled_044, Nav_GADG_ADD_044, Script_044, Mandatory_044, Mandatory_Message_044, Default_Value_044, Default_Datatype_044, Tab_Index_044) VALUES ( '3RVQ3MP3', '3RVQ3MP2', 'txtDetails', 1, 'Details', NULL, 0, NULL, NULL, 't', NULL)
					
INSERT INTO Nav_Fields_GADG_ADD( Nav_GADG_ADD_ID, ParentID, FieldName, Enabled_044, Nav_GADG_ADD_044, Script_044, Mandatory_044, Mandatory_Message_044, Default_Value_044, Default_Datatype_044, Tab_Index_044) VALUES ( '3RVQ3MP4', '3RVQ3MP2', 'chkRequested', 1, 'Requested', NULL, 0, NULL, NULL, 'b', NULL)
			
INSERT INTO Nav_Fields_GADG_ADD( Nav_GADG_ADD_ID, ParentID, FieldName, Enabled_044, Nav_GADG_ADD_044, Script_044, Mandatory_044, Mandatory_Message_044, Default_Value_044, Default_Datatype_044, Tab_Index_044) VALUES ( '3RVQ3MP5', '3RVQ3MP2', 'chkConvicted', 1, 'Convicted', NULL, 0, NULL, NULL, 'b', NULL)
			
INSERT INTO Nav_Fields_GADG_ADD( Nav_GADG_ADD_ID, ParentID, FieldName, Enabled_044, Nav_GADG_ADD_044, Script_044, Mandatory_044, Mandatory_Message_044, Default_Value_044, Default_Datatype_044, Tab_Index_044) VALUES ( '3RVQ3MP6', '3RVQ3MP2', 'chkRefused', 1, 'Refused', NULL, 0, NULL, NULL, 'b', NULL)
			
    
  GO  
    
--Client Details
INSERT INTO Nav_Forms_GADG_IND( Nav_GADG_IND_ID, Nav_GADG_IND, MoveAble, Enabled_044, Sequence_044, Nav_GADG_IND_044, Nav_Tbl_Tag_044) VALUES ( '3RVQ3MP7', 'QE139', 0, 1, 1, 'Client Details', NULL)
INSERT INTO Nav_Fields_GADG_IND( Nav_GADG_IND_ID, ParentID, FieldName, Enabled_044, Nav_GADG_IND_044, Script_044, Mandatory_044, Mandatory_Message_044, Default_Value_044, Default_Datatype_044, Tab_Index_044) VALUES ( '3RVQ3MP8', '3RVQ3MP7', 'QE139_Opt_Company', 1, 'Company', NULL, 1, 'Please select Company', NULL, 'b', NULL)
INSERT INTO Nav_Fields_GADG_IND( Nav_GADG_IND_ID, ParentID, FieldName, Enabled_044, Nav_GADG_IND_044, Script_044, Mandatory_044, Mandatory_Message_044, Default_Value_044, Default_Datatype_044, Tab_Index_044) VALUES ( '3RVQ3MP9', '3RVQ3MP7', 'QE139_Opt_Individual', 1, 'Private individual', NULL, 1, 'Please select Individual', NULL, 'b', NULL)
INSERT INTO Nav_Fields_GADG_IND( Nav_GADG_IND_ID, ParentID, FieldName, Enabled_044, Nav_GADG_IND_044, Script_044, Mandatory_044, Mandatory_Message_044, Default_Value_044, Default_Datatype_044, Tab_Index_044) VALUES ( '3RVQ3MP0', '3RVQ3MP7', 'QE139_Cbo_Title', 1, 'Title', NULL, 1, 'Please select a title', NULL, 't', NULL)
INSERT INTO Nav_Fields_GADG_IND( Nav_GADG_IND_ID, ParentID, FieldName, Enabled_044, Nav_GADG_IND_044, Script_044, Mandatory_044, Mandatory_Message_044, Default_Value_044, Default_Datatype_044, Tab_Index_044) VALUES ( '3RVQ3MQ0', '3RVQ3MP7', 'QE139_Txt_Surname', 1, 'Surname', NULL, 1, 'Please enter a surname', NULL, 't', NULL)
INSERT INTO Nav_Fields_GADG_IND( Nav_GADG_IND_ID, ParentID, FieldName, Enabled_044, Nav_GADG_IND_044, Script_044, Mandatory_044, Mandatory_Message_044, Default_Value_044, Default_Datatype_044, Tab_Index_044) VALUES ( '3RVQ3MQ1', '3RVQ3MP7', 'QE139_Txt_Initials', 1, 'Initials', NULL, 0, NULL, NULL, 't', NULL)
INSERT INTO Nav_Fields_GADG_IND( Nav_GADG_IND_ID, ParentID, FieldName, Enabled_044, Nav_GADG_IND_044, Script_044, Mandatory_044, Mandatory_Message_044, Default_Value_044, Default_Datatype_044, Tab_Index_044) VALUES ( '3RVQ3MQ2', '3RVQ3MP7', 'QE139_Txt_Forename', 1, 'Forename', NULL, 1, 'Please enter a forename', NULL, 't', NULL)
INSERT INTO Nav_Fields_GADG_IND( Nav_GADG_IND_ID, ParentID, FieldName, Enabled_044, Nav_GADG_IND_044, Script_044, Mandatory_044, Mandatory_Message_044, Default_Value_044, Default_Datatype_044, Tab_Index_044) VALUES ( '3RVQ3MQ3', '3RVQ3MP7', 'QE139_Txt_Honours', 1, 'Honours', NULL, 0, NULL, NULL, 't', NULL)
INSERT INTO Nav_Fields_GADG_IND( Nav_GADG_IND_ID, ParentID, FieldName, Enabled_044, Nav_GADG_IND_044, Script_044, Mandatory_044, Mandatory_Message_044, Default_Value_044, Default_Datatype_044, Tab_Index_044) VALUES ( '3RVQ3MQ4', '3RVQ3MP7', 'QE139_Chk_Proposer', 1, 'Proposer', NULL, 1, 'Please select proposer', NULL, 'b', NULL)
INSERT INTO Nav_Fields_GADG_IND( Nav_GADG_IND_ID, ParentID, FieldName, Enabled_044, Nav_GADG_IND_044, Script_044, Mandatory_044, Mandatory_Message_044, Default_Value_044, Default_Datatype_044, Tab_Index_044) VALUES ( '3RVQ3MQ5', '3RVQ3MP7', 'QE139_Chk_Deceased', 1, 'Deceased', NULL, 1, 'Please select deceased', NULL, 'b', NULL)
INSERT INTO Nav_Fields_GADG_IND( Nav_GADG_IND_ID, ParentID, FieldName, Enabled_044, Nav_GADG_IND_044, Script_044, Mandatory_044, Mandatory_Message_044, Default_Value_044, Default_Datatype_044, Tab_Index_044) VALUES ( '3RVQ3MQ6', '3RVQ3MP7', 'QE139_Cbo_DwellingType', 1, 'Dwelling type', NULL, 1, 'Please select dwelling type', NULL, 't', NULL)
INSERT INTO Nav_Fields_GADG_IND( Nav_GADG_IND_ID, ParentID, FieldName, Enabled_044, Nav_GADG_IND_044, Script_044, Mandatory_044, Mandatory_Message_044, Default_Value_044, Default_Datatype_044, Tab_Index_044) VALUES ( '3RVQ3MQ7', '3RVQ3MP7', 'QE139_Cbo_Dwelling', 1, 'Dwelling', NULL, 1, 'Please select dwelling', NULL, 't', NULL)
INSERT INTO Nav_Fields_GADG_IND( Nav_GADG_IND_ID, ParentID, FieldName, Enabled_044, Nav_GADG_IND_044, Script_044, Mandatory_044, Mandatory_Message_044, Default_Value_044, Default_Datatype_044, Tab_Index_044) VALUES ( '3RVQ3MQ8', '3RVQ3MP7', 'QE139_Txt_Country', 1, 'Country', NULL, 0, NULL, NULL, 't', NULL)
INSERT INTO Nav_Fields_GADG_IND( Nav_GADG_IND_ID, ParentID, FieldName, Enabled_044, Nav_GADG_IND_044, Script_044, Mandatory_044, Mandatory_Message_044, Default_Value_044, Default_Datatype_044, Tab_Index_044) VALUES ( '3RVQ3MQ9', '3RVQ3MP7', 'QE139_Txt_County', 1, 'County', NULL, 0, NULL, NULL, 't', NULL)
INSERT INTO Nav_Fields_GADG_IND( Nav_GADG_IND_ID, ParentID, FieldName, Enabled_044, Nav_GADG_IND_044, Script_044, Mandatory_044, Mandatory_Message_044, Default_Value_044, Default_Datatype_044, Tab_Index_044) VALUES ( '3RVQ3MR9', '3RVQ3MP7', 'QE139_Txt_City', 1, 'City', NULL, 1, 'Please enter a city', NULL, 't', NULL)
INSERT INTO Nav_Fields_GADG_IND( Nav_GADG_IND_ID, ParentID, FieldName, Enabled_044, Nav_GADG_IND_044, Script_044, Mandatory_044, Mandatory_Message_044, Default_Value_044, Default_Datatype_044, Tab_Index_044) VALUES ( '3RVQ3MR0', '3RVQ3MP7', 'QE139_Txt_Locality', 1, 'Locality', NULL, 0, NULL, NULL, 't', NULL)
INSERT INTO Nav_Fields_GADG_IND( Nav_GADG_IND_ID, ParentID, FieldName, Enabled_044, Nav_GADG_IND_044, Script_044, Mandatory_044, Mandatory_Message_044, Default_Value_044, Default_Datatype_044, Tab_Index_044) VALUES ( '3RVQ3MR1', '3RVQ3MP7', 'QE139_Txt_Street', 1, 'Street', NULL, 1, 'Please enter a street', NULL, 't', NULL)
INSERT INTO Nav_Fields_GADG_IND( Nav_GADG_IND_ID, ParentID, FieldName, Enabled_044, Nav_GADG_IND_044, Script_044, Mandatory_044, Mandatory_Message_044, Default_Value_044, Default_Datatype_044, Tab_Index_044) VALUES ( '3RVQ3MR2', '3RVQ3MP7', 'QE139_Txt_House', 1, 'House', NULL, 1, 'Please enter a house', NULL, 't', NULL)
INSERT INTO Nav_Fields_GADG_IND( Nav_GADG_IND_ID, ParentID, FieldName, Enabled_044, Nav_GADG_IND_044, Script_044, Mandatory_044, Mandatory_Message_044, Default_Value_044, Default_Datatype_044, Tab_Index_044) VALUES ( '3RVQ3MR3', '3RVQ3MP7', 'QE139_Txt_Postcode', 1, 'Postcode', NULL, 1, 'Please enter a postcode', NULL, 't', NULL)
INSERT INTO Nav_Fields_GADG_IND( Nav_GADG_IND_ID, ParentID, FieldName, Enabled_044, Nav_GADG_IND_044, Script_044, Mandatory_044, Mandatory_Message_044, Default_Value_044, Default_Datatype_044, Tab_Index_044) VALUES ( '3RVQ3MR4', '3RVQ3MP7', 'QE139_Opt_Sex', 1, 'Sex', NULL, 1, 'Please enter a sex', NULL, 'b', NULL)
INSERT INTO Nav_Fields_GADG_IND( Nav_GADG_IND_ID, ParentID, FieldName, Enabled_044, Nav_GADG_IND_044, Script_044, Mandatory_044, Mandatory_Message_044, Default_Value_044, Default_Datatype_044, Tab_Index_044) VALUES ( '3RVQ3MR5', '3RVQ3MP7', 'QE139_Cbo_TelephoneType', 1, 'Telephone type', NULL, 0, NULL, NULL, 't', NULL)
INSERT INTO Nav_Fields_GADG_IND( Nav_GADG_IND_ID, ParentID, FieldName, Enabled_044, Nav_GADG_IND_044, Script_044, Mandatory_044, Mandatory_Message_044, Default_Value_044, Default_Datatype_044, Tab_Index_044) VALUES ( '3RVQ3MR6', '3RVQ3MP7', 'QE139_Chk_ExDirectory', 1, 'Ex directory', NULL, 0, NULL, NULL, 'b', NULL)
INSERT INTO Nav_Fields_GADG_IND( Nav_GADG_IND_ID, ParentID, FieldName, Enabled_044, Nav_GADG_IND_044, Script_044, Mandatory_044, Mandatory_Message_044, Default_Value_044, Default_Datatype_044, Tab_Index_044) VALUES ( '3RVQ3MR7', '3RVQ3MP7', 'QE139_Txt_Extension', 1, 'Telephone extension', NULL, 0, NULL, NULL, 't', NULL)
INSERT INTO Nav_Fields_GADG_IND( Nav_GADG_IND_ID, ParentID, FieldName, Enabled_044, Nav_GADG_IND_044, Script_044, Mandatory_044, Mandatory_Message_044, Default_Value_044, Default_Datatype_044, Tab_Index_044) VALUES ( '3RVQ3MS7', '3RVQ3MP7', 'QE139_Txt_Number', 1, 'Telephone number', NULL, 0, NULL, NULL, 't', NULL)
INSERT INTO Nav_Fields_GADG_IND( Nav_GADG_IND_ID, ParentID, FieldName, Enabled_044, Nav_GADG_IND_044, Script_044, Mandatory_044, Mandatory_Message_044, Default_Value_044, Default_Datatype_044, Tab_Index_044) VALUES ( '3RVQ3MS8', '3RVQ3MP7', 'QE139_Lvw_Telephone', 1, 'Telephone list', NULL, 0, NULL, NULL, 'n', NULL)
INSERT INTO Nav_Fields_GADG_IND( Nav_GADG_IND_ID, ParentID, FieldName, Enabled_044, Nav_GADG_IND_044, Script_044, Mandatory_044, Mandatory_Message_044, Default_Value_044, Default_Datatype_044, Tab_Index_044) VALUES ( '3RVQ3MS9', '3RVQ3MP7', 'QE139_Txt_SecurityAnswer', 1, 'Security Answer', NULL, 0, NULL, NULL, 't', NULL)
INSERT INTO Nav_Fields_GADG_IND( Nav_GADG_IND_ID, ParentID, FieldName, Enabled_044, Nav_GADG_IND_044, Script_044, Mandatory_044, Mandatory_Message_044, Default_Value_044, Default_Datatype_044, Tab_Index_044) VALUES ( '3RVQ3MS0', '3RVQ3MP7', 'QE139_Cbo_Security_Question', 1, 'Security Question', NULL, 0, NULL, NULL, 't', NULL)
INSERT INTO Nav_Fields_GADG_IND( Nav_GADG_IND_ID, ParentID, FieldName, Enabled_044, Nav_GADG_IND_044, Script_044, Mandatory_044, Mandatory_Message_044, Default_Value_044, Default_Datatype_044, Tab_Index_044) VALUES ( '3RVQ3MS1', '3RVQ3MP7', 'QE139_Chk_RenewalQuote', 1, 'Prior Policy Renewal', NULL, 0, NULL, NULL, 'b', NULL)
INSERT INTO Nav_Fields_GADG_IND( Nav_GADG_IND_ID, ParentID, FieldName, Enabled_044, Nav_GADG_IND_044, Script_044, Mandatory_044, Mandatory_Message_044, Default_Value_044, Default_Datatype_044, Tab_Index_044) VALUES ( '3RVQ3MS2', '3RVQ3MP7', 'QE139_Chk_Instalments', 1, 'Instalments', NULL, 0, NULL, NULL, 'b', NULL)
INSERT INTO Nav_Fields_GADG_IND( Nav_GADG_IND_ID, ParentID, FieldName, Enabled_044, Nav_GADG_IND_044, Script_044, Mandatory_044, Mandatory_Message_044, Default_Value_044, Default_Datatype_044, Tab_Index_044) VALUES ( '3RVQ3MS3', '3RVQ3MP7', 'QE139_Txt_Email', 1, 'Email', NULL, 0, NULL, NULL, 't', NULL)
INSERT INTO Nav_Fields_GADG_IND( Nav_GADG_IND_ID, ParentID, FieldName, Enabled_044, Nav_GADG_IND_044, Script_044, Mandatory_044, Mandatory_Message_044, Default_Value_044, Default_Datatype_044, Tab_Index_044) VALUES ( '3RVQ3MS4', '3RVQ3MP7', 'QE139_Msk_DOB', 1, 'Date of Birth', NULL, 0, NULL, NULL, 'd', NULL)
INSERT INTO Nav_Fields_GADG_IND( Nav_GADG_IND_ID, ParentID, FieldName, Enabled_044, Nav_GADG_IND_044, Script_044, Mandatory_044, Mandatory_Message_044, Default_Value_044, Default_Datatype_044, Tab_Index_044) VALUES ( '3RVQ3MS5', '3RVQ3MP7', 'QE139_Txt_Confirm', 1, 'Confirm password', NULL, 0, NULL, NULL, 't', NULL)
INSERT INTO Nav_Fields_GADG_IND( Nav_GADG_IND_ID, ParentID, FieldName, Enabled_044, Nav_GADG_IND_044, Script_044, Mandatory_044, Mandatory_Message_044, Default_Value_044, Default_Datatype_044, Tab_Index_044) VALUES ( '3RVQ3MS6', '3RVQ3MP7', 'QE139_Txt_Password', 1, 'Password', NULL, 0, NULL, NULL, 't', NULL)
INSERT INTO Nav_Fields_GADG_IND( Nav_GADG_IND_ID, ParentID, FieldName, Enabled_044, Nav_GADG_IND_044, Script_044, Mandatory_044, Mandatory_Message_044, Default_Value_044, Default_Datatype_044, Tab_Index_044) VALUES ( '3RVQ3MT6', '3RVQ3MP7', 'QE139_Txt_MaidenName', 1, 'Maiden name', NULL, 0, NULL, NULL, 't', NULL)
INSERT INTO Nav_Fields_GADG_IND( Nav_GADG_IND_ID, ParentID, FieldName, Enabled_044, Nav_GADG_IND_044, Script_044, Mandatory_044, Mandatory_Message_044, Default_Value_044, Default_Datatype_044, Tab_Index_044) VALUES ( '3RVQ3MT7', '3RVQ3MP7', 'QE139_Cbo_Country', 1, 'Country', NULL, 0, NULL, NULL, 't', NULL)
INSERT INTO Nav_Fields_GADG_IND( Nav_GADG_IND_ID, ParentID, FieldName, Enabled_044, Nav_GADG_IND_044, Script_044, Mandatory_044, Mandatory_Message_044, Default_Value_044, Default_Datatype_044, Tab_Index_044) VALUES ( '3RVQ3MT8', '3RVQ3MP7', 'QE139_Txt_InputTaxCredit', 1, 'Input Tax Credit', NULL, 0, NULL, NULL, 't', NULL)
INSERT INTO Nav_Fields_GADG_IND( Nav_GADG_IND_ID, ParentID, FieldName, Enabled_044, Nav_GADG_IND_044, Script_044, Mandatory_044, Mandatory_Message_044, Default_Value_044, Default_Datatype_044, Tab_Index_044) VALUES ( '3RVQ3MT9', '3RVQ3MP7', 'QE139_Cmd_IND', 1, 'Telephone Add', NULL, 0, NULL, NULL, 'b', NULL)
INSERT INTO Nav_Fields_GADG_IND( Nav_GADG_IND_ID, ParentID, FieldName, Enabled_044, Nav_GADG_IND_044, Script_044, Mandatory_044, Mandatory_Message_044, Default_Value_044, Default_Datatype_044, Tab_Index_044) VALUES ( '3RVQ3MT0', '3RVQ3MP7', 'QE139_Cmd_Remove', 1, 'Telephone Remove', NULL, 0, NULL, NULL, 'b', NULL)
INSERT INTO Nav_Fields_GADG_IND( Nav_GADG_IND_ID, ParentID, FieldName, Enabled_044, Nav_GADG_IND_044, Script_044, Mandatory_044, Mandatory_Message_044, Default_Value_044, Default_Datatype_044, Tab_Index_044) VALUES ( '3RVQ3MT1', '3RVQ3MP7', 'QE139_Cmd_Search', 1, 'Postcode Search', NULL, 0, NULL, NULL, 'b', NULL)
INSERT INTO Nav_Fields_GADG_IND( Nav_GADG_IND_ID, ParentID, FieldName, Enabled_044, Nav_GADG_IND_044, Script_044, Mandatory_044, Mandatory_Message_044, Default_Value_044, Default_Datatype_044, Tab_Index_044) VALUES ( '3RVQ3MT2', '3RVQ3MP7', 'QE139_Msk_DateEstablished', 1, 'Date Established', NULL, 0, NULL, NULL, 'd', NULL)

--Contact and Marketing
INSERT INTO Nav_Forms_GADG_IND( Nav_GADG_IND_ID, Nav_GADG_IND, MoveAble, Enabled_044, Sequence_044, Nav_GADG_IND_044, Nav_Tbl_Tag_044) VALUES ( '3RVQ3MT3', 'QE140', 1, 1, 2, 'Contact and Marketing Details', NULL)
INSERT INTO Nav_Fields_GADG_IND( Nav_GADG_IND_ID, ParentID, FieldName, Enabled_044, Nav_GADG_IND_044, Script_044, Mandatory_044, Mandatory_Message_044, Default_Value_044, Default_Datatype_044, Tab_Index_044) VALUES ( '3RVQ3MT4', '3RVQ3MT3', 'QE140_Chk_TelephoneThird', 1, 'Allow telephone contact from third party', NULL, 0, NULL, '0', 'b', NULL)
INSERT INTO Nav_Fields_GADG_IND( Nav_GADG_IND_ID, ParentID, FieldName, Enabled_044, Nav_GADG_IND_044, Script_044, Mandatory_044, Mandatory_Message_044, Default_Value_044, Default_Datatype_044, Tab_Index_044) VALUES ( '3RVQ3MT5', '3RVQ3MT3', 'QE140_Chk_TelephoneAffinity', 1, 'Allow telephone contact from affinity', NULL, 0, NULL, '0', 'b', NULL)
INSERT INTO Nav_Fields_GADG_IND( Nav_GADG_IND_ID, ParentID, FieldName, Enabled_044, Nav_GADG_IND_044, Script_044, Mandatory_044, Mandatory_Message_044, Default_Value_044, Default_Datatype_044, Tab_Index_044) VALUES ( '3RVQ3MU5', '3RVQ3MT3', 'QE140_Chk_TelephoneAdministrator', 1, 'Allow telephone contact from administrator', NULL, 0, NULL, '0', 'b', NULL)
INSERT INTO Nav_Fields_GADG_IND( Nav_GADG_IND_ID, ParentID, FieldName, Enabled_044, Nav_GADG_IND_044, Script_044, Mandatory_044, Mandatory_Message_044, Default_Value_044, Default_Datatype_044, Tab_Index_044) VALUES ( '3RVQ3MU6', '3RVQ3MT3', 'QE140_Chk_MailingThird', 1, 'Allow mailings from third party', NULL, 0, NULL, '0', 'b', NULL)
INSERT INTO Nav_Fields_GADG_IND( Nav_GADG_IND_ID, ParentID, FieldName, Enabled_044, Nav_GADG_IND_044, Script_044, Mandatory_044, Mandatory_Message_044, Default_Value_044, Default_Datatype_044, Tab_Index_044) VALUES ( '3RVQ3MU7', '3RVQ3MT3', 'QE140_Chk_MailingAffinity', 1, 'Allow mailings from affinity', NULL, 0, NULL, '0', 'b', NULL)
INSERT INTO Nav_Fields_GADG_IND( Nav_GADG_IND_ID, ParentID, FieldName, Enabled_044, Nav_GADG_IND_044, Script_044, Mandatory_044, Mandatory_Message_044, Default_Value_044, Default_Datatype_044, Tab_Index_044) VALUES ( '3RVQ3MU8', '3RVQ3MT3', 'QE140_Chk_MailingAdministrator', 1, 'Allow mailings from administrator', NULL, 0, NULL, '0', 'b', NULL)
INSERT INTO Nav_Fields_GADG_IND( Nav_GADG_IND_ID, ParentID, FieldName, Enabled_044, Nav_GADG_IND_044, Script_044, Mandatory_044, Mandatory_Message_044, Default_Value_044, Default_Datatype_044, Tab_Index_044) VALUES ( '3RVQ3MU9', '3RVQ3MT3', 'QE140_Txt_RecommendedBy', 1, 'Referred By', NULL, 0, NULL, NULL, 't', NULL)
INSERT INTO Nav_Fields_GADG_IND( Nav_GADG_IND_ID, ParentID, FieldName, Enabled_044, Nav_GADG_IND_044, Script_044, Mandatory_044, Mandatory_Message_044, Default_Value_044, Default_Datatype_044, Tab_Index_044) VALUES ( '3RVQ3MU0', '3RVQ3MT3', 'QE140_Txt_Reference', 1, 'Reference', NULL, 0, NULL, NULL, 't', NULL)
INSERT INTO Nav_Fields_GADG_IND( Nav_GADG_IND_ID, ParentID, FieldName, Enabled_044, Nav_GADG_IND_044, Script_044, Mandatory_044, Mandatory_Message_044, Default_Value_044, Default_Datatype_044, Tab_Index_044) VALUES ( '3RVQ3MU1', '3RVQ3MT3', 'QE140_Cbo_Campaign', 1, 'Marketing source campaign', NULL, 0, NULL, NULL, 't', NULL)
INSERT INTO Nav_Fields_GADG_IND( Nav_GADG_IND_ID, ParentID, FieldName, Enabled_044, Nav_GADG_IND_044, Script_044, Mandatory_044, Mandatory_Message_044, Default_Value_044, Default_Datatype_044, Tab_Index_044) VALUES ( '3RVQ3MU2', '3RVQ3MT3', 'QE140_Cbo_Activity', 1, 'Marketing source activity', NULL, 0, NULL, NULL, 't', NULL)
INSERT INTO Nav_Fields_GADG_IND( Nav_GADG_IND_ID, ParentID, FieldName, Enabled_044, Nav_GADG_IND_044, Script_044, Mandatory_044, Mandatory_Message_044, Default_Value_044, Default_Datatype_044, Tab_Index_044) VALUES ( '3RVQ3MU3', '3RVQ3MT3', 'QE140_Cbo_Source', 1, 'Marketing source of business', NULL, 0, NULL, NULL, 't', NULL)
INSERT INTO Nav_Fields_GADG_IND( Nav_GADG_IND_ID, ParentID, FieldName, Enabled_044, Nav_GADG_IND_044, Script_044, Mandatory_044, Mandatory_Message_044, Default_Value_044, Default_Datatype_044, Tab_Index_044) VALUES ( '3RVQ3MV3', '3RVQ3MT3', 'QE140_Chk_StopCorrespondence', 1, 'Stop Correspondence', NULL, 0, NULL, '0', 'b', NULL)
INSERT INTO Nav_Fields_GADG_IND( Nav_GADG_IND_ID, ParentID, FieldName, Enabled_044, Nav_GADG_IND_044, Script_044, Mandatory_044, Mandatory_Message_044, Default_Value_044, Default_Datatype_044, Tab_Index_044) VALUES ( '3RVQ3MV4', '3RVQ3MT3', 'QE140_Cbo_Preferred', 1, 'Preferred contact method', NULL, 0, NULL, NULL, 't', NULL)
--Target Premium
INSERT INTO Nav_Forms_GADG_IND( Nav_GADG_IND_ID, Nav_GADG_IND, MoveAble, Enabled_044, Sequence_044, Nav_GADG_IND_044, Nav_Tbl_Tag_044) VALUES ( '3RVQ3MV5', 'QE141', 1, 1, 3, 'Target Premium', NULL)
INSERT INTO Nav_Fields_GADG_IND( Nav_GADG_IND_ID, ParentID, FieldName, Enabled_044, Nav_GADG_IND_044, Script_044, Mandatory_044, Mandatory_Message_044, Default_Value_044, Default_Datatype_044, Tab_Index_044) VALUES ( '3RVQ3MV6', '3RVQ3MV5', 'QE141_Cbo_Insurer', 1, 'Best quote given by', NULL, 0, NULL, NULL, 't', NULL)
INSERT INTO Nav_Fields_GADG_IND( Nav_GADG_IND_ID, ParentID, FieldName, Enabled_044, Nav_GADG_IND_044, Script_044, Mandatory_044, Mandatory_Message_044, Default_Value_044, Default_Datatype_044, Tab_Index_044) VALUES ( '3RVQ3MV7', '3RVQ3MV5', 'QE141_Msk_CurrentRenewalDate', 1, 'Current renewal date', NULL, 0, NULL, NULL, 'd', NULL)
INSERT INTO Nav_Fields_GADG_IND( Nav_GADG_IND_ID, ParentID, FieldName, Enabled_044, Nav_GADG_IND_044, Script_044, Mandatory_044, Mandatory_Message_044, Default_Value_044, Default_Datatype_044, Tab_Index_044) VALUES ( '3RVQ3MV8', '3RVQ3MV5', 'QE141_CFd_Premium', 1, 'Previously quoted premium', NULL, 0, NULL, NULL, 'n', NULL)
--Cross Sales
INSERT INTO Nav_Forms_GADG_IND( Nav_GADG_IND_ID, Nav_GADG_IND, MoveAble, Enabled_044, Sequence_044, Nav_GADG_IND_044, Nav_Tbl_Tag_044) VALUES ( '3RVQ3MV9', 'QE107', 1, 1, 4, 'Cross Sales', NULL)
INSERT INTO Nav_Fields_GADG_IND( Nav_GADG_IND_ID, ParentID, FieldName, Enabled_044, Nav_GADG_IND_044, Script_044, Mandatory_044, Mandatory_Message_044, Default_Value_044, Default_Datatype_044, Tab_Index_044) VALUES ( '3RVQ3MV0', '3RVQ3MV9', 'QE107_Cmb_Product', 1, 'Product', NULL, 0, NULL, NULL, 't', NULL)
INSERT INTO Nav_Fields_GADG_IND( Nav_GADG_IND_ID, ParentID, FieldName, Enabled_044, Nav_GADG_IND_044, Script_044, Mandatory_044, Mandatory_Message_044, Default_Value_044, Default_Datatype_044, Tab_Index_044) VALUES ( '3RVQ3MV1', '3RVQ3MV9', 'QE107_Msk_RenewalDate', 1, 'Renewal Date', NULL, 0, NULL, NULL, 'd', NULL)
INSERT INTO Nav_Fields_GADG_IND( Nav_GADG_IND_ID, ParentID, FieldName, Enabled_044, Nav_GADG_IND_044, Script_044, Mandatory_044, Mandatory_Message_044, Default_Value_044, Default_Datatype_044, Tab_Index_044) VALUES ( '3RVQ3MV2', '3RVQ3MV9', 'QE107_CFd_Premium', 1, 'Premium', NULL, 0, NULL, NULL, 'n', NULL)
INSERT INTO Nav_Fields_GADG_IND( Nav_GADG_IND_ID, ParentID, FieldName, Enabled_044, Nav_GADG_IND_044, Script_044, Mandatory_044, Mandatory_Message_044, Default_Value_044, Default_Datatype_044, Tab_Index_044) VALUES ( '3RVQ3N02', '3RVQ3MV9', 'QE107_Cmd_Add', 1, 'Add', NULL, 0, NULL, NULL, 'b', NULL)
INSERT INTO Nav_Fields_GADG_IND( Nav_GADG_IND_ID, ParentID, FieldName, Enabled_044, Nav_GADG_IND_044, Script_044, Mandatory_044, Mandatory_Message_044, Default_Value_044, Default_Datatype_044, Tab_Index_044) VALUES ( '3RVQ3N03', '3RVQ3MV9', 'QE107_Cmd_Remove', 1, 'Remove', NULL, 0, NULL, NULL, 'b', NULL)
INSERT INTO Nav_Fields_GADG_IND( Nav_GADG_IND_ID, ParentID, FieldName, Enabled_044, Nav_GADG_IND_044, Script_044, Mandatory_044, Mandatory_Message_044, Default_Value_044, Default_Datatype_044, Tab_Index_044) VALUES ( '3RVQ3N04', '3RVQ3MV9', 'QE107_Lvw_Products', 1, 'Product List', NULL, 0, NULL, NULL, 'n', NULL)
INSERT INTO Nav_Fields_GADG_IND( Nav_GADG_IND_ID, ParentID, FieldName, Enabled_044, Nav_GADG_IND_044, Script_044, Mandatory_044, Mandatory_Message_044, Default_Value_044, Default_Datatype_044, Tab_Index_044) VALUES ( '3RVQ3N05', '3RVQ3MV9', 'QE107_Cmb_Rating', 1, 'Rating', NULL, 0, NULL, NULL, 't', NULL)
--Extensions of Cover
INSERT INTO Nav_Forms_GADG_IND( Nav_GADG_IND_ID, Nav_GADG_IND, MoveAble, Enabled_044, Sequence_044, Nav_GADG_IND_044, Nav_Tbl_Tag_044) VALUES ( '3RVQ3N06', 'QE151', 1, 0, 5, 'Extensions of Cover', NULL)
INSERT INTO Nav_Fields_GADG_IND( Nav_GADG_IND_ID, ParentID, FieldName, Enabled_044, Nav_GADG_IND_044, Script_044, Mandatory_044, Mandatory_Message_044, Default_Value_044, Default_Datatype_044, Tab_Index_044) VALUES ( '3RVQ3N07', '3RVQ3N06', 'QE151_Lvw_AddOn', 1, 'Extension List', NULL, 0, NULL, NULL, 'n', NULL)
--Add Ons
INSERT INTO Nav_Forms_GADG_IND( Nav_GADG_IND_ID, Nav_GADG_IND, MoveAble, Enabled_044, Sequence_044, Nav_GADG_IND_044, Nav_Tbl_Tag_044) VALUES ( '3RVQ3N08', 'QE165', 1, 0, 6, 'Add Ons', NULL)
INSERT INTO Nav_Fields_GADG_IND( Nav_GADG_IND_ID, ParentID, FieldName, Enabled_044, Nav_GADG_IND_044, Script_044, Mandatory_044, Mandatory_Message_044, Default_Value_044, Default_Datatype_044, Tab_Index_044) VALUES ( '3RVQ3N09', '3RVQ3N08', 'QE165_Lvw_AddOn', 1, 'Add On List', NULL, 0, NULL, NULL, 'n', NULL)
--Policy Length
INSERT INTO Nav_Forms_GADG_IND( Nav_GADG_IND_ID, Nav_GADG_IND, MoveAble, Enabled_044, Sequence_044, Nav_GADG_IND_044, Nav_Tbl_Tag_044) VALUES ( '3RVQ3N00', 'frmQE_PolicyLength', 1, 0, 7, 'Policy Length Details', NULL)
INSERT INTO Nav_Forms_GADG_IND( Nav_GADG_IND_ID, Nav_GADG_IND, MoveAble, Enabled_044, Sequence_044, Nav_GADG_IND_044, Nav_Tbl_Tag_044) VALUES ( '3RVQ3N10', 'QE90', 1, 0, 8, 'Payment Plan', NULL)
--FSA
INSERT INTO Nav_Forms_GADG_IND( Nav_GADG_IND_ID, Nav_GADG_IND, MoveAble, Enabled_044, Sequence_044, Nav_GADG_IND_044, Nav_Tbl_Tag_044) VALUES ( '3RVQ3N11', 'frmQE_FSAGeneral', 1, 0, 9, 'General FSA Declaration', NULL)      
    
--Summary
INSERT INTO Nav_Forms_GADG_IND( Nav_GADG_IND_ID, Nav_GADG_IND, MoveAble, Enabled_044, Sequence_044, Nav_GADG_IND_044, Nav_Tbl_Tag_044) VALUES ( '3RVQ3N12', 'QS99', 1, 1, 14, 'Gadget and Leisure Equipment Summary', NULL)
GO
  
--Manual Amendment
INSERT INTO Nav_Forms_GADG_IND( Nav_GADG_IND_ID, Nav_GADG_IND, MoveAble, Enabled_044, Sequence_044, Nav_GADG_IND_044, Nav_Tbl_Tag_044) VALUES ( '3RVQ3N13', 'frmQE_ManualAmendment', 0, 0, 1, 'Manual Amendment Prompt', NULL)
GO
  
INSERT INTO Nav_Forms_GADG_IND( Nav_GADG_IND_ID, Nav_GADG_IND, MoveAble, Enabled_044, Sequence_044, Nav_GADG_IND_044, Nav_Tbl_Tag_044) VALUES ( '3RVQ3N14', 'TES_Screen_Builder\\GADG\frmGDLE.tst', 1, 1, 11, 'Gadget and Leisure Cover Details', NULL)
          
INSERT INTO Nav_Fields_GADG_IND( Nav_GADG_IND_ID, ParentID, FieldName, Enabled_044, Nav_GADG_IND_044, Script_044, Mandatory_044, Mandatory_Message_044, Default_Value_044, Default_Datatype_044, Tab_Index_044) VALUES ( '3RVQ3N15', '3RVQ3N14', 'chkEuro', 1, 'chkEuro', NULL, 0, NULL, NULL, 'b', NULL)
			
INSERT INTO Nav_Fields_GADG_IND( Nav_GADG_IND_ID, ParentID, FieldName, Enabled_044, Nav_GADG_IND_044, Script_044, Mandatory_044, Mandatory_Message_044, Default_Value_044, Default_Datatype_044, Tab_Index_044) VALUES ( '3RVQ3N16', '3RVQ3N14', 'cboVisitingFamily', 1, 'cboVisitingFamily', NULL, 0, NULL, NULL, 't', NULL)
			
INSERT INTO Nav_Fields_GADG_IND( Nav_GADG_IND_ID, ParentID, FieldName, Enabled_044, Nav_GADG_IND_044, Script_044, Mandatory_044, Mandatory_Message_044, Default_Value_044, Default_Datatype_044, Tab_Index_044) VALUES ( '3RVQ3N17', '3RVQ3N14', 'cboGadget', 1, 'cboGadget', NULL, 0, NULL, NULL, 't', NULL)
			
INSERT INTO Nav_Fields_GADG_IND( Nav_GADG_IND_ID, ParentID, FieldName, Enabled_044, Nav_GADG_IND_044, Script_044, Mandatory_044, Mandatory_Message_044, Default_Value_044, Default_Datatype_044, Tab_Index_044) VALUES ( '3RVQ3N18', '3RVQ3N14', 'cboLeisure', 1, 'cboLeisure', NULL, 0, NULL, NULL, 't', NULL)
			
INSERT INTO Nav_Fields_GADG_IND( Nav_GADG_IND_ID, ParentID, FieldName, Enabled_044, Nav_GADG_IND_044, Script_044, Mandatory_044, Mandatory_Message_044, Default_Value_044, Default_Datatype_044, Tab_Index_044) VALUES ( '3RVQ3N19', '3RVQ3N14', 'cboProduct', 1, 'cboProduct', NULL, 0, NULL, NULL, 't', NULL)
			
INSERT INTO Nav_Forms_GADG_IND( Nav_GADG_IND_ID, Nav_GADG_IND, MoveAble, Enabled_044, Sequence_044, Nav_GADG_IND_044, Nav_Tbl_Tag_044) VALUES ( '3RVQ3N29', 'TES_Screen_Builder\\GADG\frmPROPDET.tst', 1, 1, 10, 'Proposer Details', NULL)
          
INSERT INTO Nav_Fields_GADG_IND( Nav_GADG_IND_ID, ParentID, FieldName, Enabled_044, Nav_GADG_IND_044, Script_044, Mandatory_044, Mandatory_Message_044, Default_Value_044, Default_Datatype_044, Tab_Index_044) VALUES ( '3RVQ3N20', '3RVQ3N29', 'cboEmpStat', 1, 'cboEmpStat', NULL, 0, NULL, NULL, 't', NULL)
			
INSERT INTO Nav_Fields_GADG_IND( Nav_GADG_IND_ID, ParentID, FieldName, Enabled_044, Nav_GADG_IND_044, Script_044, Mandatory_044, Mandatory_Message_044, Default_Value_044, Default_Datatype_044, Tab_Index_044) VALUES ( '3RVQ3N21', '3RVQ3N29', 'cboEmpBus', 1, 'cboEmpBus', NULL, 0, NULL, NULL, 't', NULL)
			
INSERT INTO Nav_Fields_GADG_IND( Nav_GADG_IND_ID, ParentID, FieldName, Enabled_044, Nav_GADG_IND_044, Script_044, Mandatory_044, Mandatory_Message_044, Default_Value_044, Default_Datatype_044, Tab_Index_044) VALUES ( '3RVQ3N22', '3RVQ3N29', 'cboOccupation', 1, 'cboOccupation', NULL, 0, NULL, NULL, 't', NULL)
			
INSERT INTO Nav_Fields_GADG_IND( Nav_GADG_IND_ID, ParentID, FieldName, Enabled_044, Nav_GADG_IND_044, Script_044, Mandatory_044, Mandatory_Message_044, Default_Value_044, Default_Datatype_044, Tab_Index_044) VALUES ( '3RVQ3N23', '3RVQ3N29', 'mskDOB', 1, 'mskDOB', NULL, 0, NULL, NULL, 'd', NULL)
			
INSERT INTO Nav_Fields_GADG_IND( Nav_GADG_IND_ID, ParentID, FieldName, Enabled_044, Nav_GADG_IND_044, Script_044, Mandatory_044, Mandatory_Message_044, Default_Value_044, Default_Datatype_044, Tab_Index_044) VALUES ( '3RVQ3N24', '3RVQ3N29', 'txtSurname', 1, 'txtSurname', NULL, 0, NULL, NULL, 't', NULL)
					
INSERT INTO Nav_Fields_GADG_IND( Nav_GADG_IND_ID, ParentID, FieldName, Enabled_044, Nav_GADG_IND_044, Script_044, Mandatory_044, Mandatory_Message_044, Default_Value_044, Default_Datatype_044, Tab_Index_044) VALUES ( '3RVQ3N25', '3RVQ3N29', 'txtInitial', 1, 'txtInitial', NULL, 0, NULL, NULL, 't', NULL)
					
INSERT INTO Nav_Fields_GADG_IND( Nav_GADG_IND_ID, ParentID, FieldName, Enabled_044, Nav_GADG_IND_044, Script_044, Mandatory_044, Mandatory_Message_044, Default_Value_044, Default_Datatype_044, Tab_Index_044) VALUES ( '3RVQ3N26', '3RVQ3N29', 'txtForename', 1, 'txtForename', NULL, 0, NULL, NULL, 't', NULL)
					
INSERT INTO Nav_Fields_GADG_IND( Nav_GADG_IND_ID, ParentID, FieldName, Enabled_044, Nav_GADG_IND_044, Script_044, Mandatory_044, Mandatory_Message_044, Default_Value_044, Default_Datatype_044, Tab_Index_044) VALUES ( '3RVQ3N27', '3RVQ3N29', 'cboTitle', 1, 'cboTitle', NULL, 0, NULL, NULL, 't', NULL)
			
INSERT INTO Nav_Forms_GADG_IND( Nav_GADG_IND_ID, Nav_GADG_IND, MoveAble, Enabled_044, Sequence_044, Nav_GADG_IND_044, Nav_Tbl_Tag_044) VALUES ( '3RVQ3N28', 'TES_Screen_Builder\\GADG\frmGeneral.tst', 1, 1, 12, 'General Questions', NULL)
          
INSERT INTO Nav_Fields_GADG_IND( Nav_GADG_IND_ID, ParentID, FieldName, Enabled_044, Nav_GADG_IND_044, Script_044, Mandatory_044, Mandatory_Message_044, Default_Value_044, Default_Datatype_044, Tab_Index_044) VALUES ( '3RVQ3N38', '3RVQ3N28', 'txtDetails', 1, 'Details', NULL, 0, NULL, NULL, 't', NULL)
					
INSERT INTO Nav_Fields_GADG_IND( Nav_GADG_IND_ID, ParentID, FieldName, Enabled_044, Nav_GADG_IND_044, Script_044, Mandatory_044, Mandatory_Message_044, Default_Value_044, Default_Datatype_044, Tab_Index_044) VALUES ( '3RVQ3N39', '3RVQ3N28', 'chkRequested', 1, 'Requested', NULL, 0, NULL, NULL, 'b', NULL)
			
INSERT INTO Nav_Fields_GADG_IND( Nav_GADG_IND_ID, ParentID, FieldName, Enabled_044, Nav_GADG_IND_044, Script_044, Mandatory_044, Mandatory_Message_044, Default_Value_044, Default_Datatype_044, Tab_Index_044) VALUES ( '3RVQ3N30', '3RVQ3N28', 'chkConvicted', 1, 'Convicted', NULL, 0, NULL, NULL, 'b', NULL)
			
INSERT INTO Nav_Fields_GADG_IND( Nav_GADG_IND_ID, ParentID, FieldName, Enabled_044, Nav_GADG_IND_044, Script_044, Mandatory_044, Mandatory_Message_044, Default_Value_044, Default_Datatype_044, Tab_Index_044) VALUES ( '3RVQ3N31', '3RVQ3N28', 'chkRefused', 1, 'Refused', NULL, 0, NULL, NULL, 'b', NULL)
			
    
  GO  

    
  GO  

    
  GO  
				    		
			
DECLARE @TABLENAME VARCHAR(50)
DECLARE @TABLESUFFIX VARCHAR(50)
DECLARE @SQL VARCHAR(8000)

DECLARE PERMISSION_CURSOR CURSOR FOR SELECT NAME FROM SYSOBJECTS WHERE NAME LIKE 'NAV_FORMS_GADG%'

	  OPEN PERMISSION_CURSOR

	  FETCH NEXT FROM PERMISSION_CURSOR INTO @TABLENAME

	  WHILE @@FETCH_STATUS = 0
	  BEGIN
	  SELECT @TABLESUFFIX = SUBSTRING(@TABLENAME, LEN('NAV_FORMS_') + 1, LEN(@TABLENAME) - LEN('NAV_FORMS_'))
	  SELECT @SQL = 'DELETE NAV_PERM_' + @TABLESUFFIX
	  EXEC (@SQL)
	  SELECT @SQL = 'INSERT INTO NAV_PERM_' + @TABLESUFFIX + ' SELECT NEWID(), NAV_' + @TABLESUFFIX + '_ID, ROLE_ID FROM NAV_FIELDS_' + @TABLESUFFIX + ', SYSTEM_ROLE WHERE ENABLED_044 = 1'
	  EXEC (@SQL)

	  FETCH NEXT FROM PERMISSION_CURSOR INTO @TABLENAME

	  END

	  CLOSE PERMISSION_CURSOR
	  DEALLOCATE PERMISSION_CURSOR
	  GO

	  --Get Base navigation table from System_RM_Partner
	  DECLARE @TABLENAME VARCHAR(50)
	  DECLARE @TABLESUFFIX VARCHAR(50)
	  DECLARE @SQL VARCHAR(8000)

	  DECLARE TABLE_CURSOR CURSOR FAST_FORWARD FOR
	  SELECT BASENAVTABLE FROM RM_Partner

	  OPEN TABLE_CURSOR

	  FETCH NEXT FROM TABLE_CURSOR INTO @TABLENAME

	  WHILE @@FETCH_STATUS = 0
	  BEGIN
	SELECT @TABLESUFFIX = SUBSTRING(@TABLENAME, LEN('NAV_FORMS_') + 1, LEN(@TABLENAME) - LEN('NAV_FORMS_'))

	SELECT @SQL = 'DECLARE @SEQUENCE044 AS int'
	SELECT @SQL = @SQL + Char(13) + 'SELECT @SEQUENCE044 = IsNull(Max(SEQUENCE_044) + 1, 1) FROM NAV_FORMS_' + @TABLESUFFIX
	
	SELECT @SQL = @SQL + Char(13) + 'IF NOT EXISTS (SELECT NAV_' + @TABLESUFFIX + '_ID FROM NAV_FORMS_' + @TABLESUFFIX + ' WHERE NAV_' + @TABLESUFFIX + ' = ''&+GADG_NEW'')' 
	SELECT @SQL = @SQL + Char(13) + 'INSERT NAV_FORMS_' + @TABLESUFFIX + ' VALUES (''3RVQ3N32'',''&+GADG_NEW'',0,1,@SEQUENCE044,''Gadget and Leisure Equipment New Quote Screens'',NULL)'
	
	SELECT @SQL = @SQL + Char(13) + 'IF NOT EXISTS (SELECT NAV_' + @TABLESUFFIX + '_ID FROM NAV_FORMS_' + @TABLESUFFIX + ' WHERE NAV_' + @TABLESUFFIX + ' = ''&+GADG_ADD'')' 
	SELECT @SQL = @SQL + Char(13) + 'INSERT NAV_FORMS_' + @TABLESUFFIX + ' VALUES (''3RVQ3N33'',''&+GADG_ADD'',0,1,@SEQUENCE044+1,''Gadget and Leisure Equipment Add Quote Screens'',NULL)'
	
	SELECT @SQL = @SQL + Char(13) + 'IF NOT EXISTS (SELECT NAV_' + @TABLESUFFIX + '_ID FROM NAV_FORMS_' + @TABLESUFFIX + ' WHERE NAV_' + @TABLESUFFIX + ' = ''&+GADG_QUICK'')'
	SELECT @SQL = @SQL + Char(13) + 'INSERT NAV_FORMS_' + @TABLESUFFIX + ' VALUES (''3RVQ3N34'',''&+GADG_QUICK'',0,1,@SEQUENCE044+2,''Gadget and Leisure Equipment Quick Quote Screens'',NULL)'
  
  SELECT @SQL = @SQL + Char(13) + 'IF NOT EXISTS (SELECT NAV_' + @TABLESUFFIX + '_ID FROM NAV_FORMS_' + @TABLESUFFIX + ' WHERE NAV_' + @TABLESUFFIX + ' = ''&+GADG_PST'')'
	SELECT @SQL = @SQL + Char(13) + 'INSERT NAV_FORMS_' + @TABLESUFFIX + ' VALUES (''3RVQ3N35'',''&+GADG_PST'',0,1,@SEQUENCE044+3,''Gadget and Leisure Equipment Post Quote Screens'',NULL)'
	
	SELECT @SQL = @SQL + Char(13) + 'IF NOT EXISTS (SELECT NAV_' + @TABLESUFFIX + '_ID FROM NAV_FORMS_' + @TABLESUFFIX + ' WHERE NAV_' + @TABLESUFFIX + ' = ''&+GADG_IND'')'
	SELECT @SQL = @SQL + Char(13) + 'INSERT NAV_FORMS_' + @TABLESUFFIX + ' VALUES (''3RVQ3N36'',''&+GADG_IND'',0,1,@SEQUENCE044+4,''Gadget and Leisure Equipment Independent Screens'',NULL)'	
	
	EXEC (@SQL)
	
	FETCH NEXT FROM TABLE_CURSOR INTO @TABLENAME
END

CLOSE TABLE_CURSOR
DEALLOCATE TABLE_CURSOR
GO

--User Tables
		
if exists (select * from dbo.sysobjects where id = object_id(N'[dbo].[USER_GADG_PROPDET_LINK]') and OBJECTPROPERTY(id, N'IsUserTable') = 1)
drop table [dbo].[USER_GADG_PROPDET_LINK]
GO
		
				
if exists (select * from dbo.sysobjects where id = object_id(N'[dbo].[USER_GADG_GDLE]') and OBJECTPROPERTY(id, N'IsUserTable') = 1)
	drop table [dbo].[USER_GADG_GDLE]
GO
			
				
if exists (select * from dbo.sysobjects where id = object_id(N'[dbo].[USER_GADG_PROPDET]') and OBJECTPROPERTY(id, N'IsUserTable') = 1)
	drop table [dbo].[USER_GADG_PROPDET]
GO
			
				
if exists (select * from dbo.sysobjects where id = object_id(N'[dbo].[USER_GADG_GENERAL]') and OBJECTPROPERTY(id, N'IsUserTable') = 1)
	drop table [dbo].[USER_GADG_GENERAL]
GO
			
CREATE TABLE [dbo].[USER_GADG_GDLE] (	
	[GADG_GDLE_ID] [CHAR] (32) NOT NULL ,
	[HISTORY_ID] [INT] NOT NULL ,
	[POLICY_DETAILS_ID] [CHAR] (32) NOT NULL,
    [ACCIDENT] [BIT] NULL,
    [EURO] [BIT] NULL,
    [VISITINGFAMILY_ID] [VARCHAR] (8) NULL,
    [GADGET_ID] [VARCHAR] (8) NULL,
    [LEISURE_ID] [VARCHAR] (8) NULL,
    [PRODUCT_ID] [VARCHAR] (8) NULL,
    
	[USERINSTANCE] [INT] NULL
) ON [PRIMARY]
GO


ALTER TABLE [dbo].[USER_GADG_GDLE] WITH NOCHECK ADD 
	CONSTRAINT [PK_U_GADG_GDLE] PRIMARY KEY  CLUSTERED 
	(
		[GADG_GDLE_ID],
		[HISTORY_ID]
	)  ON [PRIMARY] 
GO


ALTER TABLE [dbo].[USER_GADG_GDLE] WITH NOCHECK ADD 				
	CONSTRAINT [DF_UGADG_GDLE3RVQ3N48] DEFAULT (0) FOR [ACCIDENT]
GO
ALTER TABLE [dbo].[USER_GADG_GDLE] WITH NOCHECK ADD 				
	CONSTRAINT [DF_UGADG_GDLE3RVQ3N49] DEFAULT (0) FOR [EURO]
GO
ALTER TABLE [dbo].[USER_GADG_GDLE] WITH NOCHECK ADD 					
	CONSTRAINT [DF_UGADG_GDLE3RVQ3N40] DEFAULT ('0') FOR [VISITINGFAMILY_ID]
GO
ALTER TABLE [dbo].[USER_GADG_GDLE] WITH NOCHECK ADD 					
	CONSTRAINT [DF_UGADG_GDLE3RVQ3N41] DEFAULT ('0') FOR [GADGET_ID]
GO
ALTER TABLE [dbo].[USER_GADG_GDLE] WITH NOCHECK ADD 					
	CONSTRAINT [DF_UGADG_GDLE3RVQ3N42] DEFAULT ('0') FOR [LEISURE_ID]
GO
ALTER TABLE [dbo].[USER_GADG_GDLE] WITH NOCHECK ADD 					
	CONSTRAINT [DF_UGADG_GDLE3RVQ3N43] DEFAULT ('0') FOR [PRODUCT_ID]
GO
GO

CREATE  INDEX [IDX_UGADG_GDLE] ON [dbo].[USER_GADG_GDLE]([POLICY_DETAILS_ID], [HISTORY_ID]) ON [PRIMARY]				
GO	

GRANT  SELECT  ON [dbo].[USER_GADG_GDLE]  TO [TRANSACTORUSERS]
GO

GRANT  SELECT  ON [dbo].[USER_GADG_GDLE]  TO [TRANSACTORPMUSERS]
GO


ALTER TABLE [dbo].[USER_GADG_GDLE] ADD 

	CONSTRAINT [FK_UGADG_GDLE] FOREIGN KEY 
	(
		[POLICY_DETAILS_ID],
		[HISTORY_ID]
	) REFERENCES [dbo].[CUSTOMER_POLICY_DETAILS] (
		[POLICY_DETAILS_ID],
		[HISTORY_ID]
	) NOT FOR REPLICATION
GO	
	
ALTER TABLE [dbo].[USER_GADG_GDLE] ADD 
	CONSTRAINT [FK_UGADG_GDLE3RVQ3N44] FOREIGN KEY 
	(
		[VISITINGFAMILY_ID]
    
	) REFERENCES [dbo].[LIST_GADG_VISIT_SI] (
		[GADG_VISIT_SI_ID]
	)	NOT FOR REPLICATION
	
GO
ALTER TABLE [dbo].[USER_GADG_GDLE] ADD 
	CONSTRAINT [FK_UGADG_GDLE3RVQ3N45] FOREIGN KEY 
	(
		[GADGET_ID]
    
	) REFERENCES [dbo].[LIST_GADG_GADG_SI] (
		[GADG_GADG_SI_ID]
	)	NOT FOR REPLICATION
	
GO
ALTER TABLE [dbo].[USER_GADG_GDLE] ADD 
	CONSTRAINT [FK_UGADG_GDLE3RVQ3N55] FOREIGN KEY 
	(
		[LEISURE_ID]
    
	) REFERENCES [dbo].[LIST_GADG_LEQUIP_SI] (
		[GADG_LEQUIP_SI_ID]
	)	NOT FOR REPLICATION
	
GO
ALTER TABLE [dbo].[USER_GADG_GDLE] ADD 
	CONSTRAINT [FK_UGADG_GDLE3RVQ3N56] FOREIGN KEY 
	(
		[PRODUCT_ID]
    
	) REFERENCES [dbo].[LIST_GADG_PRODUCT_TYPE] (
		[GADG_PRODUCT_TYPE_ID]
	)	NOT FOR REPLICATION
	
GO
 
IF EXISTS (SELECT * FROM DBO.SYSOBJECTS WHERE ID = OBJECT_ID(N'[DBO].[USER_READ_GADG_GDLE]') AND OBJECTPROPERTY(ID, N'ISPROCEDURE') = 1)
DROP PROCEDURE [DBO].[USER_READ_GADG_GDLE]
GO
			
SET QUOTED_IDENTIFIER OFF 
GO
SET ANSI_NULLS ON 
GO

CREATE PROCEDURE DBO.USER_READ_GADG_GDLE (

@POLICY_DETAILS_ID CHAR(32),
@HISTORY_ID INT    
  

)	

AS
	
SELECT	
	USER_GADG_GDLE.[GADG_GDLE_ID], 

  USER_GADG_GDLE.[HISTORY_ID],
	USER_GADG_GDLE.[POLICY_DETAILS_ID]
		,
	USER_GADG_GDLE.[EURO],VISITINGFAMILY_ALIAS.[GADG_VISIT_SI_ID] as VISITINGFAMILY_ID,
	VISITINGFAMILY_ALIAS.[GADG_VISIT_SI_DEBUG] as VISITINGFAMILY_DEBUG,GADGET_ALIAS.[GADG_GADG_SI_ID] as GADGET_ID,
	GADGET_ALIAS.[GADG_GADG_SI_DEBUG] as GADGET_DEBUG,LEISURE_ALIAS.[GADG_LEQUIP_SI_ID] as LEISURE_ID,
	LEISURE_ALIAS.[GADG_LEQUIP_SI_DEBUG] as LEISURE_DEBUG,PRODUCT_ALIAS.[GADG_PRODUCT_TYPE_ID] as PRODUCT_ID,
	PRODUCT_ALIAS.[GADG_PRODUCT_TYPE_DEBUG] as PRODUCT_DEBUG,
	USER_GADG_GDLE.USERINSTANCE
FROM		
	USER_GADG_GDLE
	INNER JOIN LIST_GADG_VISIT_SI as VISITINGFAMILY_ALIAS ON USER_GADG_GDLE.[VISITINGFAMILY_ID] = VISITINGFAMILY_ALIAS.[GADG_VISIT_SI_ID]
	INNER JOIN LIST_GADG_GADG_SI as GADGET_ALIAS ON USER_GADG_GDLE.[GADGET_ID] = GADGET_ALIAS.[GADG_GADG_SI_ID]
	INNER JOIN LIST_GADG_LEQUIP_SI as LEISURE_ALIAS ON USER_GADG_GDLE.[LEISURE_ID] = LEISURE_ALIAS.[GADG_LEQUIP_SI_ID]
	INNER JOIN LIST_GADG_PRODUCT_TYPE as PRODUCT_ALIAS ON USER_GADG_GDLE.[PRODUCT_ID] = PRODUCT_ALIAS.[GADG_PRODUCT_TYPE_ID]
WHERE
  USER_GADG_GDLE.POLICY_DETAILS_ID = @POLICY_DETAILS_ID 
	AND USER_GADG_GDLE.HISTORY_ID = @HISTORY_ID      
    
ORDER BY
	USER_GADG_GDLE.USERINSTANCE ASC
		
GO

SET QUOTED_IDENTIFIER OFF 
GO
SET ANSI_NULLS ON 
GO

GRANT  EXECUTE  ON [DBO].[USER_READ_GADG_GDLE]  TO [TRANSACTORUSERS]
GO

GRANT  EXECUTE  ON [DBO].[USER_READ_GADG_GDLE]  TO [TRANSACTORPMUSERS]
GO

    
IF EXISTS (SELECT * FROM DBO.SYSOBJECTS WHERE ID = OBJECT_ID(N'[DBO].[USER_SAVE_GADG_GDLE]') AND OBJECTPROPERTY(ID, N'ISPROCEDURE') = 1)
DROP PROCEDURE [DBO].[USER_SAVE_GADG_GDLE]
GO

SET QUOTED_IDENTIFIER OFF 
GO
SET ANSI_NULLS ON 
GO

CREATE PROCEDURE DBO.USER_SAVE_GADG_GDLE

@GADG_GDLE_ID [CHAR](32), 

@HISTORY_ID [INT],
@POLICY_DETAILS_ID [CHAR](32),
@EURO [BIT],
@VISITINGFAMILY_ID [VARCHAR] (8),
@GADGET_ID [VARCHAR] (8),
@LEISURE_ID [VARCHAR] (8),
@PRODUCT_ID [VARCHAR] (8),
@USERINSTANCE [INT]

AS

INSERT INTO 
USER_GADG_GDLE
(
	GADG_GDLE_ID, 

	HISTORY_ID,
	POLICY_DETAILS_ID,
	[EURO],
	[VISITINGFAMILY_ID] ,
	[GADGET_ID] ,
	[LEISURE_ID] ,
	[PRODUCT_ID] ,
	USERINSTANCE
) VALUES (
	@GADG_GDLE_ID, 

	@HISTORY_ID,
   @POLICY_DETAILS_ID,
	@EURO,
	@VISITINGFAMILY_ID,
	@GADGET_ID,
	@LEISURE_ID,
	@PRODUCT_ID,
	@USERINSTANCE
)
GO

SET QUOTED_IDENTIFIER OFF 
GO
SET ANSI_NULLS ON 
GO

GRANT  EXECUTE  ON [DBO].[USER_SAVE_GADG_GDLE]  TO [TRANSACTORUSERS]
GO

GRANT  EXECUTE  ON [DBO].[USER_SAVE_GADG_GDLE]  TO [TRANSACTORPMUSERS]
GO    
      
IF EXISTS (SELECT * FROM DBO.SYSOBJECTS WHERE ID = OBJECT_ID(N'[DBO].[USER_UPDATE_GADG_GDLE]') AND OBJECTPROPERTY(ID, N'ISPROCEDURE') = 1)
DROP PROCEDURE [DBO].[USER_UPDATE_GADG_GDLE]
GO

SET QUOTED_IDENTIFIER OFF 
GO
SET ANSI_NULLS ON 
GO

CREATE PROCEDURE DBO.USER_UPDATE_GADG_GDLE

@GADG_GDLE_ID [CHAR](32), 

@HISTORY_ID [INT],    
@POLICY_DETAILS_ID [CHAR](32),
@EURO [BIT],
@VISITINGFAMILY_ID [VARCHAR] (8),
@GADGET_ID [VARCHAR] (8),
@LEISURE_ID [VARCHAR] (8),
@PRODUCT_ID [VARCHAR] (8),
@USERINSTANCE [INT]

AS

SET NOCOUNT ON

UPDATE
  USER_GADG_GDLE
SET
  [GADG_GDLE_ID] = @GADG_GDLE_ID,  
  
  [HISTORY_ID] = @HISTORY_ID,
  [POLICY_DETAILS_ID] = @POLICY_DETAILS_ID,
  [EURO] = @EURO,
  [VISITINGFAMILY_ID] = @VISITINGFAMILY_ID,
  [GADGET_ID] = @GADGET_ID,
  [LEISURE_ID] = @LEISURE_ID,
  [PRODUCT_ID] = @PRODUCT_ID,      
  [USERINSTANCE] = @USERINSTANCE
WHERE
  [GADG_GDLE_ID] = @GADG_GDLE_ID

  AND [HISTORY_ID] = @HISTORY_ID      


GO

SET QUOTED_IDENTIFIER OFF 
GO
SET ANSI_NULLS ON 
GO

GRANT  EXECUTE  ON [DBO].[USER_UPDATE_GADG_GDLE]  TO [TRANSACTORUSERS], [TRANSACTORPMUSERS]
GO
  
 
IF EXISTS (SELECT * FROM DBO.SYSOBJECTS WHERE ID = OBJECT_ID(N'[DBO].[USER_DELETE_GADG_GDLE]') AND OBJECTPROPERTY(ID, N'ISPROCEDURE') = 1)
DROP PROCEDURE [DBO].[USER_DELETE_GADG_GDLE]
GO
			
SET QUOTED_IDENTIFIER OFF 
GO
SET ANSI_NULLS ON 
GO

CREATE PROCEDURE DBO.USER_DELETE_GADG_GDLE (

@GADG_GDLE_ID [CHAR](32), 
@HISTORY_ID INT    
)	

AS

SET NOCOUNT ON

DELETE USER_GADG_GDLE WHERE [GADG_GDLE_ID] = @GADG_GDLE_ID AND [HISTORY_ID] = @HISTORY_ID
  
GO

SET QUOTED_IDENTIFIER OFF 
GO
SET ANSI_NULLS ON 
GO

GRANT  EXECUTE  ON [DBO].[USER_DELETE_GADG_GDLE]  TO [TRANSACTORUSERS], [TRANSACTORPMUSERS]
GO

CREATE TABLE [dbo].[USER_GADG_PROPDET] (	
	[GADG_PROPDET_ID] [CHAR] (32) NOT NULL ,
	[HISTORY_ID] [INT] NOT NULL ,
	[POLICY_DETAILS_ID] [CHAR] (32) NOT NULL,
    [EMPSTAT_ID] [VARCHAR] (8) NULL,
    [EMPBUS_ID] [VARCHAR] (8) NULL,
    [OCCUPATION_ID] [VARCHAR] (8) NULL,
    [DOB] [DATETIME] NULL,
    [SURNAME] [VARCHAR] (200) NULL,
    [INITIAL] [VARCHAR] (200) NULL,
    [FORENAME] [VARCHAR] (200) NULL,
    [TITLE_ID] [VARCHAR] (8) NULL,
    
	[USERINSTANCE] [INT] NULL
) ON [PRIMARY]
GO


ALTER TABLE [dbo].[USER_GADG_PROPDET] WITH NOCHECK ADD 
	CONSTRAINT [PK_U_GADG_PROPDET] PRIMARY KEY  CLUSTERED 
	(
		[GADG_PROPDET_ID],
		[HISTORY_ID]
	)  ON [PRIMARY] 
GO


ALTER TABLE [dbo].[USER_GADG_PROPDET] WITH NOCHECK ADD 					
	CONSTRAINT [DF_UGADG_PROPDET3RVQ3N50] DEFAULT ('0') FOR [EMPSTAT_ID]
GO
ALTER TABLE [dbo].[USER_GADG_PROPDET] WITH NOCHECK ADD 					
	CONSTRAINT [DF_UGADG_PROPDET3RVQ3N51] DEFAULT ('0') FOR [EMPBUS_ID]
GO
ALTER TABLE [dbo].[USER_GADG_PROPDET] WITH NOCHECK ADD 					
	CONSTRAINT [DF_UGADG_PROPDET3RVQ3N52] DEFAULT ('0') FOR [OCCUPATION_ID]
GO
ALTER TABLE [dbo].[USER_GADG_PROPDET] WITH NOCHECK ADD 					
	CONSTRAINT [DF_UGADG_PROPDET3RVQ3N53] DEFAULT ('0') FOR [TITLE_ID]
GO
GO

CREATE  INDEX [IDX_UGADG_PROPDET] ON [dbo].[USER_GADG_PROPDET]([POLICY_DETAILS_ID], [HISTORY_ID]) ON [PRIMARY]				
GO	

GRANT  SELECT  ON [dbo].[USER_GADG_PROPDET]  TO [TRANSACTORUSERS]
GO

GRANT  SELECT  ON [dbo].[USER_GADG_PROPDET]  TO [TRANSACTORPMUSERS]
GO


ALTER TABLE [dbo].[USER_GADG_PROPDET] ADD 

	CONSTRAINT [FK_UGADG_PROPDET] FOREIGN KEY 
	(
		[POLICY_DETAILS_ID],
		[HISTORY_ID]
	) REFERENCES [dbo].[CUSTOMER_POLICY_DETAILS] (
		[POLICY_DETAILS_ID],
		[HISTORY_ID]
	) NOT FOR REPLICATION
GO	
	
ALTER TABLE [dbo].[USER_GADG_PROPDET] ADD 
	CONSTRAINT [FK_UGADG_PROPDET3RVQ3N54] FOREIGN KEY 
	(
		[EMPSTAT_ID]
    
	) REFERENCES [dbo].[LIST_EMPLOYMENT_STATUS] (
		[EMPLOYMENT_STATUS_ID]
	)	NOT FOR REPLICATION
	
GO
ALTER TABLE [dbo].[USER_GADG_PROPDET] ADD 
	CONSTRAINT [FK_UGADG_PROPDET3RVQ3N64] FOREIGN KEY 
	(
		[EMPBUS_ID]
    
	) REFERENCES [dbo].[LIST_EMPLOYERS_BUS] (
		[EMPLOYERS_BUS_ID]
	)	NOT FOR REPLICATION
	
GO
ALTER TABLE [dbo].[USER_GADG_PROPDET] ADD 
	CONSTRAINT [FK_UGADG_PROPDET3RVQ3N65] FOREIGN KEY 
	(
		[OCCUPATION_ID]
    
	) REFERENCES [dbo].[LIST_OCCUPATION] (
		[OCCUPATION_ID]
	)	NOT FOR REPLICATION
	
GO
ALTER TABLE [dbo].[USER_GADG_PROPDET] ADD 
	CONSTRAINT [FK_UGADG_PROPDET3RVQ3N66] FOREIGN KEY 
	(
		[TITLE_ID]
    
	) REFERENCES [dbo].[LIST_TITLE] (
		[TITLE_ID]
	)	NOT FOR REPLICATION
	
GO
 
IF EXISTS (SELECT * FROM DBO.SYSOBJECTS WHERE ID = OBJECT_ID(N'[DBO].[USER_READ_GADG_PROPDET]') AND OBJECTPROPERTY(ID, N'ISPROCEDURE') = 1)
DROP PROCEDURE [DBO].[USER_READ_GADG_PROPDET]
GO
			
SET QUOTED_IDENTIFIER OFF 
GO
SET ANSI_NULLS ON 
GO

CREATE PROCEDURE DBO.USER_READ_GADG_PROPDET (

@POLICY_DETAILS_ID CHAR(32),
@HISTORY_ID INT    
  

)	

AS
	
SELECT	
	USER_GADG_PROPDET.[GADG_PROPDET_ID], 

  USER_GADG_PROPDET.[HISTORY_ID],
	USER_GADG_PROPDET.[POLICY_DETAILS_ID]
		,EMPSTAT_ALIAS.[EMPLOYMENT_STATUS_ID] as EMPSTAT_ID,
	EMPSTAT_ALIAS.[EMPLOYMENT_STATUS_DEBUG] as EMPSTAT_DEBUG,EMPBUS_ALIAS.[EMPLOYERS_BUS_ID] as EMPBUS_ID,
	EMPBUS_ALIAS.[EMPLOYERS_BUS_DEBUG] as EMPBUS_DEBUG,OCCUPATION_ALIAS.[OCCUPATION_ID] as OCCUPATION_ID,
	OCCUPATION_ALIAS.[OCCUPATION_DEBUG] as OCCUPATION_DEBUG,
	USER_GADG_PROPDET.[DOB],
	USER_GADG_PROPDET.[SURNAME],
	USER_GADG_PROPDET.[INITIAL],
	USER_GADG_PROPDET.[FORENAME],TITLE_ALIAS.[TITLE_ID] as TITLE_ID,
	TITLE_ALIAS.[TITLE_DEBUG] as TITLE_DEBUG
			,[INSURED_PARTY_ID] as LINK_ID
		,
	USER_GADG_PROPDET.USERINSTANCE
FROM		
	USER_GADG_PROPDET
	INNER JOIN LIST_EMPLOYMENT_STATUS as EMPSTAT_ALIAS ON USER_GADG_PROPDET.[EMPSTAT_ID] = EMPSTAT_ALIAS.[EMPLOYMENT_STATUS_ID]
	INNER JOIN LIST_EMPLOYERS_BUS as EMPBUS_ALIAS ON USER_GADG_PROPDET.[EMPBUS_ID] = EMPBUS_ALIAS.[EMPLOYERS_BUS_ID]
	INNER JOIN LIST_OCCUPATION as OCCUPATION_ALIAS ON USER_GADG_PROPDET.[OCCUPATION_ID] = OCCUPATION_ALIAS.[OCCUPATION_ID]
	INNER JOIN LIST_TITLE as TITLE_ALIAS ON USER_GADG_PROPDET.[TITLE_ID] = TITLE_ALIAS.[TITLE_ID]
			LEFT OUTER JOIN USER_GADG_PROPDET_LINK ON (USER_GADG_PROPDET.[GADG_PROPDET_ID] = USER_GADG_PROPDET_LINK.[GADG_PROPDET_ID] and USER_GADG_PROPDET.[HISTORY_ID] = USER_GADG_PROPDET_LINK.[HISTORY_ID])
		
WHERE
  USER_GADG_PROPDET.POLICY_DETAILS_ID = @POLICY_DETAILS_ID 
	AND USER_GADG_PROPDET.HISTORY_ID = @HISTORY_ID      
    
ORDER BY
	USER_GADG_PROPDET.USERINSTANCE ASC
		
GO

SET QUOTED_IDENTIFIER OFF 
GO
SET ANSI_NULLS ON 
GO

GRANT  EXECUTE  ON [DBO].[USER_READ_GADG_PROPDET]  TO [TRANSACTORUSERS]
GO

GRANT  EXECUTE  ON [DBO].[USER_READ_GADG_PROPDET]  TO [TRANSACTORPMUSERS]
GO

    
IF EXISTS (SELECT * FROM DBO.SYSOBJECTS WHERE ID = OBJECT_ID(N'[DBO].[USER_SAVE_GADG_PROPDET]') AND OBJECTPROPERTY(ID, N'ISPROCEDURE') = 1)
DROP PROCEDURE [DBO].[USER_SAVE_GADG_PROPDET]
GO

SET QUOTED_IDENTIFIER OFF 
GO
SET ANSI_NULLS ON 
GO

CREATE PROCEDURE DBO.USER_SAVE_GADG_PROPDET

@GADG_PROPDET_ID [CHAR](32), 

@HISTORY_ID [INT],
@POLICY_DETAILS_ID [CHAR](32),
@EMPSTAT_ID [VARCHAR] (8),
@EMPBUS_ID [VARCHAR] (8),
@OCCUPATION_ID [VARCHAR] (8),
@DOB [DATETIME],
				
@SURNAME [VARCHAR] (200),
				
@INITIAL [VARCHAR] (200),
				
@FORENAME [VARCHAR] (200),
@TITLE_ID [VARCHAR] (8),
@USERINSTANCE [INT]

AS

INSERT INTO 
USER_GADG_PROPDET
(
	GADG_PROPDET_ID, 

	HISTORY_ID,
	POLICY_DETAILS_ID,
	[EMPSTAT_ID] ,
	[EMPBUS_ID] ,
	[OCCUPATION_ID] ,
	[DOB],
	[SURNAME],
	[INITIAL],
	[FORENAME],
	[TITLE_ID] ,
	USERINSTANCE
) VALUES (
	@GADG_PROPDET_ID, 

	@HISTORY_ID,
   @POLICY_DETAILS_ID,
	@EMPSTAT_ID,
	@EMPBUS_ID,
	@OCCUPATION_ID,
	@DOB,
	@SURNAME,
	@INITIAL,
	@FORENAME,
	@TITLE_ID,
	@USERINSTANCE
)
GO

SET QUOTED_IDENTIFIER OFF 
GO
SET ANSI_NULLS ON 
GO

GRANT  EXECUTE  ON [DBO].[USER_SAVE_GADG_PROPDET]  TO [TRANSACTORUSERS]
GO

GRANT  EXECUTE  ON [DBO].[USER_SAVE_GADG_PROPDET]  TO [TRANSACTORPMUSERS]
GO    
      
IF EXISTS (SELECT * FROM DBO.SYSOBJECTS WHERE ID = OBJECT_ID(N'[DBO].[USER_UPDATE_GADG_PROPDET]') AND OBJECTPROPERTY(ID, N'ISPROCEDURE') = 1)
DROP PROCEDURE [DBO].[USER_UPDATE_GADG_PROPDET]
GO

SET QUOTED_IDENTIFIER OFF 
GO
SET ANSI_NULLS ON 
GO

CREATE PROCEDURE DBO.USER_UPDATE_GADG_PROPDET

@GADG_PROPDET_ID [CHAR](32), 

@HISTORY_ID [INT],    
@POLICY_DETAILS_ID [CHAR](32),
@EMPSTAT_ID [VARCHAR] (8),
@EMPBUS_ID [VARCHAR] (8),
@OCCUPATION_ID [VARCHAR] (8),
@DOB [DATETIME],
				
@SURNAME [VARCHAR] (200),
				
@INITIAL [VARCHAR] (200),
				
@FORENAME [VARCHAR] (200),
@TITLE_ID [VARCHAR] (8),
@USERINSTANCE [INT]

AS

SET NOCOUNT ON

UPDATE
  USER_GADG_PROPDET
SET
  [GADG_PROPDET_ID] = @GADG_PROPDET_ID,  
  
  [HISTORY_ID] = @HISTORY_ID,
  [POLICY_DETAILS_ID] = @POLICY_DETAILS_ID,
  [EMPSTAT_ID] = @EMPSTAT_ID,
  [EMPBUS_ID] = @EMPBUS_ID,
  [OCCUPATION_ID] = @OCCUPATION_ID,
  [DOB] = @DOB,
  [SURNAME] = @SURNAME,
  [INITIAL] = @INITIAL,
  [FORENAME] = @FORENAME,
  [TITLE_ID] = @TITLE_ID,      
  [USERINSTANCE] = @USERINSTANCE
WHERE
  [GADG_PROPDET_ID] = @GADG_PROPDET_ID

  AND [HISTORY_ID] = @HISTORY_ID      


GO

SET QUOTED_IDENTIFIER OFF 
GO
SET ANSI_NULLS ON 
GO

GRANT  EXECUTE  ON [DBO].[USER_UPDATE_GADG_PROPDET]  TO [TRANSACTORUSERS], [TRANSACTORPMUSERS]
GO
  
 
IF EXISTS (SELECT * FROM DBO.SYSOBJECTS WHERE ID = OBJECT_ID(N'[DBO].[USER_DELETE_GADG_PROPDET]') AND OBJECTPROPERTY(ID, N'ISPROCEDURE') = 1)
DROP PROCEDURE [DBO].[USER_DELETE_GADG_PROPDET]
GO
			
SET QUOTED_IDENTIFIER OFF 
GO
SET ANSI_NULLS ON 
GO

CREATE PROCEDURE DBO.USER_DELETE_GADG_PROPDET (

@GADG_PROPDET_ID [CHAR](32), 
@HISTORY_ID INT    
)	

AS

SET NOCOUNT ON

DELETE USER_GADG_PROPDET WHERE [GADG_PROPDET_ID] = @GADG_PROPDET_ID AND [HISTORY_ID] = @HISTORY_ID
  
GO

SET QUOTED_IDENTIFIER OFF 
GO
SET ANSI_NULLS ON 
GO

GRANT  EXECUTE  ON [DBO].[USER_DELETE_GADG_PROPDET]  TO [TRANSACTORUSERS], [TRANSACTORPMUSERS]
GO

CREATE TABLE [dbo].[USER_GADG_GENERAL] (	
	[GADG_GENERAL_ID] [CHAR] (32) NOT NULL ,
	[HISTORY_ID] [INT] NOT NULL ,
	[POLICY_DETAILS_ID] [CHAR] (32) NOT NULL,
    [DETAILS] [VARCHAR] (8000) NULL,
    [REQUESTED] [BIT] NULL,
    [CONVICTED] [BIT] NULL,
    [REFUSED] [BIT] NULL,
    
	[USERINSTANCE] [INT] NULL
) ON [PRIMARY]
GO


ALTER TABLE [dbo].[USER_GADG_GENERAL] WITH NOCHECK ADD 
	CONSTRAINT [PK_U_GADG_GENERAL] PRIMARY KEY  CLUSTERED 
	(
		[GADG_GENERAL_ID],
		[HISTORY_ID]
	)  ON [PRIMARY] 
GO


ALTER TABLE [dbo].[USER_GADG_GENERAL] WITH NOCHECK ADD 				
	CONSTRAINT [DF_UGADG_GENERAL3RVQ3N67] DEFAULT (0) FOR [REQUESTED]
GO
ALTER TABLE [dbo].[USER_GADG_GENERAL] WITH NOCHECK ADD 				
	CONSTRAINT [DF_UGADG_GENERAL3RVQ3N68] DEFAULT (0) FOR [CONVICTED]
GO
ALTER TABLE [dbo].[USER_GADG_GENERAL] WITH NOCHECK ADD 				
	CONSTRAINT [DF_UGADG_GENERAL3RVQ3N69] DEFAULT (0) FOR [REFUSED]
GO
GO

CREATE  INDEX [IDX_UGADG_GENERAL] ON [dbo].[USER_GADG_GENERAL]([POLICY_DETAILS_ID], [HISTORY_ID]) ON [PRIMARY]				
GO	

GRANT  SELECT  ON [dbo].[USER_GADG_GENERAL]  TO [TRANSACTORUSERS]
GO

GRANT  SELECT  ON [dbo].[USER_GADG_GENERAL]  TO [TRANSACTORPMUSERS]
GO


ALTER TABLE [dbo].[USER_GADG_GENERAL] ADD 

	CONSTRAINT [FK_UGADG_GENERAL] FOREIGN KEY 
	(
		[POLICY_DETAILS_ID],
		[HISTORY_ID]
	) REFERENCES [dbo].[CUSTOMER_POLICY_DETAILS] (
		[POLICY_DETAILS_ID],
		[HISTORY_ID]
	) NOT FOR REPLICATION
GO	
	
 
IF EXISTS (SELECT * FROM DBO.SYSOBJECTS WHERE ID = OBJECT_ID(N'[DBO].[USER_READ_GADG_GENERAL]') AND OBJECTPROPERTY(ID, N'ISPROCEDURE') = 1)
DROP PROCEDURE [DBO].[USER_READ_GADG_GENERAL]
GO
			
SET QUOTED_IDENTIFIER OFF 
GO
SET ANSI_NULLS ON 
GO

CREATE PROCEDURE DBO.USER_READ_GADG_GENERAL (

@POLICY_DETAILS_ID CHAR(32),
@HISTORY_ID INT    
  

)	

AS
	
SELECT	
	USER_GADG_GENERAL.[GADG_GENERAL_ID], 

  USER_GADG_GENERAL.[HISTORY_ID],
	USER_GADG_GENERAL.[POLICY_DETAILS_ID]
		,
	USER_GADG_GENERAL.[DETAILS],
	USER_GADG_GENERAL.[REQUESTED],
	USER_GADG_GENERAL.[CONVICTED],
	USER_GADG_GENERAL.[REFUSED],
	USER_GADG_GENERAL.USERINSTANCE
FROM		
	USER_GADG_GENERAL
WHERE
  USER_GADG_GENERAL.POLICY_DETAILS_ID = @POLICY_DETAILS_ID 
	AND USER_GADG_GENERAL.HISTORY_ID = @HISTORY_ID      
    
ORDER BY
	USER_GADG_GENERAL.USERINSTANCE ASC
		
GO

SET QUOTED_IDENTIFIER OFF 
GO
SET ANSI_NULLS ON 
GO

GRANT  EXECUTE  ON [DBO].[USER_READ_GADG_GENERAL]  TO [TRANSACTORUSERS]
GO

GRANT  EXECUTE  ON [DBO].[USER_READ_GADG_GENERAL]  TO [TRANSACTORPMUSERS]
GO

    
IF EXISTS (SELECT * FROM DBO.SYSOBJECTS WHERE ID = OBJECT_ID(N'[DBO].[USER_SAVE_GADG_GENERAL]') AND OBJECTPROPERTY(ID, N'ISPROCEDURE') = 1)
DROP PROCEDURE [DBO].[USER_SAVE_GADG_GENERAL]
GO

SET QUOTED_IDENTIFIER OFF 
GO
SET ANSI_NULLS ON 
GO

CREATE PROCEDURE DBO.USER_SAVE_GADG_GENERAL

@GADG_GENERAL_ID [CHAR](32), 

@HISTORY_ID [INT],
@POLICY_DETAILS_ID [CHAR](32),
				
@DETAILS [VARCHAR] (8000),
@REQUESTED [BIT],
@CONVICTED [BIT],
@REFUSED [BIT],
@USERINSTANCE [INT]

AS

INSERT INTO 
USER_GADG_GENERAL
(
	GADG_GENERAL_ID, 

	HISTORY_ID,
	POLICY_DETAILS_ID,
	[DETAILS],
	[REQUESTED],
	[CONVICTED],
	[REFUSED],
	USERINSTANCE
) VALUES (
	@GADG_GENERAL_ID, 

	@HISTORY_ID,
   @POLICY_DETAILS_ID,
	@DETAILS,
	@REQUESTED,
	@CONVICTED,
	@REFUSED,
	@USERINSTANCE
)
GO

SET QUOTED_IDENTIFIER OFF 
GO
SET ANSI_NULLS ON 
GO

GRANT  EXECUTE  ON [DBO].[USER_SAVE_GADG_GENERAL]  TO [TRANSACTORUSERS]
GO

GRANT  EXECUTE  ON [DBO].[USER_SAVE_GADG_GENERAL]  TO [TRANSACTORPMUSERS]
GO    
      
IF EXISTS (SELECT * FROM DBO.SYSOBJECTS WHERE ID = OBJECT_ID(N'[DBO].[USER_UPDATE_GADG_GENERAL]') AND OBJECTPROPERTY(ID, N'ISPROCEDURE') = 1)
DROP PROCEDURE [DBO].[USER_UPDATE_GADG_GENERAL]
GO

SET QUOTED_IDENTIFIER OFF 
GO
SET ANSI_NULLS ON 
GO

CREATE PROCEDURE DBO.USER_UPDATE_GADG_GENERAL

@GADG_GENERAL_ID [CHAR](32), 

@HISTORY_ID [INT],    
@POLICY_DETAILS_ID [CHAR](32),
				
@DETAILS [VARCHAR] (8000),
@REQUESTED [BIT],
@CONVICTED [BIT],
@REFUSED [BIT],
@USERINSTANCE [INT]

AS

SET NOCOUNT ON

UPDATE
  USER_GADG_GENERAL
SET
  [GADG_GENERAL_ID] = @GADG_GENERAL_ID,  
  
  [HISTORY_ID] = @HISTORY_ID,
  [POLICY_DETAILS_ID] = @POLICY_DETAILS_ID,
  [DETAILS] = @DETAILS,
  [REQUESTED] = @REQUESTED,
  [CONVICTED] = @CONVICTED,
  [REFUSED] = @REFUSED,      
  [USERINSTANCE] = @USERINSTANCE
WHERE
  [GADG_GENERAL_ID] = @GADG_GENERAL_ID

  AND [HISTORY_ID] = @HISTORY_ID      


GO

SET QUOTED_IDENTIFIER OFF 
GO
SET ANSI_NULLS ON 
GO

GRANT  EXECUTE  ON [DBO].[USER_UPDATE_GADG_GENERAL]  TO [TRANSACTORUSERS], [TRANSACTORPMUSERS]
GO
  
 
IF EXISTS (SELECT * FROM DBO.SYSOBJECTS WHERE ID = OBJECT_ID(N'[DBO].[USER_DELETE_GADG_GENERAL]') AND OBJECTPROPERTY(ID, N'ISPROCEDURE') = 1)
DROP PROCEDURE [DBO].[USER_DELETE_GADG_GENERAL]
GO
			
SET QUOTED_IDENTIFIER OFF 
GO
SET ANSI_NULLS ON 
GO

CREATE PROCEDURE DBO.USER_DELETE_GADG_GENERAL (

@GADG_GENERAL_ID [CHAR](32), 
@HISTORY_ID INT    
)	

AS

SET NOCOUNT ON

DELETE USER_GADG_GENERAL WHERE [GADG_GENERAL_ID] = @GADG_GENERAL_ID AND [HISTORY_ID] = @HISTORY_ID
  
GO

SET QUOTED_IDENTIFIER OFF 
GO
SET ANSI_NULLS ON 
GO

GRANT  EXECUTE  ON [DBO].[USER_DELETE_GADG_GENERAL]  TO [TRANSACTORUSERS], [TRANSACTORPMUSERS]
GO

IF EXISTS (SELECT * FROM DBO.SYSOBJECTS WHERE ID = OBJECT_ID(N'[DBO].[USER_DELETE_GADG]') AND OBJECTPROPERTY(ID, N'ISPROCEDURE') = 1)
DROP PROCEDURE [DBO].[USER_DELETE_GADG]
GO

SET QUOTED_IDENTIFIER OFF 
GO
SET ANSI_NULLS ON 
GO

CREATE PROCEDURE DBO.USER_DELETE_GADG

@POLICY_DETAILS_ID CHAR(32),
@HISTORY_ID INT

AS



DELETE USER_GADG_GDLE
WHERE GADG_GDLE_ID IN
(

SELECT GADG_GDLE_ID FROM USER_GADG_GDLE WHERE (POLICY_DETAILS_ID = @POLICY_DETAILS_ID AND HISTORY_ID = @HISTORY_ID)
				
)
AND HISTORY_ID = @HISTORY_ID

		

DELETE USER_GADG_PROPDET
WHERE GADG_PROPDET_ID IN
(

SELECT GADG_PROPDET_ID FROM USER_GADG_PROPDET WHERE (POLICY_DETAILS_ID = @POLICY_DETAILS_ID AND HISTORY_ID = @HISTORY_ID)
				
)
AND HISTORY_ID = @HISTORY_ID

		

DELETE USER_GADG_GENERAL
WHERE GADG_GENERAL_ID IN
(

SELECT GADG_GENERAL_ID FROM USER_GADG_GENERAL WHERE (POLICY_DETAILS_ID = @POLICY_DETAILS_ID AND HISTORY_ID = @HISTORY_ID)
				
)
AND HISTORY_ID = @HISTORY_ID

		

GO
SET QUOTED_IDENTIFIER OFF 
GO
SET ANSI_NULLS ON 
GO

GRANT  EXECUTE  ON [DBO].[USER_DELETE_GADG]  TO [TRANSACTORUSERS]
GO

GRANT  EXECUTE  ON [DBO].[USER_DELETE_GADG]  TO [TRANSACTORPMUSERS]
GO    
  
--User Link Tables
		
			
if exists (select * from dbo.sysobjects where id = object_id(N'[dbo].[USER_GADG_PROPDET_LINK]') and OBJECTPROPERTY(id, N'IsUserTable') = 1)
drop table [dbo].[USER_GADG_PROPDET_LINK]
GO

CREATE TABLE [dbo].[USER_GADG_PROPDET_LINK] (	
	[GADG_PROPDET_LINK_ID] [CHAR] (32) NOT NULL ,
	[HISTORY_ID] [INT] NOT NULL ,
	[POLICY_DETAILS_ID] [CHAR] (32) NOT NULL ,
	[GADG_PROPDET_ID] [CHAR] (32) NOT NULL ,
	[INSURED_PARTY_ID] [CHAR] (32) NOT NULL,
	[INSURED_PARTY_HISTORY_ID] [INT] NOT NULL
) ON [PRIMARY]
GO		

ALTER TABLE [dbo].[USER_GADG_PROPDET_LINK] WITH NOCHECK ADD 
	CONSTRAINT [PK_U_GADG_PROPDET_LINK] PRIMARY KEY  CLUSTERED 
	(
		[GADG_PROPDET_LINK_ID],
		[HISTORY_ID]
	)  ON [PRIMARY] 
GO

CREATE INDEX [IX_UGADG_PROPDET_LK_USE] ON [dbo].[USER_GADG_PROPDET_LINK]([GADG_PROPDET_ID], [HISTORY_ID]) ON [PRIMARY]
GO
CREATE INDEX [IX_UGADG_PROPDET_LK_POL] ON [dbo].[USER_GADG_PROPDET_LINK]([POLICY_DETAILS_ID], [HISTORY_ID]) ON [PRIMARY]
GO
CREATE INDEX [IX_UGADG_PROPDET_LK_CLI] ON [dbo].[USER_GADG_PROPDET_LINK]([INSURED_PARTY_ID], [INSURED_PARTY_HISTORY_ID]) ON [PRIMARY]
GO

GRANT  SELECT  ON [dbo].[USER_GADG_PROPDET_LINK]  TO [TRANSACTORUSERS]
GO
GRANT  SELECT  ON [dbo].[USER_GADG_PROPDET_LINK]  TO [TRANSACTORPMUSERS]
GO

ALTER TABLE [dbo].[USER_GADG_PROPDET_LINK] ADD 
	CONSTRAINT [FK_UGADG_PROPDET_LINK_USE] FOREIGN KEY 
	(
		[GADG_PROPDET_ID],
		[HISTORY_ID]
	) REFERENCES [dbo].[USER_GADG_PROPDET] (
		[GADG_PROPDET_ID],
		[HISTORY_ID]
	) NOT FOR REPLICATION
GO

ALTER TABLE [dbo].[USER_GADG_PROPDET_LINK] ADD 
	CONSTRAINT [FK_UGADG_PROPDET_LINK_POL] FOREIGN KEY 
	(
		[POLICY_DETAILS_ID],
		[HISTORY_ID]
	) REFERENCES [dbo].[CUSTOMER_POLICY_DETAILS] (
		[POLICY_DETAILS_ID],
		[HISTORY_ID]
	) NOT FOR REPLICATION
GO	

ALTER TABLE [dbo].[USER_GADG_PROPDET_LINK] ADD 
	CONSTRAINT [FK_UGADG_PROPDET_LINK_CLI] FOREIGN KEY 
	(
		[INSURED_PARTY_ID],
		[INSURED_PARTY_HISTORY_ID]
	) REFERENCES [dbo].[CUSTOMER_INSURED_PARTY] (
		[INSURED_PARTY_ID],
		[HISTORY_ID]
	) NOT FOR REPLICATION
GO	

IF EXISTS (SELECT * FROM DBO.SYSOBJECTS WHERE ID = OBJECT_ID(N'[DBO].[USER_SAVE_GADG_PROPDET_LINK]') AND OBJECTPROPERTY(ID, N'ISPROCEDURE') = 1)
DROP PROCEDURE [DBO].[USER_SAVE_GADG_PROPDET_LINK]
GO

SET QUOTED_IDENTIFIER OFF 
GO
SET ANSI_NULLS ON 
GO

CREATE PROCEDURE DBO.USER_SAVE_GADG_PROPDET_LINK

@GADG_PROPDET_LINK_ID CHAR(32),
@HISTORY_ID INT,
@POLICY_DETAILS_ID CHAR(32),
@GADG_PROPDET_ID CHAR(32),
@INSURED_PARTY_ID CHAR(32),
@INSURED_PARTY_HISTORY_ID INT
	
AS

INSERT INTO 
USER_GADG_PROPDET_LINK
(
	GADG_PROPDET_LINK_ID,
	HISTORY_ID,
	POLICY_DETAILS_ID,
	GADG_PROPDET_ID,
	INSURED_PARTY_ID,
	INSURED_PARTY_HISTORY_ID  
) VALUES (
	@GADG_PROPDET_LINK_ID,
	@HISTORY_ID,
	@POLICY_DETAILS_ID,
	@GADG_PROPDET_ID,
	@INSURED_PARTY_ID,
	@INSURED_PARTY_HISTORY_ID  
)
GO

GRANT  EXECUTE  ON [DBO].[USER_SAVE_GADG_PROPDET_LINK]  TO [TRANSACTORUSERS]
GO

GRANT  EXECUTE  ON [DBO].[USER_SAVE_GADG_PROPDET_LINK]  TO [TRANSACTORPMUSERS]
GO

IF EXISTS (SELECT * FROM DBO.SYSOBJECTS WHERE ID = OBJECT_ID(N'[DBO].[USER_READ_GADG_PROPDET_LINK]') AND OBJECTPROPERTY(ID, N'ISPROCEDURE') = 1)
DROP PROCEDURE [DBO].[USER_READ_GADG_PROPDET_LINK]
GO

CREATE PROCEDURE DBO.USER_READ_GADG_PROPDET_LINK

@GADG_PROPDET_ID CHAR(32),
@HISTORY_ID INT

AS

	SELECT
	[GADG_PROPDET_LINK_ID],
	[HISTORY_ID],
	[POLICY_DETAILS_ID],
	[GADG_PROPDET_ID],
	[INSURED_PARTY_ID],
  [INSURED_PARTY_HISTORY_ID]
FROM
	USER_GADG_PROPDET_LINK
WHERE
	GADG_PROPDET_ID = @GADG_PROPDET_ID
	AND HISTORY_ID = @HISTORY_ID

GO

GRANT  EXECUTE  ON [DBO].[USER_READ_GADG_PROPDET_LINK]  TO [TRANSACTORUSERS]
GO

GRANT  EXECUTE  ON [DBO].[USER_READ_GADG_PROPDET_LINK]  TO [TRANSACTORPMUSERS]
GO

IF EXISTS (SELECT * FROM DBO.SYSOBJECTS WHERE ID = OBJECT_ID(N'[DBO].[USER_UPDATE_GADG_PROPDET_LINK]') AND OBJECTPROPERTY(ID, N'ISPROCEDURE') = 1)
DROP PROCEDURE [DBO].[USER_UPDATE_GADG_PROPDET_LINK]
GO

CREATE PROCEDURE DBO.USER_UPDATE_GADG_PROPDET_LINK

@GADG_PROPDET_LINK_ID CHAR(32),
@HISTORY_ID INT,
@POLICY_DETAILS_ID CHAR(32),
@GADG_PROPDET_ID CHAR(32),
@INSURED_PARTY_ID CHAR(32),
@INSURED_PARTY_HISTORY_ID INT

AS

SET NOCOUNT ON

UPDATE
	USER_GADG_PROPDET_LINK
SET
	GADG_PROPDET_LINK_ID = @GADG_PROPDET_LINK_ID, 
	HISTORY_ID = @HISTORY_ID,
	POLICY_DETAILS_ID = @POLICY_DETAILS_ID,
	GADG_PROPDET_ID = @GADG_PROPDET_ID,
	INSURED_PARTY_ID = @INSURED_PARTY_ID,
	INSURED_PARTY_HISTORY_ID = @INSURED_PARTY_HISTORY_ID
WHERE
	[GADG_PROPDET_LINK_ID] = @GADG_PROPDET_LINK_ID 
	AND [HISTORY_ID] = @HISTORY_ID

GO

GRANT  EXECUTE  ON [dbo].[USER_UPDATE_GADG_PROPDET_LINK]  TO [Transactorusers]
GO

GRANT  EXECUTE  ON [dbo].[USER_UPDATE_GADG_PROPDET_LINK]  TO [Transactorpmusers]
GO


IF EXISTS (SELECT * FROM DBO.SYSOBJECTS WHERE ID = OBJECT_ID(N'[DBO].[USER_DELETE_GADG_PROPDET_LINK]') AND OBJECTPROPERTY(ID, N'ISPROCEDURE') = 1)
DROP PROCEDURE [DBO].[USER_DELETE_GADG_PROPDET_LINK]
GO

CREATE PROCEDURE DBO.USER_DELETE_GADG_PROPDET_LINK

@GADG_PROPDET_LINK_ID CHAR(32),
@HISTORY_ID INT

AS

SET NOCOUNT ON

DELETE
USER_GADG_PROPDET_LINK
WHERE
GADG_PROPDET_LINK_ID = @GADG_PROPDET_LINK_ID
AND HISTORY_ID = @HISTORY_ID

GO

GRANT  EXECUTE  ON [dbo].[USER_DELETE_GADG_PROPDET_LINK]  TO [Transactorusers]
GO

GRANT  EXECUTE  ON [dbo].[USER_DELETE_GADG_PROPDET_LINK]  TO [Transactorpmusers]
GO
			
IF EXISTS (SELECT * FROM DBO.SYSOBJECTS WHERE ID = OBJECT_ID(N'[DBO].[USER_DELETE_GADG_LINK]') AND OBJECTPROPERTY(ID, N'ISPROCEDURE') = 1)
DROP PROCEDURE [DBO].[USER_DELETE_GADG_LINK]
GO

SET QUOTED_IDENTIFIER OFF 
GO
SET ANSI_NULLS ON 
GO

CREATE PROCEDURE DBO.USER_DELETE_GADG_LINK

@POLICY_DETAILS_ID CHAR(32),
@HISTORY_ID INT

AS


DELETE USER_GADG_PROPDET_LINK WHERE (POLICY_DETAILS_ID = @POLICY_DETAILS_ID AND HISTORY_ID = @HISTORY_ID)
	
		
GO
SET QUOTED_IDENTIFIER OFF 
GO
SET ANSI_NULLS ON 
GO

GRANT  EXECUTE  ON [DBO].[USER_DELETE_GADG_LINK]  TO [TRANSACTORUSERS]
GO

GRANT  EXECUTE  ON [DBO].[USER_DELETE_GADG_LINK]  TO [TRANSACTORPMUSERS]
GO	
	
DELETE FROM SYSTEM_QUESTIONS WHERE PARENTID = 'UO_GADG_GDLE'
DELETE FROM SYSTEM_OBJECTS WHERE ID = 'UO_GADG_GDLE'
      
IF NOT EXISTS (SELECT ID FROM SYSTEM_OBJECTS WHERE ID = 'UO_GADG_GDLE')
INSERT INTO SYSTEM_OBJECTS (ID,DESCRIPTION,PARENTID,INSTANCE,OBJECT_ID,PRODUCTTYPE) VALUES ('UO_GADG_GDLE', 'Gadget and Leisure Cover Details (Gadget and Leisure Equipment)','Policy_Details','s',NULL,'212')
        IF NOT EXISTS (SELECT ID FROM SYSTEM_QUESTIONS WHERE ID = 'UQ_GADG_GDLE_Accident')
INSERT INTO SYSTEM_QUESTIONS (ID,DESCRIPTION,PARENTID,EXCLUSIONS,TYPE,TESTDEFAULT,VARIABLETYPE,TABLENAME) VALUES ('UQ_GADG_GDLE_Accident','','UO_GADG_GDLE',NULL,'b',NULL,NULL,NULL)
IF NOT EXISTS (SELECT ID FROM SYSTEM_QUESTIONS WHERE ID = 'UQ_GADG_GDLE_Euro')
INSERT INTO SYSTEM_QUESTIONS (ID,DESCRIPTION,PARENTID,EXCLUSIONS,TYPE,TESTDEFAULT,VARIABLETYPE,TABLENAME) VALUES ('UQ_GADG_GDLE_Euro','chkEuro','UO_GADG_GDLE',NULL,'b',NULL,NULL,NULL)
IF NOT EXISTS (SELECT ID FROM SYSTEM_QUESTIONS WHERE ID = 'UQ_GADG_GDLE_VisitingFamily')
	
INSERT INTO SYSTEM_QUESTIONS (ID,DESCRIPTION,PARENTID,EXCLUSIONS,TYPE,TESTDEFAULT,VARIABLETYPE,TABLENAME) VALUES ('UQ_GADG_GDLE_VisitingFamily','cboVisitingFamily','UO_GADG_GDLE',NULL,'t',NULL,NULL, 'LIST_GADG_VISIT_SI')
		IF NOT EXISTS (SELECT ID FROM SYSTEM_QUESTIONS WHERE ID = 'UQ_GADG_GDLE_Gadget')
	
INSERT INTO SYSTEM_QUESTIONS (ID,DESCRIPTION,PARENTID,EXCLUSIONS,TYPE,TESTDEFAULT,VARIABLETYPE,TABLENAME) VALUES ('UQ_GADG_GDLE_Gadget','cboGadget','UO_GADG_GDLE',NULL,'t',NULL,NULL, 'LIST_GADG_GADG_SI')
		IF NOT EXISTS (SELECT ID FROM SYSTEM_QUESTIONS WHERE ID = 'UQ_GADG_GDLE_Leisure')
	
INSERT INTO SYSTEM_QUESTIONS (ID,DESCRIPTION,PARENTID,EXCLUSIONS,TYPE,TESTDEFAULT,VARIABLETYPE,TABLENAME) VALUES ('UQ_GADG_GDLE_Leisure','cboLeisure','UO_GADG_GDLE',NULL,'t',NULL,NULL, 'LIST_GADG_LEQUIP_SI')
		IF NOT EXISTS (SELECT ID FROM SYSTEM_QUESTIONS WHERE ID = 'UQ_GADG_GDLE_Product')
	
INSERT INTO SYSTEM_QUESTIONS (ID,DESCRIPTION,PARENTID,EXCLUSIONS,TYPE,TESTDEFAULT,VARIABLETYPE,TABLENAME) VALUES ('UQ_GADG_GDLE_Product','cboProduct','UO_GADG_GDLE',NULL,'t',NULL,NULL, 'LIST_GADG_PRODUCT_TYPE')
		
DELETE FROM SYSTEM_QUESTIONS WHERE PARENTID = 'UO_GADG_PROPDET'
DELETE FROM SYSTEM_OBJECTS WHERE ID = 'UO_GADG_PROPDET'
      
IF NOT EXISTS (SELECT ID FROM SYSTEM_OBJECTS WHERE ID = 'UO_GADG_PROPDET')
INSERT INTO SYSTEM_OBJECTS (ID,DESCRIPTION,PARENTID,INSTANCE,OBJECT_ID,PRODUCTTYPE) VALUES ('UO_GADG_PROPDET', 'Proposer Details (Gadget and Leisure Equipment)','Policy_Details','m',NULL,'212')
        IF NOT EXISTS (SELECT ID FROM SYSTEM_QUESTIONS WHERE ID = 'UQ_GADG_PROPDET_EmpStat')
	
INSERT INTO SYSTEM_QUESTIONS (ID,DESCRIPTION,PARENTID,EXCLUSIONS,TYPE,TESTDEFAULT,VARIABLETYPE,TABLENAME) VALUES ('UQ_GADG_PROPDET_EmpStat','cboEmpStat','UO_GADG_PROPDET',NULL,'t',NULL,NULL, 'LIST_EMPLOYMENT_STATUS')
		IF NOT EXISTS (SELECT ID FROM SYSTEM_QUESTIONS WHERE ID = 'UQ_GADG_PROPDET_EmpBus')
	
INSERT INTO SYSTEM_QUESTIONS (ID,DESCRIPTION,PARENTID,EXCLUSIONS,TYPE,TESTDEFAULT,VARIABLETYPE,TABLENAME) VALUES ('UQ_GADG_PROPDET_EmpBus','cboEmpBus','UO_GADG_PROPDET',NULL,'t',NULL,NULL, 'LIST_EMPLOYERS_BUS')
		IF NOT EXISTS (SELECT ID FROM SYSTEM_QUESTIONS WHERE ID = 'UQ_GADG_PROPDET_Occupation')
	
INSERT INTO SYSTEM_QUESTIONS (ID,DESCRIPTION,PARENTID,EXCLUSIONS,TYPE,TESTDEFAULT,VARIABLETYPE,TABLENAME) VALUES ('UQ_GADG_PROPDET_Occupation','cboOccupation','UO_GADG_PROPDET',NULL,'t',NULL,NULL, 'LIST_OCCUPATION')
		IF NOT EXISTS (SELECT ID FROM SYSTEM_QUESTIONS WHERE ID = 'UQ_GADG_PROPDET_DOB')
INSERT INTO SYSTEM_QUESTIONS (ID,DESCRIPTION,PARENTID,EXCLUSIONS,TYPE,TESTDEFAULT,VARIABLETYPE,TABLENAME) VALUES ('UQ_GADG_PROPDET_DOB','mskDOB','UO_GADG_PROPDET',NULL,'d',NULL,NULL,NULL)

IF NOT EXISTS (SELECT ID FROM SYSTEM_QUESTIONS WHERE ID = 'UQ_GADG_PROPDET_Surname')
 
INSERT INTO SYSTEM_QUESTIONS (ID,DESCRIPTION,PARENTID,EXCLUSIONS,TYPE,TESTDEFAULT,VARIABLETYPE,TABLENAME) VALUES ('UQ_GADG_PROPDET_Surname','txtSurname','UO_GADG_PROPDET',NULL,'t',NULL,NULL,NULL)	

IF NOT EXISTS (SELECT ID FROM SYSTEM_QUESTIONS WHERE ID = 'UQ_GADG_PROPDET_Initial')
 
INSERT INTO SYSTEM_QUESTIONS (ID,DESCRIPTION,PARENTID,EXCLUSIONS,TYPE,TESTDEFAULT,VARIABLETYPE,TABLENAME) VALUES ('UQ_GADG_PROPDET_Initial','txtInitial','UO_GADG_PROPDET',NULL,'t',NULL,NULL,NULL)	

IF NOT EXISTS (SELECT ID FROM SYSTEM_QUESTIONS WHERE ID = 'UQ_GADG_PROPDET_Forename')
 
INSERT INTO SYSTEM_QUESTIONS (ID,DESCRIPTION,PARENTID,EXCLUSIONS,TYPE,TESTDEFAULT,VARIABLETYPE,TABLENAME) VALUES ('UQ_GADG_PROPDET_Forename','txtForename','UO_GADG_PROPDET',NULL,'t',NULL,NULL,NULL)	
IF NOT EXISTS (SELECT ID FROM SYSTEM_QUESTIONS WHERE ID = 'UQ_GADG_PROPDET_Title')
	
INSERT INTO SYSTEM_QUESTIONS (ID,DESCRIPTION,PARENTID,EXCLUSIONS,TYPE,TESTDEFAULT,VARIABLETYPE,TABLENAME) VALUES ('UQ_GADG_PROPDET_Title','cboTitle','UO_GADG_PROPDET',NULL,'t',NULL,NULL, 'LIST_TITLE')
		
DELETE FROM SYSTEM_QUESTIONS WHERE PARENTID = 'UO_GADG_General'
DELETE FROM SYSTEM_OBJECTS WHERE ID = 'UO_GADG_General'
      
IF NOT EXISTS (SELECT ID FROM SYSTEM_OBJECTS WHERE ID = 'UO_GADG_General')
INSERT INTO SYSTEM_OBJECTS (ID,DESCRIPTION,PARENTID,INSTANCE,OBJECT_ID,PRODUCTTYPE) VALUES ('UO_GADG_General', 'General Questions (Gadget and Leisure Equipment)','Policy_Details','s',NULL,'212')
        
IF NOT EXISTS (SELECT ID FROM SYSTEM_QUESTIONS WHERE ID = 'UQ_GADG_General_Details')
 
INSERT INTO SYSTEM_QUESTIONS (ID,DESCRIPTION,PARENTID,EXCLUSIONS,TYPE,TESTDEFAULT,VARIABLETYPE,TABLENAME) VALUES ('UQ_GADG_General_Details','Details','UO_GADG_General',NULL,'t',NULL,NULL,NULL)	
IF NOT EXISTS (SELECT ID FROM SYSTEM_QUESTIONS WHERE ID = 'UQ_GADG_General_Requested')
INSERT INTO SYSTEM_QUESTIONS (ID,DESCRIPTION,PARENTID,EXCLUSIONS,TYPE,TESTDEFAULT,VARIABLETYPE,TABLENAME) VALUES ('UQ_GADG_General_Requested','Requested','UO_GADG_General',NULL,'b',NULL,NULL,NULL)
IF NOT EXISTS (SELECT ID FROM SYSTEM_QUESTIONS WHERE ID = 'UQ_GADG_General_Convicted')
INSERT INTO SYSTEM_QUESTIONS (ID,DESCRIPTION,PARENTID,EXCLUSIONS,TYPE,TESTDEFAULT,VARIABLETYPE,TABLENAME) VALUES ('UQ_GADG_General_Convicted','Convicted','UO_GADG_General',NULL,'b',NULL,NULL,NULL)
IF NOT EXISTS (SELECT ID FROM SYSTEM_QUESTIONS WHERE ID = 'UQ_GADG_General_Refused')
INSERT INTO SYSTEM_QUESTIONS (ID,DESCRIPTION,PARENTID,EXCLUSIONS,TYPE,TESTDEFAULT,VARIABLETYPE,TABLENAME) VALUES ('UQ_GADG_General_Refused','Refused','UO_GADG_General',NULL,'b',NULL,NULL,NULL)

--User Clone/Copy
					
	
IF EXISTS (SELECT * FROM DBO.SYSOBJECTS WHERE ID = OBJECT_ID(N'[DBO].[USER_CLONE_GADG]') AND OBJECTPROPERTY(ID, N'ISPROCEDURE') = 1)
DROP PROCEDURE [DBO].[USER_CLONE_GADG]
GO

SET QUOTED_IDENTIFIER OFF 
GO
SET ANSI_NULLS ON 
GO

CREATE PROCEDURE DBO.USER_CLONE_GADG

@POLICY_DETAILS_ID CHAR(32),
@HISTORY_ID INT,
@NEWHISTORY_ID INT

AS


INSERT USER_GADG_GDLE         
(
	GADG_GDLE_ID,     
	HISTORY_ID,
	POLICY_DETAILS_ID,
	[ACCIDENT],
	[EURO],
	[VISITINGFAMILY_ID],
	[GADGET_ID],
	[LEISURE_ID],
	[PRODUCT_ID],
	[USERINSTANCE]
)
SELECT	[GADG_GDLE_ID],
	@NEWHISTORY_ID,
	[POLICY_DETAILS_ID],
	[ACCIDENT],
	[EURO],
	[VISITINGFAMILY_ID],
	[GADGET_ID],
	[LEISURE_ID],
	[PRODUCT_ID],
	[USERINSTANCE]
FROM USER_GADG_GDLE WHERE (POLICY_DETAILS_ID = @POLICY_DETAILS_ID AND HISTORY_ID = @HISTORY_ID)
			
INSERT USER_GADG_PROPDET         
(
	GADG_PROPDET_ID,     
	HISTORY_ID,
	POLICY_DETAILS_ID,
	[EMPSTAT_ID],
	[EMPBUS_ID],
	[OCCUPATION_ID],
	[DOB],
				
	[SURNAME],
				
	[INITIAL],
				
	[FORENAME],
	[TITLE_ID],
	[USERINSTANCE]
)
SELECT	[GADG_PROPDET_ID],
	@NEWHISTORY_ID,
	[POLICY_DETAILS_ID],
	[EMPSTAT_ID],
	[EMPBUS_ID],
	[OCCUPATION_ID],
	[DOB],
				
	[SURNAME],
				
	[INITIAL],
				
	[FORENAME],
	[TITLE_ID],
	[USERINSTANCE]
FROM USER_GADG_PROPDET WHERE (POLICY_DETAILS_ID = @POLICY_DETAILS_ID AND HISTORY_ID = @HISTORY_ID)
			
INSERT USER_GADG_General         
(
	GADG_General_ID,     
	HISTORY_ID,
	POLICY_DETAILS_ID,
				
	[DETAILS],
	[REQUESTED],
	[CONVICTED],
	[REFUSED],
	[USERINSTANCE]
)
SELECT	[GADG_General_ID],
	@NEWHISTORY_ID,
	[POLICY_DETAILS_ID],
				
	[DETAILS],
	[REQUESTED],
	[CONVICTED],
	[REFUSED],
	[USERINSTANCE]
FROM USER_GADG_General WHERE (POLICY_DETAILS_ID = @POLICY_DETAILS_ID AND HISTORY_ID = @HISTORY_ID)
			
				
INSERT USER_GADG_PROPDET_LINK 
SELECT	[GADG_PROPDET_LINK_ID],
	@NEWHISTORY_ID,
	[POLICY_DETAILS_ID],
	[GADG_PROPDET_ID],
	[INSURED_PARTY_ID],
	[INSURED_PARTY_HISTORY_ID]  
FROM USER_GADG_PROPDET_LINK WHERE (POLICY_DETAILS_ID = @POLICY_DETAILS_ID AND HISTORY_ID = @HISTORY_ID)		
		

GO
SET QUOTED_IDENTIFIER OFF 
GO
SET ANSI_NULLS ON 
GO

GRANT  EXECUTE  ON [DBO].[USER_CLONE_GADG]  TO [TRANSACTORUSERS]
GO

GRANT  EXECUTE  ON [DBO].[USER_CLONE_GADG]  TO [TRANSACTORPMUSERS]
GO  

		
IF EXISTS (SELECT * FROM DBO.SYSOBJECTS WHERE ID = OBJECT_ID(N'[DBO].[USER_COPY_GADG]') AND OBJECTPROPERTY(ID, N'ISPROCEDURE') = 1)
DROP PROCEDURE [DBO].[USER_COPY_GADG]
GO

SET QUOTED_IDENTIFIER OFF 
GO
SET ANSI_NULLS ON 
GO

CREATE PROCEDURE DBO.USER_COPY_GADG

@POLICY_DETAILS_ID CHAR(32),
@HISTORY_ID INT,
@NEW_POLICY_DETAILS_ID CHAR(32),
@NEW_HISTORY_ID INT

AS

DECLARE @NEW_ID char(32)

--No parent, no child.				
INSERT USER_GADG_GDLE                 
(
	GADG_GDLE_ID,     
	HISTORY_ID,
	POLICY_DETAILS_ID,
	[ACCIDENT],
	[EURO],
	[VISITINGFAMILY_ID],
	[GADGET_ID],
	[LEISURE_ID],
	[PRODUCT_ID],
	[USERINSTANCE]
)                                
SELECT	Replace(NewID(), '-', ''),
	@NEW_HISTORY_ID,
	@NEW_POLICY_DETAILS_ID,
	[ACCIDENT],
	[EURO],
	[VISITINGFAMILY_ID],
	[GADGET_ID],
	[LEISURE_ID],
	[PRODUCT_ID],
	[USERINSTANCE]
FROM USER_GADG_GDLE WHERE (POLICY_DETAILS_ID = @POLICY_DETAILS_ID AND HISTORY_ID = @HISTORY_ID)						
							
--No parent, no child.				
INSERT USER_GADG_PROPDET                 
(
	GADG_PROPDET_ID,     
	HISTORY_ID,
	POLICY_DETAILS_ID,
	[EMPSTAT_ID],
	[EMPBUS_ID],
	[OCCUPATION_ID],
	[DOB],
				
	[SURNAME],
				
	[INITIAL],
				
	[FORENAME],
	[TITLE_ID],
	[USERINSTANCE]
)                                
SELECT	Replace(NewID(), '-', ''),
	@NEW_HISTORY_ID,
	@NEW_POLICY_DETAILS_ID,
	[EMPSTAT_ID],
	[EMPBUS_ID],
	[OCCUPATION_ID],
	[DOB],
				
	[SURNAME],
				
	[INITIAL],
				
	[FORENAME],
	[TITLE_ID],
	[USERINSTANCE]
FROM USER_GADG_PROPDET WHERE (POLICY_DETAILS_ID = @POLICY_DETAILS_ID AND HISTORY_ID = @HISTORY_ID)						
							
--No parent, no child.				
INSERT USER_GADG_General                 
(
	GADG_General_ID,     
	HISTORY_ID,
	POLICY_DETAILS_ID,
				
	[DETAILS],
	[REQUESTED],
	[CONVICTED],
	[REFUSED],
	[USERINSTANCE]
)                                
SELECT	Replace(NewID(), '-', ''),
	@NEW_HISTORY_ID,
	@NEW_POLICY_DETAILS_ID,
				
	[DETAILS],
	[REQUESTED],
	[CONVICTED],
	[REFUSED],
	[USERINSTANCE]
FROM USER_GADG_General WHERE (POLICY_DETAILS_ID = @POLICY_DETAILS_ID AND HISTORY_ID = @HISTORY_ID)						
							


GO
SET QUOTED_IDENTIFIER OFF 
GO
SET ANSI_NULLS ON 
GO

GRANT  EXECUTE  ON [DBO].[USER_COPY_GADG]  TO [TRANSACTORUSERS]
GO

GRANT  EXECUTE  ON [DBO].[USER_COPY_GADG]  TO [TRANSACTORPMUSERS]
GO  
					
--SumInsured
		
DELETE System_Claim_Liability_Fields WHERE ProductType_ID = '212'
		
--Historical Claims
		